# Blender 5.1.1
# www.blender.org
mtllib Cottage_FREE.mtl
o Cottage_Free
v -5.413955 0.434012 6.744514
v -5.413955 0.434012 4.442821
v -5.413955 3.810278 4.442822
v -2.335922 3.810278 4.442822
v -5.413955 0.434178 6.744514
v -5.413955 0.434178 4.442821
v 5.782724 0.434012 4.442821
v 5.782724 3.810278 4.442822
v 5.782724 0.434014 -6.061543
v 5.782724 3.810280 -3.730788
v 5.782724 0.434180 -3.730789
v 5.782724 0.434178 4.442821
v -6.026977 3.800792 5.055842
v 6.395745 3.800792 5.055842
v 6.395745 6.006957 0.356017
v 6.395745 3.800793 -4.343809
v -6.026977 3.800793 -4.343809
v -0.606749 3.800792 5.055842
v -6.026977 6.006957 0.356017
v -6.026977 3.203769 7.381159
v -0.606749 3.203769 7.381159
v 6.395745 3.521453 -3.730789
v 6.395745 2.755229 -6.561449
v -6.026977 2.755229 -6.561449
v -6.026977 3.521453 -3.730789
v -0.606749 3.521297 5.055841
v -6.026977 3.521298 -4.343809
v -6.026977 2.924274 7.381159
v -0.606749 2.924274 7.381159
v 6.395745 3.265283 -3.730789
v 6.395745 2.499058 -6.561449
v -6.026977 2.499058 -6.561449
v -6.026977 3.265283 -3.730789
v 6.395745 3.521298 -4.343809
v -5.413956 5.727462 0.356017
v -6.026977 5.727462 0.356017
v -6.026977 3.521297 5.055841
v 5.782724 5.727462 0.356017
v 6.395745 3.521297 5.055841
v 6.395745 5.727462 0.356017
v -5.413955 3.810280 -3.730788
v -5.413955 3.087732 6.744514
v -2.335922 3.087732 6.744514
v -2.335922 3.521297 5.055841
v -5.413955 3.521297 5.055841
v -2.335922 0.434178 6.744514
v -2.335922 0.434178 4.442821
v -0.517705 0.114335 6.744514
v -0.517705 0.244682 6.744514
v -0.517705 0.114335 4.442821
v -0.517705 0.244683 4.442821
v -0.218664 0.414444 6.744514
v -0.218664 0.114335 6.744514
v -0.218664 0.414444 4.442821
v -0.218664 0.114335 4.442821
v -0.816746 0.434178 6.744514
v -0.816746 0.434178 4.508744
v -0.816746 0.244682 6.744514
v -0.816746 0.350592 4.508744
v -5.413956 0.434179 -3.730789
v -5.413956 0.434014 -6.061543
v -5.413956 0.434180 -6.061543
v 5.782725 0.434180 -6.061543
v -1.462339 0.434180 -6.061543
v -1.462339 0.434014 -6.061543
v -1.462339 0.434180 -6.371902
v 1.831107 0.434014 -6.061543
v 1.831107 0.434180 -6.061543
v 1.831107 0.258340 -6.371902
v 1.831107 0.434180 -6.371902
v -1.462339 0.258341 -6.667828
v 1.831107 0.258341 -6.667828
v -1.462339 0.258340 -6.371902
v -1.462339 0.096720 -6.667828
v 1.831107 0.096720 -6.667828
v -1.462339 0.096720 -6.974139
v 1.831107 0.096720 -6.974139
v -1.462339 0.434014 -6.974139
v 1.831107 0.434014 -6.974139
v 3.328843 1.226217 4.442821
v 4.577520 1.226217 4.442821
v 3.328843 2.666882 4.442821
v 4.577520 2.666882 4.442821
v 1.453811 1.226217 4.442821
v 2.702488 1.226217 4.442821
v 1.453811 2.666882 4.442821
v 2.702488 2.666882 4.442821
v -1.560594 1.226217 4.442821
v 0.280198 1.226217 4.442821
v -1.560594 2.666882 4.442821
v 0.280198 2.666882 4.442821
v -4.238766 1.226216 6.744514
v -3.371375 1.226216 6.744514
v -4.238766 2.666881 6.744514
v -3.371375 2.666881 6.744514
v -2.335922 0.547976 5.691122
v -2.335922 0.547976 4.892526
v -2.335922 2.290166 5.691122
v -2.335922 2.290166 4.892526
v 5.782723 1.226218 1.026547
v 5.782723 1.226218 -0.222132
v 5.782723 2.666882 1.026547
v 5.782723 2.666882 -0.222132
v 1.000425 0.547978 -3.730789
v 0.201830 0.547978 -3.730789
v 1.000425 2.290168 -3.730789
v 0.201830 2.290168 -3.730789
v 3.961433 1.602158 -3.730789
v 3.162837 1.602158 -3.730789
v 3.961433 2.666883 -3.730789
v 3.162837 2.666883 -3.730789
v -1.386984 1.602158 -3.730789
v -2.185580 1.602158 -3.730789
v -1.386984 2.666883 -3.730789
v -2.185580 2.666883 -3.730789
v 3.328843 1.226217 4.136311
v 4.577520 1.226217 4.136311
v 3.328843 2.666882 4.136311
v 4.577520 2.666882 4.136311
v 1.453811 1.226217 4.136311
v 2.702488 1.226217 4.136311
v 1.453811 2.666882 4.136311
v 2.702488 2.666882 4.136311
v -1.560594 1.226217 4.136311
v 0.280198 1.226217 4.136311
v -1.560594 2.666882 4.136311
v 0.280198 2.666882 4.136311
v -4.238766 1.226216 6.438004
v -3.371375 1.226216 6.438004
v -4.238766 2.666881 6.438004
v -3.371375 2.666881 6.438004
v -2.642432 0.547976 5.691122
v -2.642432 0.547976 4.892526
v -2.642432 2.290166 5.691122
v -2.642432 2.290166 4.892526
v 5.476213 1.226218 1.026547
v 5.476213 1.226218 -0.222132
v 5.476213 2.666882 1.026547
v 5.476213 2.666882 -0.222132
v 1.000425 0.547977 -3.424279
v 0.201830 0.547977 -3.424279
v 1.000425 2.290168 -3.424278
v 0.201830 2.290168 -3.424278
v 3.961433 1.602158 -3.424278
v 3.162837 1.602158 -3.424278
v 3.961433 2.666883 -3.424278
v 3.162837 2.666883 -3.424278
v -1.386984 1.602158 -3.424278
v -2.185580 1.602158 -3.424278
v -1.386984 2.666883 -3.424278
v -2.185580 2.666883 -3.424278
v -1.470776 2.596706 4.340651
v -1.470776 1.296392 4.340651
v -0.708564 1.296392 4.340651
v -0.708564 2.596706 4.340651
v -1.560594 2.666882 4.369836
v -1.560594 1.226217 4.369836
v -1.470776 2.596706 4.369836
v -1.470776 1.296392 4.369836
v -0.635714 2.666882 4.369836
v -0.708564 2.596706 4.369836
v -0.708564 1.296392 4.369836
v -0.635714 1.226217 4.369836
v -0.566870 1.296392 4.361845
v -0.566870 2.596706 4.361845
v -0.566870 1.296392 4.386576
v -0.635714 2.666882 4.386576
v -0.635714 1.226217 4.386576
v -0.566870 2.596706 4.386576
v 0.202399 1.296392 4.361845
v 0.202399 2.596706 4.361845
v 0.202399 1.296392 4.386576
v 0.202399 2.596706 4.386576
v 0.280199 2.666882 4.386576
v 0.280199 1.226217 4.386576
v -4.169923 1.296391 6.621910
v -4.169923 2.596706 6.621910
v -4.169923 1.296391 6.646642
v -4.238766 2.666881 6.646642
v -4.238766 1.226216 6.646642
v -4.169923 2.596706 6.646642
v -3.449175 1.296391 6.621910
v -3.449175 2.596706 6.621910
v -3.449175 1.296391 6.646642
v -3.449175 2.596706 6.646642
v -3.371374 2.666881 6.646642
v -3.371374 1.226216 6.646642
v -2.435384 1.322963 4.973510
v -2.435384 1.322963 5.610137
v -2.458526 1.322963 4.973510
v -2.458526 1.322963 5.610137
v -2.458526 0.628605 5.610137
v -2.458526 2.209537 5.610137
v -2.458526 2.209537 4.973510
v -2.417658 0.628605 5.610137
v -2.417658 2.209537 5.610137
v -2.417658 0.628605 4.973510
v -2.417658 2.209537 4.973510
v -2.417658 0.547976 5.691121
v -2.417658 2.290166 5.691122
v -2.417658 0.547976 4.892525
v -2.417658 2.290166 4.892526
v -2.435384 1.261942 5.610137
v -2.435384 1.261942 4.973510
v -2.458526 1.261942 5.610137
v -2.458526 1.261942 4.973510
v -2.458526 0.628605 4.973509
v 0.443670 2.079146 4.438734
v 0.443670 2.232401 4.484294
v 0.443670 2.232401 4.438734
v 1.300555 2.079145 4.438734
v 1.300555 2.232401 4.484294
v 1.300555 2.232401 4.438734
v 0.443670 2.155773 4.484294
v 1.300555 2.155773 4.484294
v 0.443670 2.079146 4.467286
v 1.300555 2.079145 4.467286
v 0.443670 2.155773 4.467286
v 1.300555 2.155773 4.467286
v 2.855744 2.079146 4.438734
v 2.855744 2.232401 4.484294
v 2.855744 2.232401 4.438734
v 3.175587 2.079145 4.438734
v 3.175587 2.232401 4.484294
v 3.175587 2.232401 4.438734
v 2.855744 2.155773 4.484294
v 3.175587 2.155773 4.484294
v 2.855744 2.079146 4.467286
v 3.175587 2.079145 4.467286
v 2.855744 2.155773 4.467286
v 3.175587 2.155773 4.467286
v -2.335923 2.232401 4.438734
v -1.713851 2.079145 4.438734
v -1.713851 2.232401 4.484294
v -1.713851 2.232401 4.438734
v -1.713851 2.155773 4.484294
v -2.307370 2.079146 4.467286
v -1.713851 2.079145 4.467286
v -1.713851 2.155773 4.467286
v -2.335923 2.079145 4.739271
v -2.290362 2.232401 4.739271
v -2.335923 2.232401 4.739271
v -2.335923 2.079145 4.438734
v -2.290362 2.232401 4.484294
v -2.290362 2.155773 4.739271
v -2.290362 2.155773 4.484294
v -2.307370 2.079145 4.739271
v -2.307370 2.155773 4.739271
v -2.307370 2.155773 4.467286
v -2.335923 2.232400 5.844377
v -2.307370 2.079145 5.844377
v -2.290362 2.232400 6.790075
v -2.335923 2.079145 5.844377
v -2.290362 2.232400 5.844377
v -2.290362 2.155773 6.790075
v -2.290362 2.155773 5.844377
v -2.307370 2.079145 6.773067
v -2.307370 2.155773 6.773067
v -2.307370 2.155773 5.844377
v -3.218120 2.079145 6.744514
v -3.218120 2.232400 6.790075
v -3.218120 2.232400 6.744514
v -2.335923 2.079145 6.744514
v -2.335923 2.232400 6.744514
v -3.218120 2.155773 6.790075
v -3.218120 2.079145 6.773067
v -3.218120 2.155773 6.773067
v -5.413957 2.232402 -3.730788
v -5.442510 2.079147 -3.759341
v -5.459518 2.232400 6.790075
v -5.459518 2.155773 6.790075
v -5.459518 2.155774 -3.776349
v -5.442510 2.079145 6.773067
v -5.442510 2.155773 6.773067
v -4.392021 2.079145 6.744514
v -4.392021 2.232400 6.790075
v -4.392021 2.232400 6.744514
v -5.413957 2.079145 6.744514
v -5.413957 2.232400 6.744514
v -4.392021 2.155773 6.790075
v -4.392021 2.079145 6.773067
v -4.392021 2.155773 6.773067
v -5.459518 2.232402 -3.776349
v -5.442510 2.155774 -3.759341
v -2.338837 2.079147 -3.730789
v -2.338837 2.232402 -3.776348
v -2.338837 2.232402 -3.730789
v -5.413957 2.079147 -3.730788
v -2.338837 2.155774 -3.776348
v -2.338837 2.079147 -3.759341
v -2.338837 2.155774 -3.759341
v -1.233730 2.079147 -3.726701
v -1.233730 2.232402 -3.772261
v -1.233730 2.232402 -3.726701
v 0.048573 2.079147 -3.726701
v 0.048573 2.232402 -3.772261
v 0.048573 2.232402 -3.726701
v -1.233730 2.155774 -3.772261
v 0.048573 2.155774 -3.772261
v -1.233730 2.079147 -3.755253
v 0.048573 2.079147 -3.755254
v -1.233730 2.155774 -3.755253
v 0.048573 2.155774 -3.755254
v 1.153679 2.079147 -3.726701
v 1.153679 2.232402 -3.772261
v 1.153679 2.232402 -3.726701
v 3.009582 2.079147 -3.726701
v 3.009582 2.232402 -3.772262
v 3.009582 2.232402 -3.726701
v 1.153679 2.155774 -3.772261
v 3.009582 2.155774 -3.772262
v 1.153679 2.079147 -3.755253
v 3.009582 2.079147 -3.755254
v 1.153679 2.155774 -3.755253
v 3.009582 2.155774 -3.755254
v 5.782725 2.232402 -3.730788
v 5.811277 2.079147 -3.759340
v 5.828286 2.232402 -0.375387
v 5.828286 2.155774 -0.375387
v 5.828286 2.155774 -3.776349
v 5.811277 2.079146 -0.375387
v 5.811277 2.155774 -0.375387
v 5.782725 2.079146 -0.375387
v 5.782725 2.232402 -0.375387
v 5.828286 2.232402 -3.776349
v 5.811277 2.155774 -3.759340
v 4.114688 2.079147 -3.730789
v 4.114688 2.232402 -3.776349
v 4.114688 2.232402 -3.730789
v 5.782725 2.079147 -3.730788
v 4.114688 2.155774 -3.776349
v 4.114688 2.079147 -3.759341
v 4.114688 2.155774 -3.759341
v 5.782725 2.232401 4.442821
v 5.811277 2.079146 4.471373
v 5.828286 2.232401 1.179802
v 5.828286 2.155774 1.179802
v 5.828286 2.155773 4.488381
v 5.811277 2.079146 1.179802
v 5.811277 2.155774 1.179802
v 5.782725 2.079146 1.179802
v 5.782725 2.232401 1.179802
v 5.828286 2.232401 4.488381
v 5.811277 2.155773 4.471373
v 4.730776 2.079146 4.442822
v 4.730776 2.232401 4.488381
v 4.730776 2.232401 4.442822
v 5.782725 2.079145 4.442821
v 4.730776 2.155773 4.488381
v 4.730776 2.079146 4.471373
v 4.730776 2.155773 4.471373
v -5.459518 2.155774 1.183946
v -5.442510 2.079146 1.181072
v -5.413957 2.232401 1.176249
v -5.459518 2.232401 1.183946
v -5.442510 2.155774 1.181072
v -5.413957 2.079146 1.176249
v -5.459518 2.155774 -0.464217
v -5.442510 2.079146 -0.464217
v -5.413957 2.232401 -0.464217
v -5.459518 2.232402 -0.464217
v -5.442510 2.155774 -0.464217
v -5.413957 2.079146 -0.464217
v -2.335923 0.350592 4.508744
v -2.335923 0.523823 4.508744
v -2.335923 0.350592 4.442821
v -2.335923 0.523823 4.442821
v 5.847925 0.350592 4.508744
v 5.847925 0.523823 4.508744
v 5.782724 0.350592 4.442821
v 5.782724 0.523823 4.442821
v 5.847925 0.350594 -3.730789
v 5.847925 0.523825 -3.730789
v 5.782725 0.350594 -3.730789
v 5.782725 0.523825 -3.730789
v -5.466360 0.350592 6.810438
v -5.466360 0.523823 6.810438
v -5.413955 0.350592 6.744514
v -5.413955 0.523823 6.744514
v -2.335923 0.350592 6.810438
v -2.335923 0.523823 6.810438
v -2.335923 0.350592 6.744514
v -2.335923 0.523823 6.744514
v -5.466359 0.350594 -3.730788
v -5.466359 0.523825 -3.730788
v -5.413954 0.350594 -3.730788
v -5.413954 0.523825 -3.730788
v -5.466360 0.523824 1.176248
v -5.466360 0.350593 1.176248
v -5.413955 0.523824 1.176248
v -5.413955 0.350593 1.176248
v -5.466360 0.523824 -0.464218
v -5.413955 0.523824 -0.464218
v -5.413955 0.350593 -0.464218
v -5.466360 0.350593 -0.464218
v -1.341104 0.498902 6.744514
v -1.341104 3.181281 6.744515
v -1.341104 0.498902 6.548731
v -1.341104 3.181281 6.548731
v -1.145319 0.498902 6.744514
v -1.145319 3.181281 6.744515
v -1.145319 0.498902 6.548731
v -1.145319 3.181281 6.548731
v -1.124409 1.267133 6.731400
v -0.159916 0.910861 6.731400
v -1.124409 1.267133 6.677020
v -0.159916 0.910861 6.677018
v -1.131736 1.247654 6.731400
v -0.167245 0.891382 6.731400
v -1.131736 1.247654 6.677020
v -0.167245 0.891382 6.677018
v -1.088870 0.694964 6.713595
v -0.183418 0.346190 6.713595
v -1.088870 0.694964 6.694823
v -0.183418 0.346190 6.694822
v -1.103438 0.657145 6.713595
v -0.197986 0.308371 6.713595
v -1.103438 0.657145 6.694823
v -0.197986 0.308371 6.694822
v -2.321482 1.266101 6.731400
v -1.351180 1.266101 6.731400
v -2.321482 1.266101 6.677020
v -1.351180 1.266101 6.677019
v -2.321482 1.245289 6.731400
v -1.351180 1.245289 6.731400
v -2.321482 1.245289 6.677020
v -1.351180 1.245289 6.677019
v -0.218222 0.173451 6.724473
v -0.218222 0.919838 6.724473
v -0.218222 0.173451 6.683945
v -0.218222 0.919838 6.683945
v -0.177694 0.173451 6.724473
v -0.177694 0.902934 6.724473
v -0.177694 0.173451 6.683945
v -0.177694 0.902934 6.683945
v -1.118129 0.498902 6.724473
v -1.118129 1.245289 6.724473
v -1.118129 0.498902 6.683945
v -1.118129 1.245289 6.683946
v -1.077602 0.498902 6.724473
v -1.077602 1.245289 6.724473
v -1.077602 0.498902 6.683945
v -1.077602 1.245289 6.683946
v -0.663849 0.303798 6.724473
v -0.663849 1.079164 6.724473
v -0.663849 0.303798 6.683945
v -0.663849 1.079164 6.683946
v -0.623322 0.303798 6.724473
v -0.623322 1.064675 6.724473
v -0.623322 0.303798 6.683945
v -0.623322 1.064675 6.683946
v -1.341104 1.377521 6.744515
v -1.341104 1.513361 6.744515
v -1.341104 1.377521 6.548731
v -1.341104 1.513361 6.548731
v -1.145319 1.377521 6.744515
v -1.145319 1.513361 6.744515
v -1.145319 1.377521 6.548731
v -1.145319 1.513361 6.548731
v -1.364282 1.379335 6.525553
v -1.364282 1.379335 6.767694
v -1.371112 1.513361 6.774524
v -1.371112 1.513361 6.518723
v -1.115311 1.513361 6.518723
v -1.115311 1.513361 6.774524
v -1.371112 1.445441 6.774524
v -1.371112 1.445441 6.518723
v -1.115311 1.445441 6.518723
v -1.115311 1.445441 6.774524
v -1.364282 1.443627 6.525553
v -1.122141 1.379335 6.525553
v -1.122141 1.443627 6.525553
v -1.122141 1.379335 6.767693
v -1.122141 1.443627 6.767693
v -1.364282 1.443627 6.767693
v -1.560596 1.226217 4.493906
v -1.560596 2.666882 4.493906
v -1.560596 1.226217 4.438735
v -1.560596 2.666882 4.438735
v -1.713851 1.072962 4.493906
v -1.713851 2.820137 4.493906
v -1.713851 1.072962 4.438735
v -1.713851 2.820137 4.438735
v 0.280198 1.226217 4.493906
v 0.280198 1.226217 4.438735
v 0.443670 1.072962 4.493906
v 0.443670 1.072962 4.438735
v 0.280198 2.666882 4.493906
v 0.280198 2.666882 4.438735
v 0.443670 2.820137 4.493906
v 0.443670 2.820137 4.438735
v -4.238766 1.226216 6.795600
v -4.238766 2.666881 6.795600
v -4.238766 1.226216 6.740428
v -4.238766 2.666881 6.740428
v -4.392021 1.072961 6.795600
v -4.392021 2.820136 6.795600
v -4.392021 1.072961 6.740428
v -4.392021 2.820136 6.740428
v -3.371376 1.226216 6.795600
v -3.371376 1.226216 6.740428
v -3.218120 1.072961 6.795600
v -3.218120 1.072961 6.740428
v -3.371376 2.666881 6.795600
v -3.371376 2.666881 6.740428
v -3.218120 2.820136 6.795600
v -3.218120 2.820136 6.740428
v -2.284837 0.547976 5.691122
v -2.284837 2.290166 5.691122
v -2.340009 0.547976 5.691122
v -2.340009 2.290166 5.691122
v -2.284837 0.498902 5.844377
v -2.284837 2.443421 5.844377
v -2.340009 0.498902 5.844377
v -2.340009 2.443421 5.844377
v -2.284837 0.547976 4.892526
v -2.340009 0.547976 4.892526
v -2.284837 0.498902 4.739271
v -2.340009 0.498902 4.739271
v -2.284837 2.290166 4.892527
v -2.340009 2.290166 4.892527
v -2.284837 2.443422 4.739271
v -2.340009 2.443422 4.739271
v -2.417657 1.518192 5.640111
v -2.417657 1.512546 5.668502
v -2.396645 1.486568 5.674983
v -2.396645 1.465527 5.670799
v -2.417657 1.488479 5.684586
v -2.396645 1.453607 5.652962
v -2.417657 1.460088 5.678939
v -2.396645 1.457791 5.631921
v -2.417657 1.444005 5.654873
v -2.396645 1.504405 5.663063
v -2.396645 1.475628 5.620001
v -2.396630 1.471043 5.640774
v -2.396630 1.492806 5.645163
v -2.417657 1.449651 5.626482
v -2.370122 1.479666 5.636340
v -2.396630 1.487730 5.637566
v -2.396645 1.496670 5.624185
v -2.417657 1.473718 5.610398
v -2.417657 1.502109 5.616044
v -2.396645 1.508589 5.642021
v -2.366698 1.474996 5.641175
v -2.360654 1.473901 5.649711
v -2.396630 1.469237 5.649852
v -2.366363 1.472396 5.511351
v -2.354919 1.480347 5.511350
v -2.356032 1.474533 5.511351
v -2.396630 1.491024 5.654123
v -2.396630 1.478769 5.635784
v -2.396630 1.483458 5.659352
v -2.354328 1.482530 5.658645
v -2.396630 1.474380 5.657548
v -2.355531 1.477022 5.656948
v -2.368920 1.485175 5.638038
v -2.363796 1.488296 5.645273
v -2.368418 1.483139 5.511350
v -2.358087 1.485276 5.511350
v -2.360771 1.471239 5.511351
v -2.357751 1.487201 5.653809
v -2.369530 1.477325 5.511351
v -2.363679 1.486432 5.511350
v -2.415821 1.329452 5.678194
v -2.415821 1.384508 5.678194
v -2.408642 1.331054 5.628504
v -2.415821 1.403242 5.632966
v -2.408642 1.396412 5.637530
v -2.415821 1.407637 5.643579
v -2.408642 1.399581 5.645181
v -2.415821 1.407637 5.655064
v -2.408642 1.399581 5.653462
v -2.408642 1.396412 5.661112
v -2.415821 1.403242 5.665677
v -2.408642 1.382905 5.670137
v -2.415821 1.329451 5.620449
v -2.415821 1.310718 5.632966
v -2.408642 1.317548 5.637530
v -2.415821 1.306322 5.643579
v -2.415821 1.306322 5.655064
v -2.408642 1.314379 5.653462
v -2.335922 0.498902 6.744514
v -2.415821 1.310717 5.665677
v -2.408642 1.317548 5.661112
v -2.408642 1.331054 5.670137
v -2.415821 1.384508 5.620449
v -2.408642 1.314379 5.645181
v -2.408642 1.382905 5.628506
v -5.084622 3.089198 7.552023
v -5.070105 3.089120 7.516972
v -5.084623 3.089043 7.481922
v -5.119671 3.089010 7.467404
v -5.154721 3.089043 7.481922
v -5.169240 3.089120 7.516972
v -5.154721 3.089198 7.552023
v -5.119671 3.089231 7.566540
v -5.084622 2.930018 7.550706
v -5.070105 2.938544 7.516972
v -5.084622 2.947070 7.483236
v -5.119671 2.950602 7.469263
v -5.154721 2.947070 7.483236
v -5.169240 2.938544 7.516972
v -5.154721 2.930018 7.550706
v -5.119671 2.926486 7.564680
v -5.084622 2.868831 7.511580
v -5.070104 2.888896 7.484605
v -5.084622 2.908960 7.457634
v -5.119672 2.917270 7.446459
v -5.154721 2.908960 7.457634
v -5.169241 2.888896 7.484606
v -5.154721 2.868831 7.511580
v -5.119671 2.860519 7.522752
v -5.084623 2.665492 6.964831
v -5.070104 2.686162 6.938431
v -5.084622 2.706831 6.912031
v -5.119671 2.715392 6.901096
v -5.154721 2.706831 6.912032
v -5.169241 2.686162 6.938431
v -5.154721 2.665492 6.964831
v -5.119671 2.656931 6.975765
v -5.084622 2.632843 6.941032
v -5.070104 2.641495 6.907338
v -5.084622 2.650146 6.873642
v -5.119671 2.653730 6.859687
v -5.154721 2.650146 6.873643
v -5.169240 2.641495 6.907337
v -5.154721 2.632843 6.941032
v -5.119671 2.629259 6.954990
v -5.084622 0.415186 6.942293
v -5.070104 0.412897 6.907334
v -5.084622 0.410608 6.872378
v -5.119672 0.409661 6.857900
v -5.154721 0.410608 6.872378
v -5.169240 0.412897 6.907335
v -5.154721 0.415186 6.942293
v -5.119671 0.416133 6.956773
v -5.084622 0.297199 6.948269
v -5.070104 0.283228 6.916875
v -5.084622 0.269257 6.885481
v -5.119671 0.263469 6.872478
v -5.154721 0.269257 6.885481
v -5.169240 0.283228 6.916875
v -5.154721 0.297199 6.948269
v -5.119671 0.302986 6.961274
v -5.084622 0.240670 6.986333
v -5.070104 0.222920 6.957411
v -5.084622 0.205168 6.928492
v -5.119669 0.197815 6.916512
v -5.154721 0.205168 6.928492
v -5.169240 0.222920 6.957413
v -5.154721 0.240670 6.986333
v -5.119671 0.248024 6.998314
v -5.084622 0.183271 7.046928
v -5.070104 0.162750 7.020968
v -5.084622 0.142229 6.995008
v -5.119669 0.133728 6.984255
v -5.154721 0.142229 6.995008
v -5.169240 0.162750 7.020968
v -5.154721 0.183271 7.046928
v -5.119671 0.191772 7.057683
v 5.525665 3.664867 5.250329
v 5.540183 3.664790 5.215277
v 5.525665 3.664711 5.180228
v 5.490616 3.664680 5.165711
v 5.455566 3.664711 5.180228
v 5.441048 3.664790 5.215277
v 5.455566 3.664867 5.250329
v 5.490616 3.664900 5.264846
v 5.525665 3.505687 5.249012
v 5.540183 3.514213 5.215277
v 5.525665 3.522739 5.181541
v 5.490616 3.526270 5.167569
v 5.455566 3.522739 5.181541
v 5.441048 3.514213 5.215277
v 5.455566 3.505687 5.249012
v 5.490616 3.502155 5.262986
v 5.525665 3.444500 5.209886
v 5.540184 3.464564 5.182911
v 5.525665 3.484629 5.155939
v 5.490615 3.492939 5.144765
v 5.455566 3.484629 5.155940
v 5.441047 3.464564 5.182911
v 5.455566 3.444500 5.209886
v 5.490616 3.436188 5.221058
v 5.525665 3.241161 4.663136
v 5.540184 3.261831 4.636737
v 5.525665 3.282499 4.610338
v 5.490616 3.291061 4.599401
v 5.455566 3.282499 4.610338
v 5.441047 3.261831 4.636737
v 5.455566 3.241161 4.663136
v 5.490616 3.232600 4.674073
v 5.525665 3.208512 4.639338
v 5.540184 3.217164 4.605644
v 5.525665 3.225816 4.571948
v 5.490616 3.229400 4.557993
v 5.455566 3.225816 4.571949
v 5.441048 3.217164 4.605644
v 5.455566 3.208512 4.639338
v 5.490616 3.204927 4.653296
v 5.525665 0.394666 4.640598
v 5.540184 0.392377 4.605640
v 5.525665 0.390087 4.570683
v 5.490615 0.389141 4.556205
v 5.455566 0.390087 4.570684
v 5.441048 0.392377 4.605641
v 5.455566 0.394666 4.640598
v 5.490616 0.395613 4.655079
v 5.525665 0.276678 4.646575
v 5.540184 0.262707 4.615181
v 5.525665 0.248736 4.583786
v 5.490616 0.242948 4.570784
v 5.455566 0.248736 4.583786
v 5.441048 0.262707 4.615182
v 5.455566 0.276678 4.646575
v 5.490616 0.282465 4.659580
v 5.525665 0.220150 4.684639
v 5.540184 0.202399 4.655717
v 5.525665 0.184648 4.626797
v 5.490617 0.177294 4.614818
v 5.455566 0.184648 4.626798
v 5.441048 0.202399 4.655719
v 5.455566 0.220150 4.684639
v 5.490616 0.227503 4.696620
v 5.525665 0.162750 4.745234
v 5.540184 0.142229 4.719274
v 5.525665 0.121709 4.693315
v 5.490617 0.113208 4.682561
v 5.455566 0.121709 4.693315
v 5.441048 0.142229 4.719275
v 5.455566 0.162750 4.745234
v 5.490616 0.171251 4.755989
v -6.011327 2.614609 -6.760171
v -6.011327 2.614609 -6.603882
v -6.011327 2.702745 -6.792711
v 6.365692 2.598704 -6.728774
v 6.365692 2.598704 -6.633610
v -6.011327 2.598704 -6.633609
v -6.011327 2.643987 -6.782058
v -6.011327 2.643987 -6.585011
v 6.365692 2.592317 -6.681192
v -6.011327 2.592320 -6.681190
v 6.365695 2.614606 -6.760173
v 6.365692 2.614606 -6.603882
v 6.365695 2.702743 -6.792714
v 6.365695 2.702743 -6.573015
v 6.365695 2.643985 -6.782061
v 6.365695 2.673365 -6.790665
v 6.365695 2.673365 -6.575062
v 6.365695 2.643985 -6.585011
v -6.011327 2.598707 -6.728772
v -6.011327 2.702746 -6.573013
v -6.011327 2.673368 -6.790663
v -6.011327 2.673368 -6.575061
v -6.011328 3.081871 7.588282
v -6.011328 3.081871 7.431992
v -6.011328 3.170007 7.620820
v -0.622688 3.065965 7.556883
v -0.622688 3.065965 7.461720
v -6.011328 3.065967 7.461720
v -6.011328 3.111249 7.610168
v -6.011328 3.111249 7.413120
v -0.622688 3.059579 7.509302
v -6.011328 3.059582 7.509298
v -0.622687 3.081868 7.588282
v -0.622688 3.081868 7.431992
v -0.622687 3.170004 7.620825
v -0.622687 3.170004 7.401124
v -0.622687 3.111246 7.610170
v -0.622687 3.140626 7.618774
v -0.622687 3.140626 7.403172
v -0.622687 3.111246 7.413121
v -6.011328 3.065969 7.556881
v -6.011328 3.170007 7.401122
v -6.011328 3.140629 7.618773
v -6.011328 3.140630 7.403172
v -0.581511 3.665510 5.290661
v -0.581511 3.665510 5.134372
v -0.581511 3.753646 5.323201
v 6.358364 3.649605 5.259263
v 6.358364 3.649605 5.164100
v -0.581511 3.649605 5.164099
v -0.581511 3.694889 5.312548
v -0.581511 3.694889 5.115500
v 6.358364 3.643219 5.211682
v -0.581511 3.643221 5.211679
v 6.358365 3.665507 5.290662
v 6.358364 3.665507 5.134372
v 6.358365 3.753644 5.323204
v 6.358365 3.753644 5.103505
v 6.358365 3.694886 5.312551
v 6.358365 3.724266 5.321155
v 6.358365 3.724266 5.105551
v 6.358365 3.694886 5.115501
v -0.581511 3.649608 5.259261
v -0.581511 3.753647 5.103502
v -0.581511 3.724269 5.321154
v -0.581511 3.724270 5.105551
v -0.883607 5.340021 -3.290328
v -0.883607 4.254288 -3.290328
v -0.883607 5.340021 -2.507278
v -0.883607 4.620818 -2.507278
v -1.293526 5.340021 -3.290328
v -1.293526 4.254288 -3.290328
v -1.293526 5.340021 -2.507278
v -1.293526 4.620818 -2.507278
v -0.971287 5.452160 -3.189008
v -0.971287 5.452160 -2.608599
v -1.205846 5.452160 -3.189008
v -1.205846 5.452160 -2.608599
v -0.839582 5.340021 -2.423181
v -0.839582 5.340021 -3.374426
v -1.337550 5.340021 -2.423181
v -1.337550 5.340021 -3.374426
v -0.839582 5.596732 -3.374426
v -1.337550 5.596732 -3.374426
v -1.337550 5.596732 -2.423181
v -0.839582 5.570037 -2.423181
v -0.839582 5.570037 -3.374426
v -1.337550 5.570037 -2.423181
v -1.337550 5.570037 -3.374426
v -0.839582 5.596732 -2.423181
v -1.088566 5.719313 -3.199721
v -1.088566 5.719313 -2.597885
v -0.839582 5.452160 -2.423181
v -0.839582 5.452160 -3.374426
v -1.337550 5.452160 -2.423181
v -1.337550 5.452160 -3.374426
v -0.971287 4.666986 -2.608599
v -0.971287 4.666986 -3.189008
v -1.205846 4.666986 -2.608599
v -1.205846 4.666986 -3.189008
v -4.244264 6.321715 -0.973079
v -4.244264 5.362420 -0.973079
v -4.244264 6.321715 -0.539863
v -4.244264 5.569845 -0.539863
v -4.743488 6.321715 -0.973079
v -4.743488 5.362420 -0.973079
v -4.743488 6.321715 -0.539863
v -4.743488 5.569845 -0.539863
v -4.347933 6.434955 -0.883117
v -4.347933 6.434955 -0.629825
v -4.639818 6.434955 -0.883117
v -4.639818 6.434955 -0.629825
v -4.190648 6.321715 -0.493336
v -4.190648 6.321715 -1.019605
v -4.797104 6.321715 -0.493336
v -4.797104 6.321715 -1.019605
v -4.190648 6.580212 -1.019605
v -4.797104 6.580212 -1.019605
v -4.797104 6.580212 -0.493336
v -4.190648 6.552832 -0.493336
v -4.190648 6.552832 -1.019605
v -4.797104 6.552832 -0.493336
v -4.797104 6.552832 -1.019605
v -4.190648 6.580212 -0.493336
v -4.493876 6.737068 -0.756471
v -4.190648 6.434955 -0.493336
v -4.190648 6.434955 -1.019605
v -4.797104 6.434955 -0.493336
v -4.797104 6.434955 -1.019605
v -4.347933 5.857061 -0.629825
v -4.347933 5.857061 -0.883117
v -4.639818 5.857061 -0.629825
v -4.639818 5.857061 -0.883117
v -0.254456 0.114335 6.724952
v -0.254456 0.114335 4.442821
v -0.517705 0.173451 6.724952
v -0.517705 0.114335 6.724952
v -0.157362 0.173452 4.442821
v -0.157362 0.173451 6.795830
v -0.517705 0.173452 4.442821
v -0.517705 0.173451 6.795830
v -0.157362 0.114335 4.442821
v -0.157362 0.114335 6.795830
v -0.517705 0.114335 6.795830
v 5.834442 0.434180 -3.730789
v -5.453858 0.434179 -3.730789
v -5.453858 0.434180 -6.122845
v 5.834442 0.434180 -6.122845
v -1.523641 0.434180 -6.122845
v -5.453858 0.498904 -3.730789
v -5.453858 0.498904 -6.122845
v 1.892409 0.498904 -6.122845
v 5.834442 0.498904 -6.122845
v 1.892409 0.498904 -6.433205
v 5.834442 0.498904 -3.730789
v -1.523641 0.498904 -6.122845
v -1.523641 0.498904 -6.433205
v 1.892409 0.434180 -6.122845
v -1.442099 0.434180 -6.373678
v 1.810867 0.434180 -6.373678
v 5.751395 0.434180 -3.730789
v -5.375917 0.434179 -3.730789
v -5.375917 0.434180 -6.030695
v 5.751395 0.434180 -6.030695
v 1.892409 0.434180 -6.433205
v 1.810867 0.434180 -6.030695
v -1.523641 0.434180 -6.433205
v -1.442099 0.434180 -6.030695
v -2.335922 0.434178 6.709687
v -0.873449 0.434178 6.709687
v -0.873449 0.434178 4.594888
v -0.755444 0.498902 6.795830
v -2.335922 0.498902 6.795830
v -2.335922 0.498902 4.508744
v -0.755444 0.498902 4.508744
v -0.755444 0.434178 6.795830
v -2.335922 0.434178 6.795830
v -0.755444 0.434178 4.508744
v 1.892409 0.157574 -6.667828
v -1.527870 0.157574 -7.025058
v 1.892409 0.157574 -7.025058
v -1.527870 0.157574 -6.667828
v -1.417199 0.096720 -6.958130
v 1.808142 0.096720 -6.958130
v -1.527870 0.096720 -6.667828
v 1.892409 0.096720 -6.667828
v 1.808142 0.157574 -6.667828
v 1.808142 0.096720 -6.667828
v -1.417199 0.157574 -6.667828
v -1.527870 0.096720 -7.025058
v 1.892409 0.096720 -7.025058
v -1.417199 0.096720 -6.667828
v -0.816746 0.244683 4.442821
v -0.816746 0.350592 4.442821
v -0.553497 0.244682 6.724952
v -0.553497 0.244683 4.442821
v -0.816746 0.303798 6.724952
v -0.816746 0.244682 6.724952
v -0.456403 0.303799 4.442821
v -0.456403 0.303798 6.795830
v -0.816746 0.303799 4.442821
v -0.816746 0.303798 6.795830
v -0.456403 0.244683 4.442821
v -0.456403 0.244682 6.795830
v -0.816746 0.244682 6.795830
v 1.892409 0.319195 -6.371902
v -1.527870 0.319195 -6.729131
v 1.892409 0.319195 -6.729131
v -1.527870 0.319195 -6.371902
v -1.417199 0.258341 -6.662204
v 1.808142 0.258341 -6.662204
v -1.527870 0.258340 -6.371902
v 1.892409 0.258340 -6.371902
v 1.808142 0.319195 -6.371902
v 1.808142 0.258340 -6.371902
v -1.417199 0.319195 -6.371902
v -1.527870 0.258341 -6.729131
v 1.892409 0.258341 -6.729131
v -1.417199 0.258340 -6.371902
v 0.282814 1.322281 -3.658765
v 0.919441 1.322281 -3.658765
v 0.282814 1.322281 -3.635622
v 0.919441 1.322281 -3.635622
v 0.919441 0.627923 -3.635622
v 0.919441 2.208854 -3.635622
v 0.282814 2.208854 -3.635622
v 0.919441 0.627923 -3.676491
v 0.919441 2.208854 -3.676490
v 0.282814 0.627923 -3.676491
v 0.282814 2.208854 -3.676490
v 1.000425 0.547293 -3.676491
v 1.000425 2.289484 -3.676490
v 0.201830 0.547293 -3.676491
v 0.201830 2.289484 -3.676490
v 0.919441 1.261259 -3.658765
v 0.282814 1.261259 -3.658765
v 0.919441 1.261259 -3.635622
v 0.282814 1.261259 -3.635622
v 0.282814 0.627923 -3.635622
v 1.000425 0.547978 -3.784320
v 1.000425 2.290168 -3.784319
v 1.000425 0.547978 -3.729147
v 1.000425 2.290168 -3.729147
v 1.153680 0.498904 -3.784320
v 1.153680 2.443423 -3.784319
v 1.153680 0.498904 -3.729147
v 1.153680 2.443423 -3.729147
v 0.201829 0.547978 -3.784320
v 0.201829 0.547978 -3.729147
v 0.048573 0.498904 -3.784320
v 0.048573 0.498904 -3.729147
v 0.201829 2.290168 -3.784319
v 0.201829 2.290168 -3.729147
v 0.048573 2.443423 -3.784319
v 0.048573 2.443423 -3.729147
v 0.951778 1.518193 -3.674653
v 0.980169 1.512548 -3.674653
v 0.986650 1.486570 -3.695665
v 0.982466 1.465529 -3.695665
v 0.996252 1.488480 -3.674653
v 0.964628 1.453608 -3.695665
v 0.990606 1.460090 -3.674653
v 0.943588 1.457793 -3.695665
v 0.966539 1.444006 -3.674653
v 0.974729 1.504407 -3.695665
v 0.931669 1.475630 -3.695665
v 0.952440 1.471044 -3.695680
v 0.956831 1.492808 -3.695680
v 0.938150 1.449652 -3.674653
v 0.948006 1.479668 -3.722188
v 0.949232 1.487731 -3.695680
v 0.935852 1.496671 -3.695665
v 0.922066 1.473719 -3.674653
v 0.927711 1.502110 -3.674653
v 0.953688 1.508591 -3.695665
v 0.952843 1.474997 -3.725612
v 0.961378 1.473902 -3.731656
v 0.961519 1.469239 -3.695680
v 0.823017 1.472397 -3.725948
v 0.823017 1.480348 -3.737392
v 0.823017 1.474534 -3.736280
v 0.965790 1.491026 -3.695680
v 0.947451 1.478770 -3.695680
v 0.971020 1.483460 -3.695680
v 0.970312 1.482532 -3.737981
v 0.969215 1.474382 -3.695680
v 0.968615 1.477023 -3.736779
v 0.949705 1.485176 -3.723390
v 0.956940 1.488298 -3.728515
v 0.823017 1.483140 -3.723893
v 0.823017 1.485277 -3.734224
v 0.823017 1.471241 -3.731540
v 0.965475 1.487202 -3.734559
v 0.823017 1.477326 -3.722780
v 0.823017 1.486434 -3.728631
v 0.989860 1.329453 -3.676490
v 0.989860 1.384509 -3.676490
v 0.940172 1.331056 -3.683669
v 0.944633 1.403243 -3.676490
v 0.949198 1.396413 -3.683669
v 0.955246 1.407639 -3.676490
v 0.956848 1.399582 -3.683669
v 0.966730 1.407639 -3.676490
v 0.965130 1.399582 -3.683669
v 0.972780 1.396413 -3.683669
v 0.977344 1.403243 -3.676490
v 0.981804 1.382907 -3.683669
v 0.932116 1.329453 -3.676490
v 0.944633 1.310719 -3.676490
v 0.949198 1.317549 -3.683669
v 0.955246 1.306323 -3.676490
v 0.966730 1.306323 -3.676490
v 0.965130 1.314380 -3.683669
v 0.977344 1.310719 -3.676490
v 0.972780 1.317549 -3.683669
v 0.981804 1.331056 -3.683669
v 0.932116 1.384509 -3.676490
v 0.956848 1.314380 -3.683669
v 0.940172 1.382907 -3.683669
v -1.088870 0.826694 6.713596
v -0.183418 0.477921 6.713595
v -1.088870 0.826694 6.694823
v -0.183418 0.477921 6.694822
v -1.103438 0.788876 6.713596
v -0.197986 0.440102 6.713595
v -1.103438 0.788876 6.694823
v -0.197986 0.440102 6.694822
v -1.088870 0.947447 6.713596
v -0.183418 0.598674 6.713595
v -1.088870 0.947447 6.694823
v -0.183418 0.598674 6.694822
v -1.103438 0.909628 6.713596
v -0.197986 0.560855 6.713595
v -1.103438 0.909628 6.694823
v -0.197986 0.560855 6.694822
v -1.088870 1.068200 6.713596
v -0.183418 0.719427 6.713595
v -1.088870 1.068200 6.694823
v -0.183418 0.719427 6.694823
v -1.103438 1.030381 6.713596
v -0.197986 0.681608 6.713595
v -1.103438 1.030381 6.694823
v -0.197986 0.681608 6.694822
v -1.088870 1.181635 6.713596
v -0.183418 0.832861 6.713595
v -1.088870 1.181635 6.694823
v -0.183418 0.832861 6.694823
v -1.103438 1.143816 6.713596
v -0.197986 0.795042 6.713595
v -1.103438 1.143816 6.694823
v -0.197986 0.795042 6.694823
v 5.782728 0.498903 -5.743949
v 5.782728 2.734950 -5.743948
v 5.782728 0.498903 -6.061543
v 5.782728 2.734950 -6.061543
v 5.471840 0.498903 -5.743949
v 5.471840 2.734950 -5.743948
v 5.471840 0.498903 -6.061543
v 5.471840 2.734950 -6.061543
v 5.782728 1.377522 -5.743948
v 5.782728 1.513362 -5.743948
v 5.782728 1.377522 -6.061542
v 5.782728 1.513362 -6.061542
v 5.471840 1.377522 -5.743948
v 5.471840 1.513362 -5.743948
v 5.471840 1.377522 -6.061542
v 5.471840 1.513362 -6.061542
v 5.801462 1.379752 -6.080679
v 5.801462 1.379751 -5.724810
v 5.813698 1.513362 -5.712309
v 5.813698 1.513362 -6.093181
v 5.453107 1.379752 -6.080679
v 5.440870 1.513362 -6.093181
v 5.453107 1.379751 -5.724810
v 5.440870 1.513362 -5.712309
v 5.813698 1.445442 -5.712309
v 5.813698 1.445442 -6.093181
v 5.440870 1.445442 -6.093181
v 5.440870 1.445442 -5.712309
v 5.801462 1.443213 -6.080680
v 5.453107 1.443213 -6.080680
v 5.453107 1.443213 -5.724810
v 5.801462 1.443213 -5.724810
v 1.855406 0.498903 -5.743949
v 1.855406 2.734950 -5.743948
v 1.855406 0.498903 -6.061543
v 1.855406 2.734950 -6.061543
v 2.166294 0.498903 -5.743949
v 2.166294 2.734950 -5.743948
v 2.166294 0.498903 -6.061543
v 2.166294 2.734950 -6.061543
v 1.855406 1.377522 -5.743948
v 1.855406 1.513362 -5.743948
v 1.855406 1.377522 -6.061542
v 1.855406 1.513362 -6.061542
v 2.166294 1.377522 -5.743948
v 2.166294 1.513362 -5.743948
v 2.166294 1.377522 -6.061542
v 2.166294 1.513362 -6.061542
v 1.836672 1.379752 -6.080679
v 1.836672 1.379751 -5.724810
v 1.824436 1.513362 -5.712309
v 1.824436 1.513362 -6.093181
v 2.185027 1.379752 -6.080679
v 2.197264 1.513362 -6.093181
v 2.185027 1.379751 -5.724810
v 2.197264 1.513362 -5.712309
v 1.824436 1.445442 -5.712309
v 1.824436 1.445442 -6.093181
v 2.197264 1.445442 -6.093181
v 2.197264 1.445442 -5.712309
v 1.836672 1.443213 -6.080680
v 2.185027 1.443213 -6.080680
v 2.185027 1.443213 -5.724810
v 1.836672 1.443213 -5.724810
v -1.450137 0.498903 -5.743949
v -1.450137 2.734950 -5.743948
v -1.450137 0.498903 -6.061543
v -1.450137 2.734950 -6.061543
v -1.761025 0.498903 -5.743949
v -1.761025 2.734950 -5.743948
v -1.761025 0.498903 -6.061543
v -1.761025 2.734950 -6.061543
v -1.450137 1.377522 -5.743948
v -1.450137 1.513362 -5.743948
v -1.450137 1.377522 -6.061542
v -1.450137 1.513362 -6.061542
v -1.761025 1.377522 -5.743948
v -1.761025 1.513362 -5.743948
v -1.761025 1.377522 -6.061542
v -1.761025 1.513362 -6.061542
v -1.431403 1.379752 -6.080679
v -1.431403 1.379751 -5.724810
v -1.419167 1.513362 -5.712309
v -1.419167 1.513362 -6.093181
v -1.779758 1.379752 -6.080679
v -1.791995 1.513362 -6.093181
v -1.779758 1.379751 -5.724810
v -1.791995 1.513362 -5.712309
v -1.419167 1.445442 -5.712309
v -1.419167 1.445442 -6.093181
v -1.791995 1.445442 -6.093181
v -1.791995 1.445442 -5.712309
v -1.431403 1.443213 -6.080680
v -1.779758 1.443213 -6.080680
v -1.779758 1.443213 -5.724810
v -1.431403 1.443213 -5.724810
v -5.377455 0.498903 -5.743949
v -5.377455 2.734950 -5.743948
v -5.377455 0.498903 -6.061543
v -5.377455 2.734950 -6.061543
v -5.066568 0.498903 -5.743949
v -5.066568 2.734950 -5.743948
v -5.066568 0.498903 -6.061543
v -5.066568 2.734950 -6.061543
v -5.377455 1.377522 -5.743948
v -5.377455 1.513362 -5.743948
v -5.377455 1.377522 -6.061542
v -5.377455 1.513362 -6.061542
v -5.066568 1.377522 -5.743948
v -5.066568 1.513362 -5.743948
v -5.066568 1.377522 -6.061542
v -5.066568 1.513362 -6.061542
v -5.396189 1.379752 -6.080679
v -5.396189 1.379751 -5.724810
v -5.408426 1.513362 -5.712309
v -5.408426 1.513362 -6.093181
v -5.047834 1.379752 -6.080679
v -5.035598 1.513362 -6.093181
v -5.047834 1.379751 -5.724810
v -5.035598 1.513362 -5.712309
v -5.408426 1.445442 -5.712309
v -5.408426 1.445442 -6.093181
v -5.035598 1.445442 -6.093181
v -5.035598 1.445442 -5.712309
v -5.396189 1.443213 -6.080680
v -5.047834 1.443213 -6.080680
v -5.047834 1.443213 -5.724810
v -5.396189 1.443213 -5.724810
v -4.286768 6.434954 -0.568551
v -4.286768 6.552831 -0.568551
v -4.286768 6.434954 -0.609805
v -4.286768 6.552831 -0.609805
v -4.245515 6.434954 -0.568551
v -4.245515 6.552831 -0.568551
v -4.245515 6.434954 -0.609805
v -4.245515 6.552831 -0.609805
v -4.700983 6.434954 -0.568551
v -4.700983 6.552831 -0.568551
v -4.700983 6.434954 -0.609805
v -4.700983 6.552831 -0.609805
v -4.742236 6.434954 -0.568551
v -4.742236 6.552831 -0.568551
v -4.742236 6.434954 -0.609805
v -4.742236 6.552831 -0.609805
v -4.286768 6.434954 -0.944392
v -4.286768 6.552831 -0.944392
v -4.286768 6.434954 -0.903138
v -4.286768 6.552831 -0.903138
v -4.245515 6.434954 -0.944392
v -4.245515 6.552831 -0.944392
v -4.245515 6.434954 -0.903138
v -4.245515 6.552831 -0.903138
v -4.700983 6.434954 -0.944392
v -4.700983 6.552831 -0.944392
v -4.700983 6.434954 -0.903138
v -4.700983 6.552831 -0.903138
v -4.742236 6.434954 -0.944392
v -4.742236 6.552831 -0.944392
v -4.742236 6.434954 -0.903138
v -4.742236 6.552831 -0.903138
v 6.120225 5.244763 0.548394
v 6.120225 5.556566 0.738378
v 6.120225 5.245066 0.445338
v 6.120225 5.596881 0.659702
v 6.154616 5.244763 0.548394
v 6.154616 5.556566 0.738378
v 6.154616 5.245066 0.445338
v 6.154616 5.596881 0.659702
v 6.094167 5.050910 1.869281
v 6.094167 5.257352 1.436198
v 6.094167 5.050910 -1.146156
v 6.094167 5.257352 -0.713074
v 6.175678 5.050910 1.869281
v 6.175678 5.257352 1.436198
v 6.175678 5.050910 -1.146156
v 6.175678 5.257352 -0.713074
v 6.073010 4.976135 0.423295
v 6.073010 5.749712 0.423295
v 6.073010 4.976135 0.294474
v 6.073010 5.749712 0.294474
v 6.201831 4.976135 0.423295
v 6.201831 5.749712 0.423295
v 6.201831 4.976135 0.294474
v 6.201831 5.749712 0.294474
v 6.053373 4.935240 0.442931
v 6.053373 4.935240 0.274838
v 6.221467 4.935240 0.442931
v 6.221467 4.935240 0.274838
v 6.053373 4.976135 0.274838
v 6.053373 4.976135 0.442931
v 6.221467 4.976135 0.274838
v 6.221467 4.976135 0.442931
v 6.120225 5.244763 0.169375
v 6.120225 5.556566 -0.020609
v 6.120225 5.245066 0.272431
v 6.120225 5.596881 0.058067
v 6.154616 5.244763 0.169375
v 6.154616 5.556566 -0.020609
v 6.154616 5.245066 0.272431
v 6.154616 5.596881 0.058067
v -5.751458 5.244763 0.548394
v -5.751458 5.556566 0.738378
v -5.751458 5.245066 0.445338
v -5.751458 5.596881 0.659702
v -5.785849 5.244763 0.548394
v -5.785849 5.556566 0.738378
v -5.785849 5.245066 0.445338
v -5.785849 5.596881 0.659702
v -5.725399 5.050910 1.869281
v -5.725399 5.257352 1.436198
v -5.725399 5.050910 -1.146156
v -5.725399 5.257352 -0.713074
v -5.806910 5.050910 1.869281
v -5.806910 5.257352 1.436198
v -5.806910 5.050910 -1.146156
v -5.806910 5.257352 -0.713074
v -5.704243 4.976135 0.423295
v -5.704243 5.749712 0.423295
v -5.704243 4.976135 0.294474
v -5.704243 5.749712 0.294474
v -5.833064 4.976135 0.423295
v -5.833064 5.749712 0.423295
v -5.833064 4.976135 0.294474
v -5.833064 5.749712 0.294474
v -5.684606 4.935240 0.442931
v -5.684606 4.935240 0.274838
v -5.852700 4.935240 0.442931
v -5.852700 4.935240 0.274838
v -5.684606 4.976135 0.274838
v -5.684606 4.976135 0.442931
v -5.852700 4.976135 0.274838
v -5.852700 4.976135 0.442931
v -5.751458 5.244763 0.169375
v -5.751458 5.556566 -0.020609
v -5.751458 5.245066 0.272431
v -5.751458 5.596881 0.058067
v -5.785849 5.244763 0.169375
v -5.785849 5.556566 -0.020609
v -5.785849 5.245066 0.272431
v -5.785849 5.596881 0.058067
v -2.314313 0.498903 6.724472
v -2.314313 1.245290 6.724472
v -2.314313 0.498903 6.683944
v -2.314313 1.245290 6.683945
v -2.273785 0.498903 6.724472
v -2.273785 1.245290 6.724472
v -2.273785 0.498903 6.683944
v -2.273785 1.245290 6.683945
v -1.856352 0.498903 6.724472
v -1.856352 1.245290 6.724472
v -1.856352 0.498903 6.683944
v -1.856352 1.245290 6.683945
v -1.815825 0.498903 6.724472
v -1.815825 1.245290 6.724472
v -1.815825 0.498903 6.683944
v -1.815825 1.245290 6.683945
v -1.398392 0.498903 6.724472
v -1.398392 1.245290 6.724472
v -1.398392 0.498903 6.683944
v -1.398392 1.245290 6.683945
v -1.357864 0.498903 6.724472
v -1.357864 1.245290 6.724472
v -1.357864 0.498903 6.683944
v -1.357864 1.245290 6.683945
v -2.321481 0.600296 6.713593
v -1.351178 0.600297 6.713593
v -2.321481 0.600296 6.694822
v -1.351178 0.600297 6.694822
v -2.321481 0.559769 6.713593
v -1.351178 0.559769 6.713593
v -2.321481 0.559769 6.694822
v -1.351178 0.559769 6.694822
v -2.321481 0.706722 6.713594
v -1.351178 0.706722 6.713594
v -2.321481 0.706722 6.694822
v -1.351178 0.706722 6.694822
v -2.321481 0.666194 6.713593
v -1.351178 0.666195 6.713593
v -2.321481 0.666194 6.694822
v -1.351178 0.666195 6.694822
v -2.321481 0.828098 6.713594
v -1.351178 0.828098 6.713594
v -2.321481 0.828098 6.694822
v -1.351178 0.828098 6.694822
v -2.321481 0.787571 6.713594
v -1.351178 0.787571 6.713594
v -2.321481 0.787571 6.694822
v -1.351178 0.787571 6.694822
v -2.321481 0.949125 6.713594
v -1.351178 0.949125 6.713594
v -2.321481 0.949125 6.694822
v -1.351178 0.949125 6.694822
v -2.321481 0.908597 6.713594
v -1.351178 0.908598 6.713594
v -2.321481 0.908597 6.694822
v -1.351178 0.908598 6.694822
v -2.321481 1.055550 6.713594
v -1.351178 1.055551 6.713594
v -2.321481 1.055550 6.694822
v -1.351178 1.055551 6.694822
v -2.321481 1.015023 6.713594
v -1.351178 1.015023 6.713594
v -2.321481 1.015023 6.694822
v -1.351178 1.015023 6.694822
v -2.321481 1.176927 6.713594
v -1.351178 1.176927 6.713594
v -2.321481 1.176927 6.694822
v -1.351178 1.176927 6.694822
v -2.321481 1.136399 6.713594
v -1.351178 1.136399 6.713594
v -2.321481 1.136399 6.694822
v -1.351178 1.136399 6.694822
v 5.736954 0.498903 -3.748007
v 5.736954 1.245289 -3.748007
v 5.696427 0.498903 -3.748007
v 5.696427 1.245289 -3.748007
v 5.736954 0.498903 -3.788534
v 5.736954 1.245289 -3.788534
v 5.696427 0.498903 -3.788534
v 5.696427 1.245289 -3.788534
v 5.736954 0.498903 -4.396444
v 5.736954 1.245290 -4.396444
v 5.696427 0.498903 -4.396444
v 5.696427 1.245290 -4.396444
v 5.736954 0.498903 -4.436972
v 5.736954 1.245290 -4.436971
v 5.696427 0.498903 -4.436972
v 5.696427 1.245290 -4.436971
v 5.736954 0.498903 -5.044881
v 5.736954 1.245290 -5.044881
v 5.696427 0.498903 -5.044881
v 5.696427 1.245290 -5.044881
v 5.736954 0.498903 -5.085409
v 5.736954 1.245290 -5.085408
v 5.696427 0.498903 -5.085409
v 5.696427 1.245290 -5.085408
v 5.736954 0.498903 -5.693319
v 5.736954 1.245290 -5.693318
v 5.696427 0.498903 -5.693319
v 5.696427 1.245290 -5.693318
v 5.736954 0.498903 -5.733846
v 5.736954 1.245290 -5.733846
v 5.696427 0.498903 -5.733846
v 5.696427 1.245290 -5.733846
v -5.368187 0.498903 -3.748007
v -5.368187 1.245289 -3.748007
v -5.327660 0.498903 -3.748007
v -5.327660 1.245289 -3.748007
v -5.368187 0.498903 -3.788534
v -5.368187 1.245289 -3.788534
v -5.327660 0.498903 -3.788534
v -5.327660 1.245289 -3.788534
v -5.368187 0.498903 -4.396444
v -5.368187 1.245290 -4.396444
v -5.327660 0.498903 -4.396444
v -5.327660 1.245290 -4.396444
v -5.368187 0.498903 -4.436972
v -5.368187 1.245290 -4.436971
v -5.327660 0.498903 -4.436972
v -5.327660 1.245290 -4.436971
v -5.368187 0.498903 -5.044881
v -5.368187 1.245290 -5.044881
v -5.327660 0.498903 -5.044881
v -5.327660 1.245290 -5.044881
v -5.368187 0.498903 -5.085409
v -5.368187 1.245290 -5.085408
v -5.327660 0.498903 -5.085409
v -5.327660 1.245290 -5.085408
v -5.368187 0.498903 -5.693319
v -5.368187 1.245290 -5.693318
v -5.327660 0.498903 -5.693319
v -5.327660 1.245290 -5.693318
v -5.368187 0.498903 -5.733846
v -5.368187 1.245290 -5.733846
v -5.327660 0.498903 -5.733846
v -5.327660 1.245290 -5.733846
v 5.726078 0.600715 -3.740504
v 5.726078 0.600716 -5.741711
v 5.707305 0.600715 -3.740504
v 5.707305 0.600716 -5.741711
v 5.726078 0.560188 -3.740504
v 5.726078 0.560188 -5.741711
v 5.707305 0.560188 -3.740504
v 5.707305 0.560188 -5.741711
v 5.726078 0.715009 -3.740503
v 5.726078 0.715009 -5.741710
v 5.707305 0.715009 -3.740503
v 5.707305 0.715009 -5.741710
v 5.726078 0.674481 -3.740504
v 5.726078 0.674482 -5.741711
v 5.707305 0.674481 -3.740504
v 5.707305 0.674482 -5.741711
v 5.726078 0.832306 -3.740503
v 5.726078 0.832307 -5.741710
v 5.707305 0.832306 -3.740503
v 5.707305 0.832307 -5.741710
v 5.726078 0.791779 -3.740503
v 5.726078 0.791779 -5.741710
v 5.707305 0.791779 -3.740503
v 5.707305 0.791779 -5.741710
v -5.357307 0.600715 -3.740504
v -5.357307 0.600716 -5.741711
v -5.338535 0.600715 -3.740504
v -5.338535 0.600716 -5.741711
v -5.357307 0.560188 -3.740504
v -5.357307 0.560188 -5.741711
v -5.338535 0.560188 -3.740504
v -5.338535 0.560188 -5.741711
v -5.357307 0.715009 -3.740503
v -5.357307 0.715009 -5.741710
v -5.338535 0.715009 -3.740503
v -5.338535 0.715009 -5.741710
v -5.357307 0.674481 -3.740504
v -5.357307 0.674482 -5.741711
v -5.338535 0.674481 -3.740504
v -5.338535 0.674482 -5.741711
v -5.357307 0.832306 -3.740503
v -5.357307 0.832307 -5.741710
v -5.338535 0.832306 -3.740503
v -5.338535 0.832307 -5.741710
v -5.357307 0.791779 -3.740503
v -5.357307 0.791779 -5.741710
v -5.338535 0.791779 -3.740503
v -5.338535 0.791779 -5.741710
v 5.726078 0.940864 -3.740503
v 5.726078 0.940864 -5.741710
v 5.707305 0.940864 -3.740503
v 5.707305 0.940864 -5.741710
v 5.726078 0.900336 -3.740503
v 5.726078 0.900337 -5.741710
v 5.707305 0.900336 -3.740503
v 5.707305 0.900337 -5.741710
v 5.726078 1.055157 -3.740503
v 5.726078 1.055158 -5.741710
v 5.707305 1.055157 -3.740503
v 5.707305 1.055158 -5.741710
v 5.726078 1.014630 -3.740503
v 5.726078 1.014630 -5.741710
v 5.707305 1.014630 -3.740503
v 5.707305 1.014630 -5.741710
v 5.726078 1.172455 -3.740503
v 5.726078 1.172455 -5.741710
v 5.707305 1.172455 -3.740503
v 5.707305 1.172455 -5.741710
v 5.726078 1.131927 -3.740503
v 5.726078 1.131928 -5.741710
v 5.707305 1.131927 -3.740503
v 5.707305 1.131928 -5.741710
v -5.357307 0.940864 -3.740503
v -5.357307 0.940864 -5.741710
v -5.338535 0.940864 -3.740503
v -5.338535 0.940864 -5.741710
v -5.357307 0.900336 -3.740503
v -5.357307 0.900337 -5.741710
v -5.338535 0.900336 -3.740503
v -5.338535 0.900337 -5.741710
v -5.357307 1.055157 -3.740503
v -5.357307 1.055158 -5.741710
v -5.338535 1.055157 -3.740503
v -5.338535 1.055158 -5.741710
v -5.357307 1.014630 -3.740503
v -5.357307 1.014630 -5.741710
v -5.338535 1.014630 -3.740503
v -5.338535 1.014630 -5.741710
v -5.357307 1.172455 -3.740503
v -5.357307 1.172455 -5.741710
v -5.338535 1.172455 -3.740503
v -5.338535 1.172455 -5.741710
v -5.357307 1.131927 -3.740503
v -5.357307 1.131928 -5.741710
v -5.338535 1.131927 -3.740503
v -5.338535 1.131928 -5.741710
v 5.445387 0.600716 -6.022884
v 2.220649 0.600716 -6.022883
v 5.445387 0.600716 -6.004112
v 2.220649 0.600716 -6.004111
v 5.445387 0.560188 -6.022884
v 2.220649 0.560188 -6.022883
v 5.445387 0.560188 -6.004112
v 2.220649 0.560188 -6.004111
v 5.445387 0.716755 -6.022883
v 2.220649 0.716755 -6.022882
v 5.445387 0.716755 -6.004111
v 2.220649 0.716755 -6.004111
v 5.445387 0.676228 -6.022884
v 2.220649 0.676228 -6.022883
v 5.445387 0.676228 -6.004112
v 2.220649 0.676228 -6.004111
v 5.445387 0.831101 -6.022883
v 2.220649 0.831101 -6.022882
v 5.445387 0.831101 -6.004111
v 2.220649 0.831101 -6.004111
v 5.445387 0.790574 -6.022883
v 2.220649 0.790574 -6.022882
v 5.445387 0.790574 -6.004111
v 2.220649 0.790574 -6.004111
v -5.076617 0.600716 -6.022884
v -1.851880 0.600716 -6.022883
v -5.076617 0.600716 -6.004112
v -1.851880 0.600716 -6.004111
v -5.076617 0.560188 -6.022884
v -1.851880 0.560188 -6.022883
v -5.076617 0.560188 -6.004112
v -1.851880 0.560188 -6.004111
v -5.076617 0.716755 -6.022883
v -1.851880 0.716755 -6.022882
v -5.076617 0.716755 -6.004111
v -1.851880 0.716755 -6.004111
v -5.076617 0.676228 -6.022884
v -1.851880 0.676228 -6.022883
v -5.076617 0.676228 -6.004112
v -1.851880 0.676228 -6.004111
v -5.076617 0.831101 -6.022883
v -1.851880 0.831101 -6.022882
v -5.076617 0.831101 -6.004111
v -1.851880 0.831101 -6.004111
v -5.076617 0.790574 -6.022883
v -1.851880 0.790574 -6.022882
v -5.076617 0.790574 -6.004111
v -1.851880 0.790574 -6.004111
v 5.445387 0.939357 -6.022883
v 2.220649 0.939357 -6.022882
v 5.445387 0.939357 -6.004111
v 2.220649 0.939357 -6.004111
v 5.445387 0.898830 -6.022883
v 2.220649 0.898830 -6.022882
v 5.445387 0.898830 -6.004111
v 2.220649 0.898830 -6.004111
v 5.445387 1.055397 -6.022883
v 2.220649 1.055397 -6.022882
v 5.445387 1.055397 -6.004111
v 2.220649 1.055397 -6.004111
v 5.445387 1.014869 -6.022883
v 2.220649 1.014870 -6.022882
v 5.445387 1.014869 -6.004111
v 2.220649 1.014870 -6.004111
v 5.445387 1.169743 -6.022883
v 2.220649 1.169743 -6.022882
v 5.445387 1.169743 -6.004111
v 2.220649 1.169743 -6.004111
v 5.445387 1.129215 -6.022883
v 2.220649 1.129216 -6.022882
v 5.445387 1.129215 -6.004111
v 2.220649 1.129216 -6.004111
v -5.076617 0.939357 -6.022883
v -1.851880 0.939357 -6.022882
v -5.076617 0.939357 -6.004111
v -1.851880 0.939357 -6.004111
v -5.076617 0.898830 -6.022883
v -1.851880 0.898830 -6.022882
v -5.076617 0.898830 -6.004111
v -1.851880 0.898830 -6.004111
v -5.076617 1.055397 -6.022883
v -1.851880 1.055397 -6.022882
v -5.076617 1.055397 -6.004111
v -1.851880 1.055397 -6.004111
v -5.076617 1.014869 -6.022883
v -1.851880 1.014870 -6.022882
v -5.076617 1.014869 -6.004111
v -1.851880 1.014870 -6.004111
v -5.076617 1.169743 -6.022883
v -1.851880 1.169743 -6.022882
v -5.076617 1.169743 -6.004111
v -1.851880 1.169743 -6.004111
v -5.076617 1.129215 -6.022883
v -1.851880 1.129216 -6.022882
v -5.076617 1.129215 -6.004111
v -1.851880 1.129216 -6.004111
v 1.453811 1.226218 4.493906
v 1.453811 2.666882 4.493906
v 1.453811 1.226218 4.438735
v 1.453811 2.666882 4.438735
v 1.300556 1.072962 4.493906
v 1.300556 2.820138 4.493906
v 1.300556 1.072962 4.438735
v 1.300556 2.820138 4.438735
v 2.702489 1.226218 4.493906
v 2.702489 1.226218 4.438735
v 2.855744 1.072962 4.493906
v 2.855744 1.072962 4.438735
v 2.702489 2.666882 4.493906
v 2.702489 2.666882 4.438735
v 2.855744 2.820138 4.493906
v 2.855744 2.820138 4.438735
v 1.543629 2.596707 4.340652
v 1.543629 1.296393 4.340651
v 1.843771 1.296393 4.340651
v 1.843771 2.596707 4.340652
v 1.453811 2.666882 4.369838
v 1.453811 1.226218 4.369838
v 1.543629 2.596707 4.369838
v 1.543629 1.296393 4.369838
v 1.916621 2.666882 4.369838
v 1.843771 2.596707 4.369838
v 1.843771 1.296393 4.369838
v 1.916621 1.226218 4.369837
v 1.985465 1.296393 4.361846
v 1.985465 2.596707 4.361846
v 1.985465 1.296393 4.386577
v 1.916621 2.666882 4.386577
v 1.916621 1.226218 4.386577
v 1.985465 2.596707 4.386577
v 2.624689 1.296393 4.361846
v 2.624689 2.596707 4.361846
v 2.624689 1.296393 4.386577
v 2.624689 2.596707 4.386577
v 2.702489 2.666882 4.386577
v 2.702489 1.226218 4.386577
v 4.577521 1.226218 4.493906
v 4.577521 2.666882 4.493906
v 4.577521 1.226218 4.438735
v 4.577521 2.666882 4.438735
v 4.730776 1.072962 4.493906
v 4.730776 2.820138 4.493906
v 4.730776 1.072962 4.438735
v 4.730776 2.820138 4.438735
v 3.328843 1.226218 4.493906
v 3.328843 1.226218 4.438735
v 3.175588 1.072962 4.493906
v 3.175588 1.072962 4.438735
v 3.328843 2.666882 4.493906
v 3.328843 2.666882 4.438735
v 3.175588 2.820138 4.493906
v 3.175588 2.820138 4.438735
v 4.487703 2.596707 4.340652
v 4.487703 1.296393 4.340651
v 4.187562 1.296393 4.340651
v 4.187562 2.596707 4.340652
v 4.577521 2.666882 4.369838
v 4.577521 1.226218 4.369838
v 4.487703 2.596707 4.369838
v 4.487703 1.296393 4.369838
v 4.114711 2.666882 4.369838
v 4.187562 2.596707 4.369838
v 4.187562 1.296393 4.369838
v 4.114712 1.226218 4.369837
v 4.045867 1.296393 4.361846
v 4.045867 2.596707 4.361846
v 4.045867 1.296393 4.386577
v 4.114712 2.666882 4.386577
v 4.114712 1.226218 4.386577
v 4.045867 2.596707 4.386577
v 3.406644 1.296393 4.361846
v 3.406644 2.596707 4.361846
v 3.406644 1.296393 4.386577
v 3.406644 2.596707 4.386577
v 3.328843 2.666882 4.386577
v 3.328843 1.226218 4.386577
v 3.231681 1.672332 -3.608184
v 3.231681 2.596707 -3.608184
v 3.231681 1.672332 -3.632914
v 3.162836 2.666882 -3.632914
v 3.162836 1.602157 -3.632914
v 3.231681 2.596707 -3.632914
v 3.883632 1.672332 -3.608184
v 3.883632 2.596707 -3.608184
v 3.883632 1.672332 -3.632914
v 3.883632 2.596707 -3.632914
v 3.961433 2.666882 -3.632914
v 3.961433 1.602157 -3.632914
v -1.455830 1.672332 -3.608184
v -1.455830 2.596707 -3.608184
v -1.455830 1.672332 -3.632914
v -1.386985 2.666882 -3.632914
v -1.386985 1.602157 -3.632914
v -1.455830 2.596707 -3.632914
v -2.107781 1.672332 -3.608184
v -2.107781 2.596707 -3.608184
v -2.107781 1.672332 -3.632914
v -2.107781 2.596707 -3.632914
v -2.185581 2.666882 -3.632914
v -2.185581 1.602157 -3.632914
v 3.162837 1.602157 -3.781873
v 3.162837 2.666882 -3.781873
v 3.162837 1.602157 -3.726701
v 3.162837 2.666882 -3.726701
v 3.009581 1.448902 -3.781873
v 3.009581 2.820138 -3.781873
v 3.009581 1.448902 -3.726701
v 3.009581 2.820138 -3.726701
v 3.961433 1.602157 -3.781873
v 3.961433 1.602157 -3.726701
v 4.114687 1.448902 -3.781873
v 4.114687 1.448902 -3.726701
v 3.961433 2.666882 -3.781873
v 3.961433 2.666882 -3.726701
v 4.114687 2.820138 -3.781873
v 4.114687 2.820138 -3.726701
v -1.386984 1.602157 -3.781873
v -1.386984 2.666882 -3.781873
v -1.386984 1.602157 -3.726701
v -1.386984 2.666882 -3.726701
v -1.233729 1.448902 -3.781873
v -1.233729 2.820138 -3.781873
v -1.233729 1.448902 -3.726701
v -1.233729 2.820138 -3.726701
v -2.185580 1.602157 -3.781873
v -2.185580 1.602157 -3.726701
v -2.338835 1.448902 -3.781873
v -2.338835 1.448902 -3.726701
v -2.185580 2.666882 -3.781873
v -2.185580 2.666882 -3.726701
v -2.338835 2.820138 -3.781873
v -2.338835 2.820138 -3.726701
v -5.100432 2.528316 6.954068
v -5.100432 2.498600 6.954068
v -5.083622 2.528316 6.942837
v -5.083622 2.498600 6.942837
v -5.072390 2.528316 6.926027
v -5.072390 2.498600 6.926027
v -5.068447 2.528316 6.906199
v -5.068447 2.498600 6.906199
v -5.072390 2.528316 6.886372
v -5.072390 2.498600 6.886372
v -5.083622 2.528316 6.869564
v -5.083622 2.498600 6.869564
v -5.100432 2.528316 6.858329
v -5.100432 2.498600 6.858329
v -5.140089 2.528316 6.858330
v -5.140089 2.498600 6.858330
v -5.156897 2.528316 6.869562
v -5.156897 2.498600 6.869562
v -5.168128 2.528316 6.886370
v -5.168128 2.498600 6.886370
v -5.172073 2.528316 6.906197
v -5.172073 2.498600 6.906197
v -5.168128 2.528316 6.926026
v -5.168128 2.498600 6.926026
v -5.156897 2.528316 6.942837
v -5.156897 2.498600 6.942837
v -5.140089 2.528316 6.954068
v -5.140089 2.498600 6.954068
v -5.120261 2.528316 6.958013
v -5.120261 2.498600 6.958013
v -5.125032 2.528462 6.854702
v -5.115487 2.528462 6.854702
v -5.125032 2.498600 6.854702
v -5.115487 2.498600 6.854702
v -5.125032 2.528462 6.755989
v -5.125032 2.498600 6.755989
v -5.115486 2.528462 6.755989
v -5.115486 2.498600 6.755989
v -5.143859 2.491122 6.755989
v -5.143859 2.537829 6.755989
v -5.143859 2.491122 6.744515
v -5.143859 2.537829 6.744515
v -5.097152 2.491122 6.755989
v -5.097152 2.537829 6.755989
v -5.097152 2.491122 6.744515
v -5.097152 2.537829 6.744515
v 5.510806 2.528317 4.652373
v 5.510806 2.498600 4.652373
v 5.527616 2.528317 4.641143
v 5.527616 2.498600 4.641143
v 5.538848 2.528317 4.624332
v 5.538848 2.498600 4.624332
v 5.542790 2.528317 4.604505
v 5.542790 2.498600 4.604505
v 5.538848 2.528317 4.584678
v 5.538848 2.498600 4.584678
v 5.527616 2.528317 4.567869
v 5.527616 2.498600 4.567869
v 5.510806 2.528317 4.556634
v 5.510806 2.498600 4.556634
v 5.471149 2.528317 4.556635
v 5.471149 2.498600 4.556635
v 5.454341 2.528317 4.567867
v 5.454341 2.498600 4.567867
v 5.443109 2.528317 4.584676
v 5.443109 2.498600 4.584676
v 5.439165 2.528317 4.604503
v 5.439165 2.498600 4.604503
v 5.443109 2.528317 4.624331
v 5.443109 2.498600 4.624331
v 5.454341 2.528317 4.641143
v 5.454341 2.498600 4.641143
v 5.471149 2.528317 4.652373
v 5.471149 2.498600 4.652373
v 5.490977 2.528317 4.656318
v 5.490977 2.498600 4.656318
v 5.486205 2.528463 4.553007
v 5.495751 2.528463 4.553007
v 5.486205 2.498600 4.553007
v 5.495751 2.498600 4.553007
v 5.486205 2.528463 4.454295
v 5.486205 2.498600 4.454295
v 5.495752 2.528463 4.454295
v 5.495752 2.498600 4.454295
v 5.467379 2.491123 4.454295
v 5.467379 2.537829 4.454295
v 5.467379 2.491123 4.442821
v 5.467379 2.537829 4.442821
v 5.514086 2.491123 4.454295
v 5.514086 2.537829 4.454295
v 5.514086 2.491123 4.442821
v 5.514086 2.537829 4.442821
v -5.100432 1.594188 6.954068
v -5.100432 1.564471 6.954068
v -5.083622 1.594188 6.942837
v -5.083622 1.564471 6.942837
v -5.072390 1.594188 6.926027
v -5.072390 1.564471 6.926027
v -5.068447 1.594188 6.906199
v -5.068447 1.564471 6.906199
v -5.072390 1.594188 6.886372
v -5.072390 1.564471 6.886372
v -5.083622 1.594188 6.869564
v -5.083622 1.564471 6.869564
v -5.100432 1.594188 6.858329
v -5.100432 1.564471 6.858329
v -5.140089 1.594188 6.858330
v -5.140089 1.564471 6.858330
v -5.156897 1.594188 6.869562
v -5.156897 1.564471 6.869562
v -5.168128 1.594188 6.886370
v -5.168128 1.564471 6.886370
v -5.172073 1.594188 6.906197
v -5.172073 1.564471 6.906197
v -5.168128 1.594188 6.926026
v -5.168128 1.564471 6.926026
v -5.156897 1.594188 6.942837
v -5.156897 1.564471 6.942837
v -5.140089 1.594188 6.954068
v -5.140089 1.564471 6.954068
v -5.120261 1.594188 6.958013
v -5.120261 1.564471 6.958013
v -5.125032 1.594333 6.854702
v -5.115487 1.594333 6.854702
v -5.125032 1.564471 6.854702
v -5.115487 1.564471 6.854702
v -5.125032 1.594334 6.755989
v -5.125032 1.564471 6.755989
v -5.115486 1.594334 6.755989
v -5.115486 1.564471 6.755989
v -5.143859 1.556994 6.755989
v -5.143859 1.603700 6.755989
v -5.143859 1.556994 6.744515
v -5.143859 1.603700 6.744515
v -5.097152 1.556994 6.755989
v -5.097152 1.603700 6.755989
v -5.097152 1.556994 6.744515
v -5.097152 1.603700 6.744515
v 5.510806 1.594188 4.652373
v 5.510806 1.564472 4.652373
v 5.527616 1.594188 4.641143
v 5.527616 1.564472 4.641143
v 5.538848 1.594188 4.624332
v 5.538848 1.564472 4.624332
v 5.542790 1.594188 4.604505
v 5.542790 1.564472 4.604505
v 5.538848 1.594188 4.584678
v 5.538848 1.564472 4.584678
v 5.527616 1.594188 4.567869
v 5.527616 1.564472 4.567869
v 5.510806 1.594188 4.556634
v 5.510806 1.564472 4.556634
v 5.471149 1.594188 4.556635
v 5.471149 1.564472 4.556635
v 5.454341 1.594188 4.567867
v 5.454341 1.564472 4.567867
v 5.443109 1.594188 4.584676
v 5.443109 1.564472 4.584676
v 5.439165 1.594188 4.604503
v 5.439165 1.564472 4.604503
v 5.443109 1.594188 4.624331
v 5.443109 1.564472 4.624331
v 5.454341 1.594188 4.641143
v 5.454341 1.564472 4.641143
v 5.471149 1.594188 4.652373
v 5.471149 1.564472 4.652373
v 5.490977 1.594188 4.656318
v 5.490977 1.564472 4.656318
v 5.486205 1.594334 4.553007
v 5.495751 1.594334 4.553007
v 5.486205 1.564472 4.553007
v 5.495751 1.564472 4.553007
v 5.486205 1.594334 4.454295
v 5.486205 1.564472 4.454295
v 5.495752 1.594334 4.454295
v 5.495752 1.564472 4.454295
v 5.467379 1.556994 4.454295
v 5.467379 1.603700 4.454295
v 5.467379 1.556994 4.442821
v 5.467379 1.603700 4.442821
v 5.514086 1.556994 4.454295
v 5.514086 1.603700 4.454295
v 5.514086 1.556994 4.442821
v 5.514086 1.603700 4.442821
v -5.100432 0.660059 6.954067
v -5.100432 0.630342 6.954067
v -5.083622 0.660059 6.942837
v -5.083622 0.630342 6.942837
v -5.072390 0.660059 6.926026
v -5.072390 0.630342 6.926026
v -5.068447 0.660059 6.906199
v -5.068447 0.630342 6.906199
v -5.072390 0.660059 6.886371
v -5.072390 0.630342 6.886371
v -5.083622 0.660059 6.869563
v -5.083622 0.630342 6.869563
v -5.100432 0.660059 6.858328
v -5.100432 0.630342 6.858328
v -5.140089 0.660059 6.858329
v -5.140089 0.630342 6.858329
v -5.156897 0.660059 6.869561
v -5.156897 0.630342 6.869561
v -5.168128 0.660059 6.886370
v -5.168128 0.630342 6.886370
v -5.172073 0.660059 6.906197
v -5.172073 0.630342 6.906197
v -5.168128 0.660059 6.926025
v -5.168128 0.630342 6.926025
v -5.156897 0.660059 6.942837
v -5.156897 0.630342 6.942837
v -5.140089 0.660059 6.954067
v -5.140089 0.630342 6.954067
v -5.120261 0.660059 6.958012
v -5.120261 0.630342 6.958012
v -5.125032 0.660205 6.854701
v -5.115487 0.660205 6.854701
v -5.125032 0.630342 6.854701
v -5.115487 0.630342 6.854701
v -5.125032 0.660205 6.755989
v -5.125032 0.630342 6.755989
v -5.115486 0.660205 6.755989
v -5.115486 0.630342 6.755989
v -5.143859 0.622865 6.755989
v -5.143859 0.669571 6.755989
v -5.143859 0.622865 6.744514
v -5.143859 0.669571 6.744514
v -5.097152 0.622865 6.755989
v -5.097152 0.669571 6.755989
v -5.097152 0.622865 6.744514
v -5.097152 0.669571 6.744514
v 5.510806 0.660059 4.652373
v 5.510806 0.630343 4.652373
v 5.527616 0.660059 4.641142
v 5.527616 0.630343 4.641142
v 5.538848 0.660059 4.624332
v 5.538848 0.630343 4.624332
v 5.542790 0.660059 4.604505
v 5.542790 0.630343 4.604505
v 5.538848 0.660059 4.584677
v 5.538848 0.630343 4.584677
v 5.527616 0.660059 4.567868
v 5.527616 0.630343 4.567868
v 5.510806 0.660059 4.556634
v 5.510806 0.630343 4.556634
v 5.471149 0.660059 4.556635
v 5.471149 0.630343 4.556635
v 5.454341 0.660059 4.567866
v 5.454341 0.630343 4.567866
v 5.443109 0.660059 4.584675
v 5.443109 0.630343 4.584675
v 5.439165 0.660059 4.604503
v 5.439165 0.630343 4.604503
v 5.443109 0.660059 4.624331
v 5.443109 0.630343 4.624331
v 5.454341 0.660059 4.641142
v 5.454341 0.630343 4.641142
v 5.471149 0.660059 4.652373
v 5.471149 0.630343 4.652373
v 5.490977 0.660059 4.656317
v 5.490977 0.630343 4.656317
v 5.486205 0.660205 4.553007
v 5.495751 0.660205 4.553007
v 5.486205 0.630343 4.553007
v 5.495751 0.630343 4.553007
v 5.486205 0.660205 4.454294
v 5.486205 0.630343 4.454294
v 5.495752 0.660205 4.454294
v 5.495752 0.630343 4.454294
v 5.467379 0.622865 4.454294
v 5.467379 0.669571 4.454294
v 5.467379 0.622865 4.442820
v 5.467379 0.669571 4.442820
v 5.514086 0.622865 4.454294
v 5.514086 0.669571 4.454294
v 5.514086 0.622865 4.442820
v 5.514086 0.669571 4.442820
v -5.187419 2.605156 -6.715755
v -5.172903 2.605078 -6.680704
v -5.187421 2.605000 -6.645655
v -5.222468 2.604969 -6.631138
v -5.257519 2.605000 -6.645655
v -5.272038 2.605078 -6.680704
v -5.257519 2.605156 -6.715755
v -5.222468 2.605189 -6.730273
v -5.187419 2.413427 -6.714439
v -5.172903 2.421953 -6.680704
v -5.187419 2.430479 -6.646968
v -5.222468 2.434011 -6.632996
v -5.257519 2.430479 -6.646968
v -5.272038 2.421953 -6.680704
v -5.257519 2.413427 -6.714439
v -5.222468 2.409895 -6.728413
v -5.187419 2.352240 -6.675313
v -5.172902 2.372304 -6.648338
v -5.187419 2.392369 -6.621366
v -5.222469 2.400679 -6.610191
v -5.257519 2.392369 -6.621367
v -5.272038 2.372304 -6.648338
v -5.257519 2.352240 -6.675313
v -5.222468 2.343928 -6.686485
v -5.187421 2.198977 -6.253846
v -5.172902 2.219646 -6.227446
v -5.187419 2.240315 -6.201047
v -5.222468 2.248877 -6.190111
v -5.257519 2.240315 -6.201048
v -5.272038 2.219646 -6.227446
v -5.257519 2.198977 -6.253846
v -5.222468 2.190415 -6.264782
v -5.187419 2.166327 -6.230048
v -5.172902 2.174979 -6.196354
v -5.187419 2.183631 -6.162657
v -5.222468 2.187215 -6.148702
v -5.257519 2.183631 -6.162659
v -5.272038 2.174979 -6.196352
v -5.257519 2.166327 -6.230048
v -5.222468 2.162743 -6.244006
v -5.187419 0.374400 -6.231309
v -5.172902 0.372112 -6.196351
v -5.187419 0.369823 -6.161395
v -5.222469 0.368876 -6.146916
v -5.257519 0.369823 -6.161395
v -5.272038 0.372112 -6.196352
v -5.257519 0.374400 -6.231309
v -5.222468 0.375348 -6.245790
v -5.187419 0.256414 -6.237286
v -5.172902 0.242442 -6.205892
v -5.187419 0.228471 -6.174497
v -5.222468 0.222683 -6.161494
v -5.257519 0.228471 -6.174497
v -5.272038 0.242442 -6.205892
v -5.257519 0.256414 -6.237286
v -5.222468 0.262201 -6.250290
v -5.187419 0.199885 -6.275349
v -5.172902 0.182134 -6.246428
v -5.187419 0.164383 -6.217508
v -5.222468 0.157030 -6.205528
v -5.257519 0.164383 -6.217508
v -5.272038 0.182134 -6.246429
v -5.257519 0.199885 -6.275349
v -5.222468 0.207239 -6.287330
v -5.187419 0.142485 -6.335945
v -5.172901 0.121965 -6.309985
v -5.187419 0.101444 -6.284025
v -5.222468 0.092943 -6.273272
v -5.257519 0.101444 -6.284025
v -5.272038 0.121965 -6.309985
v -5.257519 0.142485 -6.335945
v -5.222468 0.150987 -6.346699
v 5.556188 2.605156 -6.715755
v 5.541671 2.605078 -6.680704
v 5.556190 2.605000 -6.645655
v 5.591237 2.604969 -6.631138
v 5.626288 2.605000 -6.645655
v 5.640806 2.605078 -6.680704
v 5.626288 2.605156 -6.715755
v 5.591237 2.605189 -6.730273
v 5.556188 2.413427 -6.714439
v 5.541671 2.421953 -6.680704
v 5.556188 2.430479 -6.646968
v 5.591237 2.434011 -6.632996
v 5.626288 2.430479 -6.646968
v 5.640806 2.421953 -6.680704
v 5.626288 2.413427 -6.714439
v 5.591237 2.409895 -6.728413
v 5.556188 2.352240 -6.675313
v 5.541671 2.372304 -6.648338
v 5.556188 2.392369 -6.621366
v 5.591238 2.400679 -6.610191
v 5.626288 2.392369 -6.621367
v 5.640807 2.372304 -6.648338
v 5.626288 2.352240 -6.675313
v 5.591237 2.343928 -6.686485
v 5.556190 2.198977 -6.253846
v 5.541671 2.219646 -6.227446
v 5.556188 2.240315 -6.201047
v 5.591237 2.248877 -6.190111
v 5.626288 2.240315 -6.201048
v 5.640807 2.219646 -6.227446
v 5.626288 2.198977 -6.253846
v 5.591237 2.190415 -6.264782
v 5.556188 2.166327 -6.230048
v 5.541671 2.174979 -6.196354
v 5.556188 2.183631 -6.162657
v 5.591237 2.187215 -6.148702
v 5.626288 2.183631 -6.162659
v 5.640806 2.174979 -6.196352
v 5.626288 2.166327 -6.230048
v 5.591237 2.162743 -6.244006
v 5.556188 0.374400 -6.231309
v 5.541671 0.372112 -6.196351
v 5.556188 0.369823 -6.161395
v 5.591238 0.368876 -6.146916
v 5.626287 0.369823 -6.161395
v 5.640806 0.372112 -6.196352
v 5.626287 0.374400 -6.231309
v 5.591237 0.375348 -6.245790
v 5.556188 0.256414 -6.237286
v 5.541671 0.242442 -6.205892
v 5.556188 0.228471 -6.174497
v 5.591237 0.222683 -6.161494
v 5.626287 0.228471 -6.174497
v 5.640806 0.242442 -6.205892
v 5.626288 0.256414 -6.237286
v 5.591237 0.262201 -6.250290
v 5.556188 0.199885 -6.275349
v 5.541671 0.182134 -6.246428
v 5.556188 0.164383 -6.217508
v 5.591237 0.157030 -6.205528
v 5.626287 0.164383 -6.217508
v 5.640806 0.182134 -6.246429
v 5.626288 0.199885 -6.275349
v 5.591237 0.207239 -6.287330
v 5.556188 0.142485 -6.335945
v 5.541670 0.121965 -6.309985
v 5.556188 0.101444 -6.284025
v 5.591237 0.092943 -6.273272
v 5.626287 0.101444 -6.284025
v 5.640806 0.121965 -6.309985
v 5.626287 0.142485 -6.335945
v 5.591237 0.150987 -6.346699
v -5.203229 2.092951 -6.245173
v -5.203229 2.063235 -6.245173
v -5.186419 2.092951 -6.233942
v -5.186419 2.063235 -6.233942
v -5.175188 2.092951 -6.217132
v -5.175188 2.063235 -6.217132
v -5.171244 2.092951 -6.197304
v -5.171244 2.063235 -6.197304
v -5.175188 2.092951 -6.177477
v -5.175188 2.063235 -6.177477
v -5.186419 2.092951 -6.160667
v -5.186419 2.063235 -6.160667
v -5.203229 2.092951 -6.149434
v -5.203229 2.063235 -6.149434
v -5.242886 2.092951 -6.149435
v -5.242886 2.063235 -6.149435
v -5.259695 2.092951 -6.160666
v -5.259695 2.063235 -6.160666
v -5.270926 2.092951 -6.177475
v -5.270926 2.063235 -6.177475
v -5.274870 2.092951 -6.197302
v -5.274870 2.063235 -6.197302
v -5.270926 2.092951 -6.217131
v -5.270926 2.063235 -6.217131
v -5.259695 2.092951 -6.233942
v -5.259695 2.063235 -6.233942
v -5.242886 2.092951 -6.245173
v -5.242886 2.063235 -6.245173
v -5.223058 2.092951 -6.249117
v -5.223058 2.063235 -6.249117
v -5.227830 2.093097 -6.145807
v -5.218284 2.093097 -6.145807
v -5.227830 2.063235 -6.145807
v -5.218284 2.063235 -6.145807
v -5.227830 2.093097 -6.073014
v -5.227830 2.063235 -6.073014
v -5.218283 2.093097 -6.073014
v -5.218283 2.063235 -6.073014
v -5.246656 2.055757 -6.073015
v -5.246656 2.102463 -6.073015
v -5.246656 2.055757 -6.061541
v -5.246656 2.102463 -6.061541
v -5.199950 2.055757 -6.073015
v -5.199950 2.102463 -6.073015
v -5.199950 2.055757 -6.061541
v -5.199950 2.102463 -6.061541
v -5.203229 0.612351 -6.245173
v -5.203229 0.582635 -6.245173
v -5.186419 0.612351 -6.233943
v -5.186419 0.582635 -6.233943
v -5.175188 0.612351 -6.217133
v -5.175188 0.582635 -6.217133
v -5.171244 0.612351 -6.197304
v -5.171244 0.582635 -6.197304
v -5.175188 0.612351 -6.177477
v -5.175188 0.582635 -6.177477
v -5.186419 0.612351 -6.160668
v -5.186419 0.582635 -6.160668
v -5.203229 0.612351 -6.149434
v -5.203229 0.582635 -6.149434
v -5.242886 0.612351 -6.149435
v -5.242886 0.582635 -6.149435
v -5.259695 0.612351 -6.160666
v -5.259695 0.582635 -6.160666
v -5.270926 0.612351 -6.177475
v -5.270926 0.582635 -6.177475
v -5.274870 0.612351 -6.197303
v -5.274870 0.582635 -6.197303
v -5.270926 0.612351 -6.217131
v -5.270926 0.582635 -6.217131
v -5.259695 0.612351 -6.233943
v -5.259695 0.582635 -6.233943
v -5.242886 0.612351 -6.245173
v -5.242886 0.582635 -6.245173
v -5.223058 0.612351 -6.249118
v -5.223058 0.582635 -6.249118
v -5.227830 0.612497 -6.145807
v -5.218284 0.612497 -6.145807
v -5.227830 0.582635 -6.145807
v -5.218284 0.582635 -6.145807
v -5.227830 0.612497 -6.073015
v -5.227830 0.582635 -6.073015
v -5.218283 0.612497 -6.073015
v -5.218283 0.582635 -6.073015
v -5.246656 0.575157 -6.073016
v -5.246656 0.621864 -6.073016
v -5.246656 0.575157 -6.061542
v -5.246656 0.621864 -6.061542
v -5.199950 0.575157 -6.073016
v -5.199950 0.621864 -6.073016
v -5.199950 0.575157 -6.061542
v -5.199950 0.621864 -6.061542
v 5.571998 2.092951 -6.245173
v 5.571998 2.063235 -6.245173
v 5.555188 2.092951 -6.233942
v 5.555188 2.063235 -6.233942
v 5.543956 2.092951 -6.217132
v 5.543956 2.063235 -6.217132
v 5.540013 2.092951 -6.197304
v 5.540013 2.063235 -6.197304
v 5.543956 2.092951 -6.177477
v 5.543956 2.063235 -6.177477
v 5.555188 2.092951 -6.160667
v 5.555188 2.063235 -6.160667
v 5.571998 2.092951 -6.149434
v 5.571998 2.063235 -6.149434
v 5.611655 2.092951 -6.149435
v 5.611655 2.063235 -6.149435
v 5.628463 2.092951 -6.160666
v 5.628463 2.063235 -6.160666
v 5.639695 2.092951 -6.177475
v 5.639695 2.063235 -6.177475
v 5.643639 2.092951 -6.197302
v 5.643639 2.063235 -6.197302
v 5.639695 2.092951 -6.217131
v 5.639695 2.063235 -6.217131
v 5.628463 2.092951 -6.233942
v 5.628463 2.063235 -6.233942
v 5.611655 2.092951 -6.245173
v 5.611655 2.063235 -6.245173
v 5.591827 2.092951 -6.249117
v 5.591827 2.063235 -6.249117
v 5.596599 2.093097 -6.145807
v 5.587053 2.093097 -6.145807
v 5.596599 2.063235 -6.145807
v 5.587053 2.063235 -6.145807
v 5.596599 2.093097 -6.073014
v 5.596599 2.063235 -6.073014
v 5.587052 2.093097 -6.073014
v 5.587052 2.063235 -6.073014
v 5.615425 2.055757 -6.073015
v 5.615425 2.102463 -6.073015
v 5.615425 2.055757 -6.061541
v 5.615425 2.102463 -6.061541
v 5.568718 2.055757 -6.073015
v 5.568718 2.102463 -6.073015
v 5.568718 2.055757 -6.061541
v 5.568718 2.102463 -6.061541
v 5.571998 0.612351 -6.245173
v 5.571998 0.582635 -6.245173
v 5.555188 0.612351 -6.233943
v 5.555188 0.582635 -6.233943
v 5.543956 0.612351 -6.217133
v 5.543956 0.582635 -6.217133
v 5.540013 0.612351 -6.197304
v 5.540013 0.582635 -6.197304
v 5.543956 0.612351 -6.177477
v 5.543956 0.582635 -6.177477
v 5.555188 0.612351 -6.160668
v 5.555188 0.582635 -6.160668
v 5.571998 0.612351 -6.149434
v 5.571998 0.582635 -6.149434
v 5.611655 0.612351 -6.149435
v 5.611655 0.582635 -6.149435
v 5.628463 0.612351 -6.160666
v 5.628463 0.582635 -6.160666
v 5.639695 0.612351 -6.177475
v 5.639695 0.582635 -6.177475
v 5.643639 0.612351 -6.197303
v 5.643639 0.582635 -6.197303
v 5.639695 0.612351 -6.217131
v 5.639695 0.582635 -6.217131
v 5.628463 0.612351 -6.233943
v 5.628463 0.582635 -6.233943
v 5.611655 0.612351 -6.245173
v 5.611655 0.582635 -6.245173
v 5.591827 0.612351 -6.249118
v 5.591827 0.582635 -6.249118
v 5.596599 0.612497 -6.145807
v 5.587053 0.612497 -6.145807
v 5.596599 0.582635 -6.145807
v 5.587053 0.582635 -6.145807
v 5.596599 0.612497 -6.073015
v 5.596599 0.582635 -6.073015
v 5.587052 0.612497 -6.073015
v 5.587052 0.582635 -6.073015
v 5.615425 0.575157 -6.073016
v 5.615425 0.621864 -6.073016
v 5.615425 0.575157 -6.061542
v 5.615425 0.621864 -6.061542
v 5.568718 0.575157 -6.073016
v 5.568718 0.621864 -6.073016
v 5.568718 0.575157 -6.061542
v 5.568718 0.621864 -6.061542
v 6.199548 4.198838 4.180462
v 6.187302 4.374689 4.283587
v 6.199548 4.374689 4.283587
v 6.187302 4.198838 4.180462
v 6.187302 4.156839 4.269548
v 6.187303 4.389954 4.325978
v 6.199548 4.012088 4.590152
v 6.199548 4.156839 4.269548
v 6.187303 4.057256 4.598489
v 6.199548 4.057256 4.598489
v 6.199548 4.389954 4.325978
v 6.187303 4.012088 4.590152
v 5.365570 4.198838 4.180462
v 5.353324 4.374689 4.283587
v 5.365570 4.374689 4.283587
v 5.353324 4.198838 4.180462
v 5.353324 4.156839 4.269548
v 5.353325 4.389954 4.325978
v 5.365570 4.012088 4.590152
v 5.365570 4.156839 4.269548
v 5.353325 4.057256 4.598489
v 5.365570 4.057256 4.598489
v 5.365570 4.389954 4.325978
v 5.353325 4.012088 4.590152
v 4.531592 4.198838 4.180462
v 4.519346 4.374689 4.283587
v 4.531592 4.374689 4.283587
v 4.519346 4.198838 4.180462
v 4.519346 4.156839 4.269548
v 4.519347 4.389954 4.325978
v 4.531592 4.012088 4.590152
v 4.531592 4.156839 4.269548
v 4.519347 4.057256 4.598489
v 4.531592 4.057256 4.598489
v 4.531592 4.389954 4.325978
v 4.519347 4.012088 4.590152
v 3.697615 4.198838 4.180462
v 3.685368 4.374689 4.283587
v 3.697615 4.374689 4.283587
v 3.685368 4.198838 4.180462
v 3.685368 4.156839 4.269548
v 3.685370 4.389954 4.325978
v 3.697615 4.012088 4.590152
v 3.697615 4.156839 4.269548
v 3.685370 4.057256 4.598489
v 3.697615 4.057256 4.598489
v 3.697615 4.389954 4.325978
v 3.685370 4.012088 4.590152
v 2.863637 4.198838 4.180462
v 2.851391 4.374689 4.283587
v 2.863637 4.374689 4.283587
v 2.851391 4.198838 4.180462
v 2.851391 4.156839 4.269548
v 2.851392 4.389954 4.325978
v 2.863637 4.012088 4.590152
v 2.863637 4.156839 4.269548
v 2.851392 4.057256 4.598489
v 2.863637 4.057256 4.598489
v 2.863637 4.389954 4.325978
v 2.851392 4.012088 4.590152
v 2.029660 4.198838 4.180462
v 2.017413 4.374689 4.283587
v 2.029660 4.374689 4.283587
v 2.017413 4.198838 4.180462
v 2.017413 4.156839 4.269548
v 2.017414 4.389954 4.325978
v 2.029660 4.012088 4.590152
v 2.029660 4.156839 4.269548
v 2.017414 4.057256 4.598489
v 2.029660 4.057256 4.598489
v 2.029660 4.389954 4.325978
v 2.017414 4.012088 4.590152
v 1.195682 4.198838 4.180462
v 1.183435 4.374689 4.283587
v 1.195682 4.374689 4.283587
v 1.183435 4.198838 4.180462
v 1.183435 4.156839 4.269548
v 1.183436 4.389954 4.325978
v 1.195682 4.012088 4.590152
v 1.195682 4.156839 4.269548
v 1.183436 4.057256 4.598489
v 1.195682 4.057256 4.598489
v 1.195682 4.389954 4.325978
v 1.183436 4.012088 4.590152
v 0.361704 4.198838 4.180462
v 0.349458 4.374689 4.283587
v 0.361704 4.374689 4.283587
v 0.349458 4.198838 4.180462
v 0.349458 4.156839 4.269548
v 0.349459 4.389954 4.325978
v 0.361704 4.012088 4.590152
v 0.361704 4.156839 4.269548
v 0.349459 4.057256 4.598489
v 0.361704 4.057256 4.598489
v 0.361704 4.389954 4.325978
v 0.349459 4.012088 4.590152
v -0.472274 4.198838 4.180462
v -0.484520 4.374689 4.283587
v -0.472274 4.374689 4.283587
v -0.484520 4.198838 4.180462
v -0.484520 4.156839 4.269548
v -0.484519 4.389954 4.325978
v -0.472274 4.012088 4.590152
v -0.472274 4.156839 4.269548
v -0.484519 4.057256 4.598489
v -0.472274 4.057256 4.598489
v -0.472274 4.389954 4.325978
v -0.484519 4.012088 4.590152
v 6.395745 5.941857 0.212555
v -6.026976 5.941857 0.212555
v 6.395745 6.008574 0.356016
v -6.026976 6.008574 0.356016
v 6.395745 5.941857 0.499477
v -6.026976 5.941857 0.499477
v 6.399222 3.804442 5.055841
v 6.320721 3.804442 5.055841
v 6.399222 3.719711 5.055841
v -6.030454 3.804442 5.055841
v -5.951953 3.804442 5.055841
v -6.030454 3.719711 5.055841
v 6.399222 3.804443 -4.343809
v 6.399222 6.010607 0.356016
v 6.320721 3.804443 -4.343809
v 6.320721 6.010607 0.356016
v 6.399222 3.719712 -4.343809
v 6.399222 5.925876 0.356016
v -6.030454 3.804443 -4.343809
v -6.030454 6.010607 0.356016
v -5.951953 3.804443 -4.343809
v -5.951953 6.010607 0.356016
v -6.030454 3.719712 -4.343809
v -6.030454 5.925876 0.356016
v -0.601532 3.807748 5.063735
v -0.601532 3.210725 7.381159
v -0.672481 3.807748 5.063735
v -0.672481 3.210725 7.381159
v -0.601532 3.719712 5.063735
v -0.601532 3.122690 7.381159
v -6.032191 3.807748 5.063735
v -6.032191 3.210725 7.381159
v -5.961242 3.807748 5.063735
v -5.961242 3.210725 7.381159
v -6.032191 3.719712 5.063735
v -6.032191 3.122690 7.381159
v 6.395745 3.805546 -4.346720
v -6.026977 3.805546 -4.346720
v 6.395745 3.838638 -4.276567
v -6.026977 3.838638 -4.276567
v 6.395745 3.719712 -4.346720
v -6.026977 3.719712 -4.346720
v -4.815289 5.362658 -1.035386
v -4.815289 5.629747 -0.477556
v -4.172463 5.362658 -1.035386
v -4.172463 5.629747 -0.477556
v -4.236103 5.603306 -0.532781
v -4.236103 5.389100 -0.980161
v -4.751649 5.603306 -0.532781
v -4.751649 5.389100 -0.980161
v -4.236103 5.680823 -0.532781
v -4.236103 5.466617 -0.980161
v -4.751649 5.680823 -0.532781
v -4.751649 5.466617 -0.980161
v -1.350496 4.252923 -3.399154
v -1.345977 4.717290 -2.407084
v -0.826638 4.252923 -3.399154
v -0.831156 4.717290 -2.407084
v -0.876973 4.676323 -2.494606
v -0.876973 4.297930 -3.303000
v -1.300160 4.676323 -2.494606
v -1.300160 4.297930 -3.303000
v -0.876973 4.772285 -2.494606
v -0.876973 4.393892 -3.303000
v -1.300160 4.772285 -2.494606
v -1.300160 4.393892 -3.303000
v 6.395745 2.759445 -6.564803
v -6.026977 2.759445 -6.564803
v 6.395745 2.776823 -6.502335
v -6.026977 2.776823 -6.502335
v 6.395745 2.687267 -6.564803
v -6.026977 2.687267 -6.564803
v 6.395745 3.805545 5.058753
v -0.606749 3.805545 5.058753
v 6.395745 3.840241 4.985197
v -0.606749 3.840241 4.985197
v 6.395745 3.719711 5.058753
v -0.606749 3.719711 5.058753
v -6.026977 3.213180 7.384653
v -0.606749 3.213180 7.384653
v -6.026977 3.236333 7.296156
v -0.606749 3.236333 7.296156
v -6.026977 3.122689 7.384653
v -0.606749 3.122689 7.384653
v -5.417652 3.531697 5.027727
v -5.417652 3.453817 5.027727
v -5.480039 3.531697 5.027727
v -5.417652 3.806087 -3.730788
v -5.417652 5.723269 0.356017
v -5.417652 3.728208 -3.730788
v -5.417652 5.645390 0.356017
v -5.480039 3.806087 -3.730788
v -5.480039 5.723269 0.356017
v 5.782725 3.525581 -3.734495
v -5.413955 3.525581 -3.734495
v 5.782725 3.506143 -3.808455
v -5.413955 3.506143 -3.808455
v 5.782725 3.601859 -3.734495
v -5.413955 3.601859 -3.734495
v 6.403256 3.524806 -3.730787
v 6.403256 2.758581 -6.561447
v 6.323390 3.524806 -3.730787
v 6.323390 2.758581 -6.561447
v 6.403256 3.453490 -3.730787
v 6.403256 2.687265 -6.561447
v 6.395745 3.526788 -3.729664
v 5.782724 3.526788 -3.729664
v 6.395745 3.453490 -3.729664
v 5.782724 3.453490 -3.729664
v 6.395745 3.507971 -3.801257
v 5.782724 3.507971 -3.801257
v -6.034488 3.524806 -3.730787
v -6.034488 2.758581 -6.561447
v -5.954622 3.524806 -3.730787
v -5.954622 2.758581 -6.561447
v -6.034488 3.453490 -3.730787
v -6.034488 2.687265 -6.561447
v -6.026976 3.526788 -3.729664
v -5.413955 3.526788 -3.729664
v -6.026976 3.453490 -3.729664
v -5.413955 3.453490 -3.729664
v -6.026976 3.507971 -3.801257
v -5.413955 3.507971 -3.801257
v 5.786421 3.806085 4.442821
v 5.786421 3.728206 4.442821
v 5.848807 3.806085 4.442821
v 5.786421 3.806087 -3.730789
v 5.786421 5.723269 0.356016
v 5.786421 3.728207 -3.730789
v 5.786421 5.645390 0.356016
v 5.848807 3.806087 -3.730789
v 5.848807 5.723269 0.356016
v -5.460520 0.147642 1.064040
v -5.460520 0.208840 1.064040
v -5.460520 0.147642 -0.352009
v -5.460520 0.208841 -0.352009
v -5.435487 0.147642 1.064040
v -5.435487 0.208840 1.064040
v -5.435487 0.147642 -0.352009
v -5.435487 0.208841 -0.352009
v -5.460520 0.328221 1.064040
v -5.460520 0.389420 1.064040
v -5.460520 0.328221 -0.352009
v -5.460520 0.389420 -0.352009
v -5.435487 0.328221 1.064040
v -5.435487 0.389420 1.064040
v -5.435487 0.328221 -0.352009
v -5.435487 0.389420 -0.352009
v -5.460520 0.519423 1.064040
v -5.460520 0.580622 1.064040
v -5.460520 0.519423 -0.352008
v -5.460520 0.580622 -0.352008
v -5.435487 0.519423 1.064040
v -5.435487 0.580622 1.064040
v -5.435487 0.519423 -0.352008
v -5.435487 0.580622 -0.352008
v -5.460520 0.710516 1.064040
v -5.460520 0.771715 1.064040
v -5.460520 0.710516 -0.352008
v -5.460520 0.771715 -0.352008
v -5.435487 0.710516 1.064040
v -5.435487 0.771715 1.064040
v -5.435487 0.710516 -0.352008
v -5.435487 0.771715 -0.352008
v -5.460520 0.891096 1.064040
v -5.460520 0.952294 1.064040
v -5.460520 0.891096 -0.352008
v -5.460520 0.952295 -0.352008
v -5.435487 0.891096 1.064040
v -5.435487 0.952294 1.064040
v -5.435487 0.891096 -0.352008
v -5.435487 0.952295 -0.352008
v -5.460520 1.082297 1.064040
v -5.460520 1.143496 1.064040
v -5.460520 1.082297 -0.352008
v -5.460520 1.143496 -0.352008
v -5.435487 1.082297 1.064040
v -5.435487 1.143496 1.064040
v -5.435487 1.082297 -0.352008
v -5.435487 1.143496 -0.352008
v -5.460520 1.273390 1.064040
v -5.460520 1.334589 1.064040
v -5.460520 1.273390 -0.352008
v -5.460520 1.334589 -0.352008
v -5.435487 1.273390 1.064040
v -5.435487 1.334589 1.064040
v -5.435487 1.273390 -0.352008
v -5.435487 1.334589 -0.352008
v -5.460520 1.453970 1.064040
v -5.460520 1.515169 1.064040
v -5.460520 1.453970 -0.352008
v -5.460520 1.515169 -0.352008
v -5.435487 1.453970 1.064040
v -5.435487 1.515169 1.064040
v -5.435487 1.453970 -0.352008
v -5.435487 1.515169 -0.352008
v -5.460520 1.645172 1.064040
v -5.460520 1.706370 1.064040
v -5.460520 1.645172 -0.352008
v -5.460520 1.706371 -0.352008
v -5.435487 1.645172 1.064040
v -5.435487 1.706370 1.064040
v -5.435487 1.645172 -0.352008
v -5.435487 1.706371 -0.352008
v -5.460520 1.836264 1.064040
v -5.460520 1.897463 1.064040
v -5.460520 1.836265 -0.352008
v -5.460520 1.897463 -0.352008
v -5.435487 1.836264 1.064040
v -5.435487 1.897463 1.064040
v -5.435487 1.836265 -0.352008
v -5.435487 1.897463 -0.352008
v -5.460520 2.016844 1.064041
v -5.460520 2.078043 1.064041
v -5.460520 2.016845 -0.352008
v -5.460520 2.078043 -0.352008
v -5.435487 2.016844 1.064041
v -5.435487 2.078043 1.064041
v -5.435487 2.016845 -0.352008
v -5.435487 2.078043 -0.352008
v -5.460520 2.208046 1.064041
v -5.460520 2.269245 1.064041
v -5.460520 2.208046 -0.352008
v -5.460520 2.269245 -0.352008
v -5.435487 2.208046 1.064041
v -5.435487 2.269245 1.064041
v -5.435487 2.208046 -0.352008
v -5.435487 2.269245 -0.352008
v -5.460520 2.399139 1.064041
v -5.460520 2.460338 1.064041
v -5.460520 2.399139 -0.352008
v -5.460520 2.460338 -0.352008
v -5.435487 2.399139 1.064041
v -5.435487 2.460338 1.064041
v -5.435487 2.399139 -0.352008
v -5.435487 2.460338 -0.352008
v -5.460520 2.579718 1.064041
v -5.460520 2.640918 1.064041
v -5.460520 2.579719 -0.352008
v -5.460520 2.640918 -0.352008
v -5.435487 2.579718 1.064041
v -5.435487 2.640918 1.064041
v -5.435487 2.579719 -0.352008
v -5.435487 2.640918 -0.352008
v -5.460520 2.770920 1.064041
v -5.460520 2.832119 1.064041
v -5.460520 2.770921 -0.352008
v -5.460520 2.832119 -0.352008
v -5.435487 2.770920 1.064041
v -5.435487 2.832119 1.064041
v -5.435487 2.770921 -0.352008
v -5.435487 2.832119 -0.352008
v -5.460520 2.962013 1.064041
v -5.460520 3.023212 1.064041
v -5.460520 2.962013 -0.352008
v -5.460520 3.023212 -0.352008
v -5.435487 2.962013 1.064041
v -5.435487 3.023212 1.064041
v -5.435487 2.962013 -0.352008
v -5.435487 3.023212 -0.352008
v -5.460520 3.142593 1.064041
v -5.460520 3.203792 1.064041
v -5.460520 3.142593 -0.352008
v -5.460520 3.203792 -0.352008
v -5.435487 3.142593 1.064041
v -5.435487 3.203792 1.064041
v -5.435487 3.142593 -0.352008
v -5.435487 3.203792 -0.352008
v -5.460520 3.333795 1.064041
v -5.460520 3.394994 1.064041
v -5.460520 3.333795 -0.352008
v -5.460520 3.394994 -0.352008
v -5.435487 3.333795 1.064041
v -5.435487 3.394994 1.064041
v -5.435487 3.333795 -0.352008
v -5.435487 3.394994 -0.352008
v -5.460520 3.524887 1.064041
v -5.460520 3.586086 1.064041
v -5.460520 3.524888 -0.352008
v -5.460520 3.586087 -0.352008
v -5.435487 3.524887 1.064041
v -5.435487 3.586086 1.064041
v -5.435487 3.524888 -0.352008
v -5.435487 3.586087 -0.352008
v -5.460520 3.705467 1.064041
v -5.460520 3.766666 1.064041
v -5.460520 3.705467 -0.352008
v -5.460520 3.766666 -0.352008
v -5.435487 3.705467 1.064041
v -5.435487 3.766666 1.064041
v -5.435487 3.705467 -0.352008
v -5.435487 3.766666 -0.352008
v -5.460520 3.896669 1.064041
v -5.460520 3.957868 1.064041
v -5.460520 3.896669 -0.352008
v -5.460520 3.957868 -0.352008
v -5.435487 3.896669 1.064041
v -5.435487 3.957868 1.064041
v -5.435487 3.896669 -0.352008
v -5.435487 3.957868 -0.352008
v -5.460520 4.087762 1.064041
v -5.460520 4.148961 1.064041
v -5.460520 4.087762 -0.352008
v -5.460520 4.148961 -0.352008
v -5.435487 4.087762 1.064041
v -5.435487 4.148961 1.064041
v -5.435487 4.087762 -0.352008
v -5.435487 4.148961 -0.352008
v -5.460520 4.268342 1.064041
v -5.460520 4.329541 1.064041
v -5.460520 4.268342 -0.352008
v -5.460520 4.329541 -0.352008
v -5.435487 4.268342 1.064041
v -5.435487 4.329541 1.064041
v -5.435487 4.268342 -0.352008
v -5.435487 4.329541 -0.352008
v -5.460520 4.459543 1.064041
v -5.460520 4.520743 1.064041
v -5.460520 4.459543 -0.352008
v -5.460520 4.520743 -0.352008
v -5.435487 4.459543 1.064041
v -5.435487 4.520743 1.064041
v -5.435487 4.459543 -0.352008
v -5.435487 4.520743 -0.352008
v -5.460520 4.650636 1.064041
v -5.460520 4.711834 1.064041
v -5.460520 4.650636 -0.352008
v -5.460520 4.711834 -0.352008
v -5.435487 4.650636 1.064041
v -5.435487 4.711834 1.064041
v -5.435487 4.650636 -0.352008
v -5.435487 4.711834 -0.352008
v -5.460520 4.831215 1.064041
v -5.460520 4.892415 1.064041
v -5.460520 4.831215 -0.352008
v -5.460520 4.892415 -0.352008
v -5.435487 4.831215 1.064041
v -5.435487 4.892415 1.064041
v -5.435487 4.831215 -0.352008
v -5.435487 4.892415 -0.352008
v -5.460520 5.022418 1.064041
v -5.460520 5.083617 1.064041
v -5.460520 5.022418 -0.352008
v -5.460520 5.083617 -0.352008
v -5.435487 5.022418 1.064041
v -5.435487 5.083617 1.064041
v -5.435487 5.022418 -0.352008
v -5.435487 5.083617 -0.352008
v -5.460520 5.213511 1.064041
v -5.460520 5.274709 1.064041
v -5.460520 5.213511 -0.352008
v -5.460520 5.274709 -0.352008
v -5.435487 5.213511 1.064041
v -5.435487 5.274709 1.064041
v -5.435487 5.213511 -0.352008
v -5.435487 5.274709 -0.352008
v -5.460520 5.394090 1.064041
v -5.460520 5.455288 1.064041
v -5.460520 5.394090 -0.352008
v -5.460520 5.455288 -0.352008
v -5.435487 5.394090 1.064041
v -5.435487 5.455288 1.064041
v -5.435487 5.394090 -0.352008
v -5.435487 5.455288 -0.352008
v -5.460520 5.585292 1.064041
v -5.460520 5.646491 1.064041
v -5.460520 5.585292 -0.352008
v -5.460520 5.646491 -0.352008
v -5.435487 5.585292 1.064041
v -5.435487 5.646491 1.064041
v -5.435487 5.585292 -0.352008
v -5.435487 5.646491 -0.352008
v -5.435487 0.003557 -0.175800
v -5.435487 0.003557 -0.082045
v -5.435487 5.532746 -0.175799
v -5.435487 5.532746 -0.082044
v -5.413957 0.003557 -0.175800
v -5.413957 0.003557 -0.082045
v -5.413957 5.532746 -0.175799
v -5.413957 5.532746 -0.082044
v -5.435487 0.003557 0.887832
v -5.435487 0.003557 0.794077
v -5.435487 5.532746 0.887833
v -5.435487 5.532746 0.794078
v -5.413957 0.003557 0.887832
v -5.413957 0.003557 0.794077
v -5.413957 5.532746 0.887833
v -5.413957 5.532746 0.794078
v -1.541634 3.086179 -5.852896
v 1.837466 3.086182 -5.852896
v 1.837466 3.071214 -5.867874
v 1.837465 3.086194 -5.882843
v -1.541634 3.086190 -5.882843
v -1.541634 3.096776 -5.878454
v 1.837468 3.096780 -5.878454
v -1.541634 3.075593 -5.857285
v -1.541634 3.075600 -5.878461
v -1.541634 3.071211 -5.867874
v -1.541634 3.096769 -5.857278
v -1.541637 3.101158 -5.867866
v 1.837466 3.075603 -5.878461
v 1.837466 3.075596 -5.857285
v 1.837466 3.101161 -5.867867
v 1.837466 3.096772 -5.857280
v -1.541634 2.999323 -5.852896
v 1.837466 2.999326 -5.852896
v 1.837466 2.984358 -5.867874
v 1.837465 2.999337 -5.882843
v -1.541634 2.999334 -5.882843
v -1.541634 3.009920 -5.878454
v 1.837468 3.009923 -5.878454
v -1.541634 2.988736 -5.857285
v -1.541634 2.988744 -5.878461
v -1.541634 2.984355 -5.867874
v -1.541634 3.009913 -5.857278
v -1.541637 3.014302 -5.867866
v 1.837466 2.988747 -5.878461
v 1.837466 2.988739 -5.857285
v 1.837466 3.014305 -5.867867
v 1.837466 3.009915 -5.857280
v 5.743883 1.266101 -3.738500
v 5.743883 1.266102 -5.741350
v 5.689501 1.266101 -3.738500
v 5.689501 1.266102 -5.741350
v 5.743883 1.245289 -3.738500
v 5.743883 1.245289 -5.741350
v 5.689501 1.245289 -3.738500
v 5.689501 1.245289 -5.741350
v 5.445387 1.266102 -6.040689
v 2.220649 1.266102 -6.040688
v 5.445387 1.266102 -5.986309
v 2.220649 1.266102 -5.986307
v 5.445387 1.245289 -6.040689
v 2.220649 1.245289 -6.040688
v 5.445387 1.245289 -5.986309
v 2.220649 1.245289 -5.986307
v 1.783790 0.498903 -6.105695
v 1.783790 1.238582 -6.105694
v 1.743262 0.498903 -6.105695
v 1.743262 1.238582 -6.105694
v 1.783790 0.498903 -6.146222
v 1.783790 1.220973 -6.146221
v 1.743262 0.498903 -6.146222
v 1.743262 1.220973 -6.146221
v 1.783790 0.319194 -6.523922
v 1.783790 1.075643 -6.523921
v 1.743262 0.319194 -6.523922
v 1.743262 1.075643 -6.523921
v 1.783790 0.319194 -6.564450
v 1.783790 1.059544 -6.564450
v 1.743262 0.319194 -6.564450
v 1.743262 1.059544 -6.564450
v 1.783790 0.157574 -6.956572
v 1.783790 0.903960 -6.956572
v 1.743262 0.157574 -6.956572
v 1.743262 0.903960 -6.956572
v 1.783790 0.157574 -6.997099
v 1.783790 0.903960 -6.997098
v 1.743262 0.157574 -6.997099
v 1.743262 0.903960 -6.997098
v 1.791197 1.258817 -6.093496
v 1.791197 0.897670 -7.029339
v 1.736815 1.258817 -6.093496
v 1.736815 0.897670 -7.029339
v 1.791197 1.238191 -6.085536
v 1.791197 0.877044 -7.021379
v 1.736815 1.238191 -6.085536
v 1.736815 0.877044 -7.021379
v 1.772912 0.669676 -6.144131
v 1.772912 0.334966 -6.993816
v 1.754141 0.669676 -6.144131
v 1.754140 0.334966 -6.993816
v 1.772912 0.632600 -6.129526
v 1.772912 0.297891 -6.979212
v 1.754141 0.632600 -6.129526
v 1.754140 0.297891 -6.979212
v 1.772912 0.808722 -6.144130
v 1.772912 0.474013 -6.993816
v 1.754141 0.808722 -6.144130
v 1.754140 0.474013 -6.993816
v 1.772912 0.771647 -6.129525
v 1.772912 0.436937 -6.979212
v 1.754141 0.771647 -6.129525
v 1.754140 0.436937 -6.979212
v 1.772912 0.958746 -6.144130
v 1.772912 0.624036 -6.993816
v 1.754141 0.958746 -6.144130
v 1.754140 0.624036 -6.993816
v 1.772912 0.921670 -6.129525
v 1.772912 0.586960 -6.979212
v 1.754141 0.921670 -6.129525
v 1.754140 0.586960 -6.979212
v 1.772912 1.108769 -6.144130
v 1.772912 0.774059 -6.993816
v 1.754141 1.108769 -6.144130
v 1.754140 0.774059 -6.993816
v 1.772912 1.071693 -6.129525
v 1.772912 0.736984 -6.979211
v 1.754141 1.071693 -6.129525
v 1.754140 0.736984 -6.979211
v -5.375114 1.266101 -3.738500
v -5.375114 1.266102 -5.741350
v -5.320732 1.266101 -3.738500
v -5.320732 1.266102 -5.741350
v -5.375114 1.245289 -3.738500
v -5.375114 1.245289 -5.741350
v -5.320732 1.245289 -3.738500
v -5.320732 1.245289 -5.741350
v -5.076618 1.266102 -6.040689
v -1.851881 1.266102 -6.040688
v -5.076618 1.266102 -5.986309
v -1.851881 1.266102 -5.986307
v -5.076618 1.245289 -6.040689
v -1.851881 1.245289 -6.040688
v -5.076618 1.245289 -5.986309
v -1.851881 1.245289 -5.986307
v -1.415023 0.498903 -6.105695
v -1.415023 1.238582 -6.105694
v -1.374495 0.498903 -6.105695
v -1.374495 1.238582 -6.105694
v -1.415023 0.498903 -6.146222
v -1.415023 1.220973 -6.146221
v -1.374495 0.498903 -6.146222
v -1.374495 1.220973 -6.146221
v -1.415023 0.319194 -6.523922
v -1.415023 1.075643 -6.523921
v -1.374495 0.319194 -6.523922
v -1.374495 1.075643 -6.523921
v -1.415023 0.319194 -6.564450
v -1.415023 1.059544 -6.564450
v -1.374495 0.319194 -6.564450
v -1.374495 1.059544 -6.564450
v -1.415023 0.157574 -6.956572
v -1.415023 0.903960 -6.956572
v -1.374495 0.157574 -6.956572
v -1.374495 0.903960 -6.956572
v -1.415023 0.157574 -6.997099
v -1.415023 0.903960 -6.997098
v -1.374495 0.157574 -6.997099
v -1.374495 0.903960 -6.997098
v -1.422429 1.258817 -6.093496
v -1.422429 0.897670 -7.029339
v -1.368047 1.258817 -6.093496
v -1.368047 0.897670 -7.029339
v -1.422429 1.238191 -6.085536
v -1.422429 0.877044 -7.021379
v -1.368047 1.238191 -6.085536
v -1.368047 0.877044 -7.021379
v -1.404145 0.669676 -6.144131
v -1.404145 0.334966 -6.993816
v -1.385373 0.669676 -6.144131
v -1.385372 0.334966 -6.993816
v -1.404145 0.632600 -6.129526
v -1.404145 0.297891 -6.979212
v -1.385373 0.632600 -6.129526
v -1.385372 0.297891 -6.979212
v -1.404145 0.808722 -6.144130
v -1.404145 0.474013 -6.993816
v -1.385373 0.808722 -6.144130
v -1.385372 0.474013 -6.993816
v -1.404145 0.771647 -6.129525
v -1.404145 0.436937 -6.979212
v -1.385373 0.771647 -6.129525
v -1.385372 0.436937 -6.979212
v -1.404145 0.958746 -6.144130
v -1.404145 0.624036 -6.993816
v -1.385373 0.958746 -6.144130
v -1.385372 0.624036 -6.993816
v -1.404145 0.921670 -6.129525
v -1.404145 0.586960 -6.979212
v -1.385373 0.921670 -6.129525
v -1.385372 0.586960 -6.979212
v -1.404145 1.108769 -6.144130
v -1.404145 0.774059 -6.993816
v -1.385373 1.108769 -6.144130
v -1.385372 0.774059 -6.993816
v -1.404145 1.071693 -6.129525
v -1.404145 0.736984 -6.979211
v -1.385373 1.071693 -6.129525
v -1.385372 0.736984 -6.979211
v -5.413958 5.509109 -0.464216
v -5.466361 0.003558 -0.464217
v -5.466361 0.003558 -0.352009
v -5.466361 5.509109 -0.352008
v -5.413958 0.003558 -0.352009
v -5.413958 0.003558 -0.464216
v -5.466361 5.509109 -0.464216
v -5.413958 5.509108 -0.352008
v -5.413958 5.509109 1.176250
v -5.466361 0.003557 1.176249
v -5.466361 0.003558 1.064040
v -5.466361 5.509109 1.064042
v -5.413958 0.003558 1.064040
v -5.413958 0.003557 1.176248
v -5.466361 5.509109 1.176250
v -5.413958 5.509108 1.064042
v 5.834218 1.226217 1.026546
v 5.834218 2.666882 1.026546
v 5.779047 1.226217 1.026546
v 5.779046 2.666882 1.026546
v 5.834218 1.072962 1.179801
v 5.834218 2.820137 1.179801
v 5.779047 1.072962 1.179801
v 5.779046 2.820137 1.179801
v 5.834218 1.226217 -0.222132
v 5.779047 1.226217 -0.222132
v 5.834218 1.072962 -0.375387
v 5.779047 1.072962 -0.375387
v 5.834218 2.666882 -0.222132
v 5.779047 2.666882 -0.222132
v 5.834218 2.820137 -0.375387
v 5.779047 2.820137 -0.375387
v 5.672960 2.596707 0.936728
v 5.672960 1.296392 0.936728
v 5.672960 1.296392 0.636586
v 5.672960 2.596707 0.636586
v 5.702147 2.666882 1.026546
v 5.702147 1.226217 1.026546
v 5.702147 2.596707 0.936728
v 5.702147 1.296392 0.936728
v 5.702147 2.666882 0.563736
v 5.702147 2.596707 0.636586
v 5.702147 1.296392 0.636586
v 5.702147 1.226217 0.563736
v 5.694156 1.296392 0.494892
v 5.694155 2.596707 0.494892
v 5.718886 1.296392 0.494892
v 5.718885 2.666882 0.563736
v 5.718886 1.226217 0.563736
v 5.718885 2.596707 0.494892
v 5.694156 1.296392 -0.144332
v 5.694156 2.596707 -0.144332
v 5.718886 1.296392 -0.144332
v 5.718886 2.596707 -0.144332
v 5.718886 2.666882 -0.222132
v 5.718886 1.226217 -0.222132
v 5.432803 0.498903 -5.993176
v 5.432803 1.245290 -5.993176
v 5.392275 0.498903 -5.993176
v 5.392275 1.245290 -5.993176
v 5.432803 0.498903 -6.033703
v 5.432803 1.245290 -6.033703
v 5.392275 0.498903 -6.033703
v 5.392275 1.245290 -6.033703
v 4.642520 0.498903 -5.993176
v 4.642520 1.245290 -5.993176
v 4.601993 0.498903 -5.993176
v 4.601993 1.245290 -5.993176
v 4.642520 0.498903 -6.033703
v 4.642520 1.245290 -6.033703
v 4.601993 0.498903 -6.033703
v 4.601993 1.245290 -6.033703
v 3.852237 0.498903 -5.993176
v 3.852237 1.245290 -5.993176
v 3.811709 0.498903 -5.993176
v 3.811709 1.245290 -5.993176
v 3.852237 0.498903 -6.033703
v 3.852237 1.245290 -6.033703
v 3.811709 0.498903 -6.033703
v 3.811709 1.245290 -6.033703
v 3.061954 0.498903 -5.993176
v 3.061954 1.245290 -5.993176
v 3.021426 0.498903 -5.993176
v 3.021426 1.245290 -5.993176
v 3.061954 0.498903 -6.033703
v 3.061954 1.245290 -6.033703
v 3.021426 0.498903 -6.033703
v 3.021426 1.245290 -6.033703
v 2.271670 0.498903 -5.993176
v 2.271670 1.245290 -5.993176
v 2.231143 0.498903 -5.993176
v 2.231143 1.245290 -5.993176
v 2.271670 0.498903 -6.033703
v 2.271670 1.245290 -6.033703
v 2.231143 0.498903 -6.033703
v 2.231143 1.245290 -6.033703
v -5.064034 0.498903 -5.993176
v -5.064034 1.245290 -5.993176
v -5.023507 0.498903 -5.993176
v -5.023507 1.245290 -5.993176
v -5.064034 0.498903 -6.033703
v -5.064034 1.245290 -6.033703
v -5.023507 0.498903 -6.033703
v -5.023507 1.245290 -6.033703
v -4.273751 0.498903 -5.993176
v -4.273751 1.245290 -5.993176
v -4.233224 0.498903 -5.993176
v -4.233224 1.245290 -5.993176
v -4.273751 0.498903 -6.033703
v -4.273751 1.245290 -6.033703
v -4.233224 0.498903 -6.033703
v -4.233224 1.245290 -6.033703
v -3.483468 0.498903 -5.993176
v -3.483468 1.245290 -5.993176
v -3.442941 0.498903 -5.993176
v -3.442941 1.245290 -5.993176
v -3.483468 0.498903 -6.033703
v -3.483468 1.245290 -6.033703
v -3.442941 0.498903 -6.033703
v -3.442941 1.245290 -6.033703
v -2.693185 0.498903 -5.993176
v -2.693185 1.245290 -5.993176
v -2.652658 0.498903 -5.993176
v -2.652658 1.245290 -5.993176
v -2.693185 0.498903 -6.033703
v -2.693185 1.245290 -6.033703
v -2.652658 0.498903 -6.033703
v -2.652658 1.245290 -6.033703
v -1.902902 0.498903 -5.993176
v -1.902902 1.245290 -5.993176
v -1.862375 0.498903 -5.993176
v -1.862375 1.245290 -5.993176
v -1.902902 0.498903 -6.033703
v -1.902902 1.245290 -6.033703
v -1.862375 0.498903 -6.033703
v -1.862375 1.245290 -6.033703
v 1.816843 2.965874 -5.759973
v 1.804597 3.156353 -5.832608
v 1.816843 3.156353 -5.832608
v 1.804597 2.965874 -5.759973
v 1.804597 2.939180 -5.854775
v 1.804597 3.178416 -5.871892
v 1.816843 2.849420 -6.194897
v 1.816843 2.939180 -5.854775
v 1.804597 2.895346 -6.195652
v 1.816843 2.895346 -6.195652
v 1.816843 3.178416 -5.871892
v 1.804597 2.849420 -6.194897
v 1.150640 2.965874 -5.759973
v 1.138394 3.156353 -5.832608
v 1.150640 3.156353 -5.832608
v 1.138394 2.965874 -5.759973
v 1.138394 2.939180 -5.854775
v 1.138395 3.178416 -5.871892
v 1.150640 2.849420 -6.194897
v 1.150640 2.939180 -5.854775
v 1.138395 2.895345 -6.195652
v 1.150640 2.895345 -6.195652
v 1.150640 3.178416 -5.871892
v 1.138395 2.849420 -6.194897
v 0.484438 2.965874 -5.759973
v 0.472192 3.156353 -5.832608
v 0.484438 3.156353 -5.832608
v 0.472192 2.965874 -5.759973
v 0.472192 2.939180 -5.854775
v 0.472193 3.178416 -5.871892
v 0.484438 2.849420 -6.194897
v 0.484438 2.939180 -5.854775
v 0.472193 2.895345 -6.195652
v 0.484438 2.895345 -6.195652
v 0.484438 3.178416 -5.871892
v 0.472193 2.849420 -6.194897
v -0.181764 2.965874 -5.759973
v -0.194011 3.156353 -5.832608
v -0.181764 3.156353 -5.832608
v -0.194011 2.965874 -5.759973
v -0.194011 2.939179 -5.854775
v -0.194010 3.178416 -5.871892
v -0.181764 2.849420 -6.194897
v -0.181764 2.939179 -5.854775
v -0.194010 2.895345 -6.195652
v -0.181764 2.895345 -6.195652
v -0.181764 3.178416 -5.871892
v -0.194010 2.849420 -6.194897
v -0.847967 2.965874 -5.759973
v -0.860213 3.156353 -5.832608
v -0.847967 3.156353 -5.832608
v -0.860213 2.965874 -5.759973
v -0.860213 2.939179 -5.854775
v -0.860212 3.178416 -5.871892
v -0.847967 2.849420 -6.194897
v -0.847967 2.939179 -5.854775
v -0.860212 2.895345 -6.195652
v -0.847967 2.895345 -6.195652
v -0.847967 3.178416 -5.871892
v -0.860212 2.849420 -6.194897
v -1.514170 2.965874 -5.759973
v -1.526416 3.156353 -5.832608
v -1.514170 3.156353 -5.832608
v -1.526416 2.965874 -5.759973
v -1.526416 2.939179 -5.854775
v -1.526415 3.178416 -5.871892
v -1.514170 2.849420 -6.194897
v -1.514170 2.939179 -5.854775
v -1.526415 2.895345 -6.195652
v -1.514170 2.895345 -6.195652
v -1.514170 3.178416 -5.871892
v -1.526415 2.849420 -6.194897
v -0.969393 5.452160 -2.489624
v -0.969393 5.570037 -2.489624
v -0.969393 5.452160 -2.530878
v -0.969393 5.570037 -2.530878
v -0.928139 5.452160 -2.489624
v -0.928139 5.570037 -2.489624
v -0.928139 5.452160 -2.530878
v -0.928139 5.570037 -2.530878
v -1.207740 5.452160 -2.489624
v -1.207740 5.570037 -2.489624
v -1.207740 5.452160 -2.530878
v -1.207740 5.570037 -2.530878
v -1.248993 5.452160 -2.489624
v -1.248993 5.570037 -2.489624
v -1.248993 5.452160 -2.530878
v -1.248993 5.570037 -2.530878
v -0.969393 5.452160 -3.307984
v -0.969393 5.570037 -3.307984
v -0.969393 5.452160 -3.266730
v -0.969393 5.570037 -3.266730
v -0.928139 5.452160 -3.307984
v -0.928139 5.570037 -3.307984
v -0.928139 5.452160 -3.266730
v -0.928139 5.570037 -3.266730
v -1.207740 5.452160 -3.307984
v -1.207740 5.570037 -3.307984
v -1.207740 5.452160 -3.266730
v -1.207740 5.570037 -3.266730
v -1.248993 5.452160 -3.307984
v -1.248993 5.570037 -3.307984
v -1.248993 5.452160 -3.266730
v -1.248993 5.570037 -3.266730
v -0.508417 4.297171 4.317408
v 6.235131 4.297174 4.317408
v 6.235131 4.284760 4.300252
v 6.235129 4.301917 4.287838
v -0.508417 4.301913 4.287838
v -0.508417 4.311673 4.293844
v 6.235134 4.311676 4.293845
v -0.508417 4.287410 4.311401
v -0.508417 4.290764 4.290492
v -0.508417 4.284757 4.300252
v -0.508417 4.308320 4.314754
v -0.508419 4.314327 4.304992
v 6.235131 4.290767 4.290492
v 6.235131 4.287414 4.311401
v 6.235131 4.314330 4.304992
v 6.235131 4.308323 4.314752
v -0.508417 4.211405 4.303686
v 6.235131 4.211408 4.303686
v 6.235131 4.198995 4.286530
v 6.235129 4.216151 4.274116
v -0.508417 4.216147 4.274117
v -0.508417 4.225908 4.280123
v 6.235134 4.225911 4.280123
v -0.508417 4.201645 4.297679
v -0.508417 4.204998 4.276771
v -0.508417 4.198991 4.286530
v -0.508417 4.222555 4.301032
v -0.508419 4.228561 4.291270
v 6.235131 4.205002 4.276770
v 6.235131 4.201648 4.297679
v 6.235131 4.228565 4.291270
v 6.235131 4.222558 4.301030
vn 1.0000 -0.0000 -0.0000
vn 1.0000 0.0002 -0.0000
vn -0.0000 -0.0000 -1.0000
vn -0.0000 0.0001 -1.0000
vn -0.0000 0.9408 0.3391
vn -0.0000 0.9296 0.3686
vn -0.0000 0.9045 0.4264
vn -0.0000 0.9686 0.2487
vn 1.0000 0.0004 -0.0000
vn 1.0000 0.0005 -0.0000
vn -0.0000 -0.0000 1.0000
vn -1.0000 -0.0000 -0.0000
vn -0.0000 0.9653 -0.2613
vn -0.0000 -0.9410 -0.3383
vn -0.0000 -0.9300 -0.3676
vn -0.0000 -0.9686 -0.2487
vn -0.0000 -0.9653 0.2613
vn -0.0000 -0.9052 -0.4249
vn 0.0005 0.9049 -0.4257
vn -0.0005 0.9049 -0.4257
vn -0.0005 0.9049 -0.4256
vn 0.0005 0.9049 -0.4256
vn -0.0000 -0.9052 0.4249
vn -0.0005 0.9049 0.4257
vn -0.0007 0.9051 0.4252
vn 0.0011 1.0000 -0.0000
vn 0.0005 0.9049 0.4256
vn 0.0005 0.9049 0.4257
vn -0.0011 1.0000 -0.0000
vn -1.0000 0.0057 -0.0000
vn -0.0000 1.0000 -0.0000
vn -0.0000 -1.0000 -0.0000
vn -0.3465 -0.9380 -0.0000
vn 0.3465 0.9380 -0.0000
vn 0.9360 -0.3521 -0.0000
vn -0.3594 -0.9332 -0.0000
vn 0.3594 0.9332 -0.0000
vn 0.0391 0.9985 0.0391
vn 0.0391 0.9985 -0.0391
vn -0.0391 0.9985 -0.0391
vn -0.0391 0.9985 0.0391
vn -0.1305 0.9828 -0.1305
vn 0.1305 0.9828 -0.1305
vn 0.1305 0.9828 0.1305
vn -0.1305 0.9828 0.1305
vn -0.5918 0.5711 -0.5689
vn -0.9924 -0.1233 0.0050
vn -0.9811 -0.1932 0.0060
vn -0.8218 0.5698 -0.0075
vn -0.9129 -0.1252 0.3884
vn -0.9129 0.1252 0.3884
vn -0.9129 0.1251 -0.3884
vn -0.9129 -0.1251 -0.3884
vn -0.4224 -0.8890 0.1769
vn -0.4224 -0.5035 0.7537
vn -0.4223 0.7537 0.5035
vn -0.4223 0.8890 -0.1769
vn -0.4224 -0.7537 -0.5035
vn -0.4224 -0.1769 -0.8890
vn -1.0000 -0.0010 0.0002
vn -1.0000 -0.0008 -0.0005
vn -0.9213 -0.3813 0.0758
vn -0.9129 -0.3110 0.2643
vn -0.9129 -0.3110 -0.2643
vn -0.9213 -0.3813 -0.0758
vn -1.0000 -0.0005 0.0008
vn -1.0000 0.0002 0.0010
vn -1.0000 0.0010 -0.0002
vn -1.0000 0.0005 -0.0008
vn -0.4224 0.1769 0.8890
vn -0.0807 -0.9955 0.0503
vn 0.4082 -0.7945 0.4497
vn 0.8253 -0.5646 0.0117
vn 0.1829 -0.9830 0.0148
vn -0.0605 0.6245 -0.7787
vn -0.0379 -0.2335 -0.9716
vn -0.0358 -0.1698 -0.9848
vn -0.0000 0.0001 1.0000
vn -0.7517 -0.1842 -0.6332
vn -0.7517 -0.5145 -0.4126
vn -0.9213 0.3813 -0.0758
vn -0.7530 0.6454 -0.1284
vn -0.7517 0.5145 -0.4126
vn -0.9129 0.3110 -0.2643
vn -0.7530 -0.6454 -0.1284
vn -0.7530 -0.6454 0.1284
vn -0.7517 0.1843 0.6332
vn -0.7517 0.5145 0.4125
vn -0.9129 0.3110 0.2643
vn -0.9213 0.3813 0.0758
vn -0.7530 0.6454 0.1284
vn -0.7517 -0.1842 0.6332
vn -0.7517 0.1842 -0.6332
vn -0.0881 -0.8799 -0.4669
vn -0.1160 -0.9731 0.1992
vn -0.4388 -0.8327 -0.3377
vn 0.1486 0.9640 0.2203
vn -0.1043 0.8489 0.5181
vn -0.1148 0.9847 -0.1309
vn -0.2592 0.9548 -0.1457
vn -0.5551 -0.8317 0.0131
vn -0.4223 0.5035 -0.7537
vn -0.4223 0.5036 -0.7537
vn -0.0509 0.2168 0.9749
vn -0.0518 0.2350 0.9706
vn -0.0724 -0.6035 0.7941
vn -1.0000 -0.0002 -0.0010
vn -1.0000 0.0008 0.0006
vn -0.1794 0.9836 -0.0179
vn 0.5525 0.8334 -0.0146
vn 0.9795 0.2012 -0.0002
vn 0.9724 0.2334 -0.0008
vn -0.7517 -0.5145 0.4126
vn -0.9975 0.0228 -0.0663
vn -0.6761 0.2107 -0.7060
vn -0.7013 0.0059 -0.7129
vn -1.0000 0.0018 -0.0004
vn -0.7471 -0.1922 0.6363
vn -0.7012 0.0066 0.7129
vn -0.0000 -0.2917 0.9565
vn -0.0000 0.0113 0.9999
vn 0.7471 -0.1922 0.6364
vn 0.7012 0.0066 0.7129
vn 0.9975 0.0228 -0.0663
vn 1.0000 0.0018 -0.0004
vn 0.6761 0.2107 -0.7060
vn 0.7013 0.0059 -0.7129
vn -0.0000 0.2825 -0.9593
vn -0.0000 0.0099 -1.0000
vn -0.6518 0.5928 -0.4730
vn -0.0000 0.7669 -0.6418
vn -0.9960 0.0816 -0.0364
vn -0.7245 -0.5466 0.4200
vn -0.0000 -0.7996 0.6005
vn 0.7245 -0.5466 0.4200
vn 0.9960 0.0817 -0.0364
vn 0.6518 0.5928 -0.4730
vn -0.0000 0.8103 -0.5861
vn 0.7196 0.5580 -0.4134
vn -0.6512 -0.5996 0.4653
vn -0.9964 -0.0778 0.0347
vn -0.7196 0.5579 -0.4134
vn 0.6511 -0.5996 0.4653
vn -0.0000 -0.7765 0.6301
vn 0.9964 -0.0778 0.0347
vn -0.7491 0.2066 -0.6294
vn -0.0000 0.3182 -0.9480
vn -0.9973 -0.0246 0.0695
vn -0.6746 -0.2178 0.7053
vn -0.0000 -0.2901 0.9570
vn 0.6746 -0.2178 0.7053
vn 0.9973 -0.0246 0.0695
vn 0.7491 0.2066 -0.6294
vn -0.0000 -0.0228 -0.9997
vn 0.7022 -0.0182 -0.7117
vn -1.0000 0.0022 0.0087
vn -0.7022 -0.0182 -0.7117
vn 0.6944 0.0331 0.7188
vn -0.0000 0.0479 0.9989
vn 1.0000 0.0022 0.0087
vn -0.6944 0.0331 0.7188
vn -0.0000 0.3410 0.9401
vn -0.6773 0.2468 0.6931
vn 0.7407 -0.2122 -0.6374
vn 0.9980 0.0174 0.0609
vn -0.7407 -0.2122 -0.6374
vn -0.0000 -0.3075 -0.9515
vn 0.6773 0.2468 0.6931
vn -0.9980 0.0174 0.0609
vn -0.7094 -0.4559 -0.5376
vn -0.0000 -0.6493 -0.7605
vn -0.9996 0.0216 0.0190
vn -0.6828 0.4721 0.5576
vn -0.0000 0.6428 0.7660
vn 0.6828 0.4721 0.5577
vn 0.9996 0.0216 0.0190
vn 0.7093 -0.4559 -0.5376
vn 0.6719 -0.5377 -0.5093
vn 0.9993 -0.0269 -0.0255
vn -0.7069 0.5137 0.4861
vn -0.9993 -0.0269 -0.0256
vn -0.0000 0.7264 0.6873
vn 0.7069 0.5137 0.4861
vn -0.0000 -0.7259 -0.6877
vn -0.6719 -0.5377 -0.5093
vn -0.0000 0.7845 -0.6201
vn -0.7471 -0.1922 0.6364
vn 0.7470 -0.1922 0.6364
vn 0.9960 0.0816 -0.0364
vn 0.6512 -0.5996 0.4653
vn -0.7491 0.2067 -0.6294
vn -0.6746 -0.2177 0.7054
vn -0.0000 -0.2900 0.9570
vn 0.6746 -0.2177 0.7054
vn 0.7491 0.2067 -0.6294
vn -0.0000 -0.0227 -0.9997
vn -0.0000 0.3410 0.9400
vn 0.9980 0.0174 0.0608
vn -0.9980 0.0174 0.0608
vn -0.7093 -0.4559 -0.5376
vn 0.6828 0.4721 0.5576
vn 0.9993 -0.0269 -0.0256
vn -0.0000 -0.7259 -0.6878
vn -0.0000 0.1968 -0.9805
vn -0.0000 0.0695 -0.9976
vn -0.0000 0.1763 0.9843
vn -0.0000 0.0696 0.9976
vn -0.0000 0.7651 0.6439
vn -0.0000 0.9550 0.2966
vn -0.0000 0.9516 -0.3073
vn -0.0000 0.7347 -0.6784
vn -0.0000 0.4463 0.8949
vn -0.0000 0.4338 -0.9010
vn -1.0000 0.0001 -0.0000
vn -0.0000 0.1968 0.9804
vn -0.0000 0.1763 -0.9843
vn -0.0000 0.0696 -0.9976
vn -0.0000 0.7651 -0.6440
vn -0.0000 0.9550 -0.2966
vn -0.0000 0.7651 -0.6439
vn -0.0000 0.9516 0.3073
vn -0.0000 0.7347 0.6784
vn -0.0000 0.4463 -0.8949
vn -0.0000 0.4338 0.9010
vn -0.0000 0.0695 0.9976
vn -0.0000 -0.8186 -0.5744
vn -0.0000 -0.8186 0.5744
vn -0.4417 -0.8972 -0.0000
vn 0.4417 -0.8972 -0.0000
vn -0.0000 -0.8590 -0.5120
vn -0.4595 -0.8882 -0.0000
vn 0.4595 -0.8882 -0.0000
vn -0.0000 -0.8590 0.5120
vn -0.9360 0.3521 -0.0000
vn -0.5689 0.5711 0.5918
vn 0.0050 -0.1233 0.9924
vn 0.0060 -0.1932 0.9811
vn -0.0075 0.5697 0.8218
vn 0.3884 -0.1252 0.9129
vn 0.3884 0.1252 0.9129
vn -0.3884 0.1251 0.9129
vn -0.3884 -0.1251 0.9129
vn 0.1769 -0.8890 0.4224
vn 0.7537 -0.5035 0.4224
vn 0.5036 0.7537 0.4223
vn 0.5035 0.7537 0.4223
vn -0.1769 0.8890 0.4224
vn -0.5035 -0.7537 0.4224
vn -0.8890 -0.1769 0.4224
vn 0.0002 -0.0009 1.0000
vn -0.0005 -0.0008 1.0000
vn 0.0758 -0.3813 0.9213
vn 0.2643 -0.3110 0.9129
vn -0.2643 -0.3110 0.9129
vn -0.0758 -0.3813 0.9213
vn 0.0008 -0.0005 1.0000
vn 0.0009 0.0002 1.0000
vn -0.0002 0.0009 1.0000
vn -0.0008 0.0005 1.0000
vn 0.8890 0.1769 0.4224
vn 0.0503 -0.9955 0.0807
vn 0.4497 -0.7945 -0.4081
vn 0.0117 -0.5646 -0.8253
vn 0.0148 -0.9830 -0.1830
vn -0.7787 0.6245 0.0605
vn -0.9716 -0.2335 0.0379
vn -0.9848 -0.1699 0.0358
vn -0.6332 -0.1842 0.7517
vn -0.4126 -0.5145 0.7517
vn -0.0758 0.3813 0.9213
vn -0.1284 0.6454 0.7529
vn -0.4126 0.5145 0.7517
vn -0.2643 0.3110 0.9129
vn -0.1284 -0.6454 0.7530
vn 0.1284 -0.6454 0.7530
vn 0.6332 0.1843 0.7517
vn 0.4125 0.5145 0.7517
vn 0.2643 0.3110 0.9129
vn 0.0758 0.3813 0.9213
vn 0.1284 0.6454 0.7529
vn 0.6332 -0.1843 0.7517
vn -0.6332 0.1842 0.7517
vn -0.4669 -0.8799 0.0881
vn 0.1992 -0.9731 0.1160
vn -0.3376 -0.8327 0.4388
vn 0.2204 0.9640 -0.1486
vn 0.5181 0.8489 0.1043
vn -0.1309 0.9847 0.1148
vn -0.1457 0.9548 0.2592
vn 0.0131 -0.8316 0.5552
vn -0.7537 0.5035 0.4224
vn -0.7537 0.5036 0.4224
vn 0.9749 0.2168 0.0509
vn 0.9706 0.2351 0.0518
vn 0.7941 -0.6035 0.0724
vn -0.0009 -0.0002 1.0000
vn 0.0005 0.0008 1.0000
vn -0.0179 0.9836 0.1795
vn -0.0146 0.8334 -0.5525
vn -0.0002 0.2012 -0.9795
vn -0.0008 0.2333 -0.9724
vn 0.4126 -0.5145 0.7517
vn -0.3595 -0.9332 -0.0000
vn 0.3595 0.9332 -0.0000
vn 0.0596 0.9966 0.0578
vn -0.0596 0.9966 0.0578
vn -0.0585 0.9966 0.0588
vn 0.0585 0.9966 0.0588
vn -0.0596 0.9966 -0.0578
vn -0.0585 0.9966 -0.0588
vn 0.0596 0.9966 -0.0578
vn 0.0585 0.9966 -0.0588
vn -0.0891 0.9920 0.0897
vn 0.0891 0.9920 0.0897
vn 0.0907 0.9920 0.0881
vn -0.0907 0.9920 0.0881
vn 0.0891 0.9920 -0.0897
vn 0.0907 0.9920 -0.0881
vn -0.0891 0.9920 -0.0897
vn -0.0907 0.9920 -0.0881
vn 0.0595 0.9966 0.0578
vn 0.0595 0.9966 -0.0578
vn 0.0891 0.9920 0.0896
vn -0.0891 0.9920 0.0896
vn -0.0891 0.9920 -0.0896
vn 0.0891 0.9920 -0.0896
vn -0.0000 -0.5203 0.8540
vn -0.0000 0.5203 -0.8540
vn -0.0000 -0.5203 -0.8540
vn -0.0000 0.5203 0.8540
vn -0.3827 -0.0000 -0.9239
vn -0.7071 -0.0000 -0.7071
vn -0.9239 -0.0000 -0.3826
vn -0.9239 -0.0000 0.3827
vn -0.7071 -0.0000 0.7071
vn -0.4012 -0.0000 0.9160
vn -0.4007 -0.0000 0.9162
vn 0.7071 -0.0000 0.7071
vn 0.4012 -0.0000 0.9160
vn 0.4007 -0.0000 0.9162
vn 0.9239 -0.0000 0.3827
vn 0.9239 -0.0000 -0.3827
vn 0.7071 -0.0000 -0.7071
vn 0.3827 -0.0000 -0.9239
vn 0.2343 -0.0000 0.9722
vn -0.2342 -0.0000 0.9722
vn 0.4011 -0.0000 0.9160
vn -0.9975 0.0227 0.0663
vn -1.0000 0.0015 0.0004
vn -0.7014 0.0049 0.7127
vn -0.6761 0.2102 0.7062
vn -0.7469 -0.1928 -0.6363
vn -0.7015 0.0054 -0.7126
vn -0.0000 -0.2928 -0.9562
vn -0.0000 0.0092 -1.0000
vn 0.7469 -0.1928 -0.6364
vn 0.7015 0.0054 -0.7127
vn 0.9975 0.0227 0.0663
vn 1.0000 0.0015 0.0004
vn 0.6761 0.2102 0.7062
vn 0.7014 0.0049 0.7127
vn -0.0000 0.2818 0.9595
vn -0.0000 0.0082 1.0000
vn -0.0000 0.7690 0.6393
vn -0.6513 0.5950 0.4710
vn -0.9959 0.0832 0.0363
vn -0.7246 -0.5483 -0.4175
vn -0.0000 -0.8023 -0.5969
vn 0.7246 -0.5483 -0.4175
vn 0.9959 0.0832 0.0363
vn 0.6512 0.5950 0.4710
vn -0.0000 0.8127 0.5827
vn 0.7197 0.5596 0.4111
vn -0.6505 -0.6019 -0.4632
vn -0.9962 -0.0793 -0.0345
vn -0.7197 0.5595 0.4111
vn 0.6505 -0.6019 -0.4632
vn -0.0000 -0.7787 -0.6274
vn 0.9962 -0.0793 -0.0346
vn -0.0000 0.3181 0.9481
vn -0.7491 0.2066 0.6294
vn -0.9973 -0.0246 -0.0694
vn -0.6746 -0.2178 -0.7053
vn -0.0000 -0.2901 -0.9570
vn 0.6746 -0.2178 -0.7053
vn 0.9973 -0.0246 -0.0695
vn 0.7491 0.2066 0.6294
vn -0.0000 -0.0229 0.9997
vn 0.7022 -0.0183 0.7117
vn -1.0000 0.0022 -0.0087
vn -0.7022 -0.0183 0.7117
vn 0.6944 0.0330 -0.7188
vn -0.0000 0.0478 -0.9989
vn 1.0000 0.0022 -0.0087
vn -0.6944 0.0330 -0.7188
vn -0.6773 0.2468 -0.6931
vn -0.0000 0.3410 -0.9401
vn 0.9980 0.0174 -0.0608
vn 0.7407 -0.2122 0.6374
vn -0.0000 -0.3075 0.9515
vn -0.7407 -0.2122 0.6374
vn 0.6773 0.2468 -0.6931
vn -0.9980 0.0174 -0.0608
vn -0.0000 -0.6493 0.7605
vn -0.7094 -0.4559 0.5375
vn -0.9996 0.0216 -0.0190
vn -0.6828 0.4721 -0.5576
vn -0.0000 0.6428 -0.7660
vn 0.6828 0.4721 -0.5576
vn 0.9996 0.0216 -0.0190
vn 0.7093 -0.4559 0.5376
vn 0.6719 -0.5377 0.5093
vn 0.9993 -0.0269 0.0256
vn -0.7069 0.5137 -0.4861
vn -0.9993 -0.0269 0.0255
vn -0.0000 0.7264 -0.6873
vn 0.7069 0.5138 -0.4861
vn -0.0000 -0.7260 0.6877
vn -0.6719 -0.5377 0.5093
vn -0.0000 0.7845 0.6201
vn -0.0000 0.7845 0.6202
vn 0.7015 0.0054 -0.7126
vn -0.7469 -0.1928 -0.6364
vn -0.7015 0.0054 -0.7127
vn 0.6513 0.5950 0.4710
vn -0.6512 0.5950 0.4710
vn -0.7197 0.5596 0.4111
vn 0.9962 -0.0793 -0.0345
vn 0.7197 0.5595 0.4111
vn -0.9962 -0.0793 -0.0346
vn 0.9973 -0.0246 -0.0694
vn -0.9973 -0.0246 -0.0695
vn 0.7408 -0.2122 0.6374
vn 0.7094 -0.4559 0.5375
vn -0.7093 -0.4559 0.5376
vn -0.9993 -0.0269 0.0256
vn 0.7069 0.5137 -0.4861
vn 0.9993 -0.0269 0.0255
vn -0.3827 -0.0000 0.9239
vn -0.9239 -0.0000 -0.3827
vn -0.4011 -0.0000 -0.9160
vn -0.4007 -0.0000 -0.9162
vn 0.4007 -0.0000 -0.9162
vn 0.4011 -0.0000 -0.9160
vn 0.3827 -0.0000 0.9239
vn 0.2342 -0.0000 -0.9722
vn -0.2342 -0.0000 -0.9722
vn 0.4006 -0.0000 -0.9162
vn -0.4006 -0.0000 -0.9162
vn -0.2343 -0.0000 -0.9722
vn -0.0000 -0.5059 0.8626
vn -0.0000 -0.9409 0.3388
vn -0.0000 -0.6337 -0.7736
vn -0.0000 0.1815 -0.9834
vn -0.0000 -0.9067 0.4217
vn -0.0000 -0.9067 -0.4217
vn -0.0000 -0.9684 -0.2495
vn -0.0000 -0.9044 0.4266
vn -0.0000 -0.9019 0.4318
vn -0.0000 -0.9019 0.4319
vn -0.0000 -0.9057 0.4239
vn -0.0000 -0.9634 0.2680
vn -0.0000 -0.9044 -0.4266
vn -0.0000 -0.9674 -0.2531
vn -0.0000 -0.9053 -0.4247
vn -0.0000 -0.9053 0.4247
vn -0.0000 -0.9672 0.2542
vn -0.0000 0.7073 -0.7069
vn -0.0000 0.0003 -1.0000
vn -0.0000 -0.7069 -0.7073
vn 1.0000 0.0001 -0.0000
vn -0.0000 0.7069 0.7074
vn -0.0000 1.0000 0.0004
vn -0.0000 0.7069 0.7073
vn -0.0000 -0.7074 0.7069
vn -0.0000 -0.0004 1.0000
vn -0.0000 -0.7073 0.7069
vn -0.0000 -1.0000 -0.0003
vn -1.0000 -0.0002 -0.0001
vn -0.0000 -0.9329 0.3600
vn -0.0000 0.9329 -0.3600
vn -0.0000 -0.3600 -0.9329
vn -0.0000 0.3600 0.9329
vn -0.0000 -0.9304 0.3665
vn -0.0000 0.9304 -0.3665
vn -0.0000 0.3601 0.9329
vn -0.0000 -0.3563 -0.9344
vn -0.0000 -0.8719 -0.4897
vn -0.0000 -0.7528 0.6582
vn -0.0000 0.0165 0.9999
vn -0.0000 0.8101 -0.5862
vn -0.0000 0.1583 -0.9874
vn -1.0000 -0.0001 -0.0000
vn -0.0000 -0.5863 -0.8101
vn -0.0000 0.5862 0.8101
vn -0.0000 0.9874 0.1584
vn -0.0000 -0.8101 0.5862
vn -0.0000 -0.1583 0.9874
vn -0.0000 -0.1584 0.9874
vn -0.0000 -0.9874 -0.1583
vn -1.0000 -0.0003 -0.0002
vn -0.0000 0.8102 -0.5862
vn -0.0000 0.9874 0.1583
vn -0.0000 -0.8102 0.5862
vn 0.0003 1.0000 0.0008
vt 0.411617 0.410627
vt 0.321236 0.410627
vt 0.345308 0.531850
vt 0.411617 0.514825
vt 0.810160 0.104478
vt 0.931027 0.104478
vt 0.890367 0.087952
vt 0.856307 0.087952
vt 0.321236 0.543198
vt 0.811207 0.377175
vt 0.607202 0.377944
vt 0.607202 0.394853
vt 0.728068 0.394853
vt 0.711127 0.526596
vt 0.643227 0.526596
vt 0.711127 0.553208
vt 0.926248 0.178691
vt 0.713410 0.178691
vt 0.781311 0.204502
vt 0.902177 0.204501
vt 0.503140 0.917989
vt 0.412758 0.917989
vt 0.412758 0.934899
vt 0.503140 0.934899
vt 0.000279 0.410627
vt 0.000279 0.543198
vt 0.928308 0.555589
vt 0.488643 0.555589
vt 0.676432 0.560057
vt 0.707791 0.560057
vt 0.488645 0.132849
vt 0.809602 0.132849
vt 0.671826 0.087951
vt 0.622793 0.087951
vt 0.713410 0.272962
vt 0.781311 0.272962
vt 0.797702 0.345607
vt 0.562043 0.344838
vt 0.562043 0.349957
vt 0.797702 0.362516
vt 0.904740 0.274588
vt 0.492261 0.274588
vt 0.492261 0.291497
vt 0.813217 0.291497
vt 0.000279 0.917989
vt 0.091802 0.934899
vt 0.899983 0.525782
vt 0.899983 0.410629
vt 0.412175 0.410629
vt 0.412175 0.525782
vt 0.926248 0.272962
vt 0.902177 0.272962
vt 0.237746 0.619147
vt 0.024908 0.619147
vt 0.024908 0.713418
vt 0.237746 0.713418
vt 0.488088 0.760762
vt 0.000280 0.760762
vt 0.000280 0.875915
vt 0.488088 0.875915
vt 0.218499 0.978103
vt 0.422370 0.978103
vt 0.417706 0.968168
vt 0.213836 0.968168
vt 0.000278 0.914667
vt 0.488085 0.914667
vt 0.488085 0.904608
vt 0.000278 0.904608
vt 0.892907 0.308041
vt 0.777754 0.308041
vt 0.780383 0.317751
vt 0.895536 0.317751
vt 0.845068 0.962590
vt 0.641197 0.962590
vt 0.636534 0.972525
vt 0.840404 0.972525
vt 0.213118 0.967991
vt 0.213118 0.957016
vt 0.000280 0.957016
vt 0.000280 0.967991
vt 0.432045 0.972526
vt 0.635915 0.972526
vt 0.640579 0.962591
vt 0.436708 0.962591
vt 0.204310 0.969283
vt 0.000439 0.969283
vt 0.005103 0.979218
vt 0.208973 0.979217
vt 0.519246 0.993293
vt 0.516517 0.982662
vt 0.422246 0.982662
vt 0.424976 0.993292
vt 0.541359 0.308041
vt 0.538629 0.318671
vt 0.632900 0.318671
vt 0.635629 0.308041
vt 0.815447 0.772703
vt 0.930600 0.772703
vt 0.933228 0.762993
vt 0.818076 0.762993
vt 0.488086 0.935829
vt 0.000279 0.935829
vt 0.000279 0.945888
vt 0.488086 0.945888
vt 0.275248 0.409325
vt 0.488086 0.409325
vt 0.488086 0.205454
vt 0.349987 0.637388
vt 0.367646 0.697079
vt 0.367646 0.564508
vt 0.349987 0.568977
vt 0.160757 0.618480
vt 0.024908 0.726020
vt 0.299877 0.726020
vt 0.299877 0.715045
vt 0.024908 0.715045
vt 0.000279 0.759459
vt 0.488085 0.759459
vt 0.464013 0.732846
vt 0.024350 0.732846
vt 0.488082 0.892341
vt 0.000279 0.892341
vt 0.000279 0.903316
vt 0.488082 0.903316
vt 0.000279 0.000278
vt 0.000279 0.204149
vt 0.488087 0.204149
vt 0.488087 0.000278
vt 0.000278 0.205454
vt 0.000278 0.409325
vt 0.924612 0.308040
vt 0.900540 0.308040
vt 0.900540 0.334653
vt 0.649123 0.208132
vt 0.024350 0.555588
vt 0.000278 0.555588
vt 0.392329 0.553208
vt 0.368257 0.526596
vt 0.368257 0.730467
vt 0.392329 0.730467
vt 0.488085 0.555587
vt 0.464013 0.555587
vt 0.900541 0.511911
vt 0.924612 0.511911
vt 0.617582 0.255632
vt 0.617582 0.263073
vt 0.705375 0.263073
vt 0.705375 0.259791
vt 0.181600 0.989354
vt 0.091218 0.989354
vt 0.091218 0.994472
vt 0.181600 0.994472
vt 0.090660 0.989353
vt 0.000279 0.989353
vt 0.000279 0.994472
vt 0.090660 0.994472
vt 0.787722 0.394853
vt 0.787722 0.387412
vt 0.799465 0.387412
vt 0.799465 0.382294
vt 0.811207 0.382294
vt 0.550301 0.349957
vt 0.550301 0.355075
vt 0.538558 0.355075
vt 0.538558 0.359234
vt 0.000279 0.934899
vt 0.933639 0.935830
vt 0.778469 0.935830
vt 0.778469 0.952739
vt 0.933639 0.952739
vt 0.904740 0.291497
vt 0.933706 0.917989
vt 0.778536 0.917989
vt 0.778536 0.934898
vt 0.933706 0.934898
vt 0.589382 0.776079
vt 0.574376 0.757799
vt 0.564018 0.757799
vt 0.564018 0.776079
vt 0.360320 0.987123
vt 0.230995 0.987123
vt 0.230995 0.994027
vt 0.360320 0.994027
vt 0.538309 0.764858
vt 0.520028 0.749851
vt 0.520028 0.775215
vt 0.538309 0.775215
vt 0.555739 0.764858
vt 0.555739 0.755338
vt 0.573781 0.755338
vt 0.573781 0.749851
vt 0.519876 0.993469
vt 0.649201 0.993469
vt 0.649201 0.987122
vt 0.519876 0.987122
vt 0.517799 0.986243
vt 0.647124 0.986243
vt 0.647124 0.982585
vt 0.517799 0.982585
vt 0.574376 0.740369
vt 0.583895 0.740369
vt 0.589382 0.722327
vt 0.583895 0.722327
vt 0.856307 0.031381
vt 0.810160 0.000279
vt 0.890367 0.031381
vt 0.931027 0.000279
vt 0.488645 0.821968
vt 0.519090 0.777070
vt 0.519090 0.720498
vt 0.488645 0.689397
vt 0.591374 0.720498
vt 0.637458 0.720498
vt 0.591374 0.777070
vt 0.637458 0.777070
vt 0.686491 0.720498
vt 0.711086 0.720498
vt 0.807444 0.689397
vt 0.686491 0.777070
vt 0.711086 0.777070
vt 0.760118 0.720498
vt 0.807444 0.821968
vt 0.760118 0.777070
vt 0.957092 0.258978
vt 0.945056 0.258978
vt 0.945056 0.315549
vt 0.957092 0.315549
vt 0.343574 0.685732
vt 0.318628 0.637388
vt 0.277264 0.668707
vt 0.277264 0.564508
vt 0.318628 0.568977
vt 0.809602 0.000279
vt 0.488645 0.000279
vt 0.622793 0.031380
vt 0.671826 0.031380
vt 0.928308 0.688159
vt 0.707791 0.628468
vt 0.676432 0.628468
vt 0.488643 0.688159
vt 0.770180 0.643261
vt 0.591520 0.643261
vt 0.560161 0.643261
vt 0.801538 0.643261
vt 0.801538 0.601452
vt 0.770180 0.601452
vt 0.591520 0.601452
vt 0.560161 0.601452
vt 0.932462 0.470184
vt 0.944498 0.470184
vt 0.944498 0.413613
vt 0.932462 0.413613
vt 0.946093 0.762187
vt 0.958129 0.762187
vt 0.958129 0.728127
vt 0.946093 0.728127
vt 0.942092 0.129133
vt 0.954128 0.129133
vt 0.954128 0.072562
vt 0.942092 0.072562
vt 0.944498 0.364581
vt 0.932462 0.364581
vt 0.954128 0.000278
vt 0.942092 0.000278
vt 0.944498 0.308010
vt 0.932462 0.308010
vt 0.942092 0.257987
vt 0.954128 0.257987
vt 0.954128 0.201416
vt 0.942092 0.201416
vt 0.944498 0.258977
vt 0.932462 0.258977
vt 0.945536 0.470842
vt 0.933500 0.470842
vt 0.933500 0.527413
vt 0.945536 0.527413
vt 0.958129 0.671556
vt 0.946093 0.671556
vt 0.933500 0.576446
vt 0.945536 0.576446
vt 0.946093 0.852819
vt 0.958129 0.852819
vt 0.958129 0.818758
vt 0.946093 0.818758
vt 0.933500 0.633017
vt 0.945536 0.633017
vt 0.933500 0.682049
vt 0.945536 0.682049
vt 0.966721 0.031637
vt 0.954686 0.031637
vt 0.954686 0.100048
vt 0.966721 0.100048
vt 0.957092 0.421153
vt 0.945056 0.421153
vt 0.945056 0.470185
vt 0.957092 0.470185
vt 0.966721 0.131407
vt 0.954686 0.131407
vt 0.954686 0.199818
vt 0.966721 0.199818
vt 0.945056 0.364581
vt 0.957092 0.364581
vt 0.966721 0.000278
vt 0.954686 0.000278
vt 0.967279 0.220636
vt 0.979315 0.220636
vt 0.979315 0.189277
vt 0.967279 0.189277
vt 0.979315 0.147468
vt 0.967279 0.147468
vt 0.967280 0.104805
vt 0.979316 0.104805
vt 0.979316 0.073446
vt 0.967280 0.073446
vt 0.958129 0.470842
vt 0.946093 0.470842
vt 0.946093 0.502201
vt 0.958129 0.502201
vt 0.979316 0.031637
vt 0.967280 0.031637
vt 0.967279 0.293804
vt 0.979315 0.293804
vt 0.979315 0.262445
vt 0.967279 0.262445
vt 0.946093 0.570612
vt 0.958129 0.570612
vt 0.979316 0.000278
vt 0.967280 0.000278
vt 0.946093 0.601971
vt 0.958129 0.601971
vt 0.967280 0.146614
vt 0.979316 0.146614
vt 0.946093 0.670382
vt 0.958129 0.670382
vt 0.931762 0.470022
vt 0.931762 0.418957
vt 0.930616 0.418957
vt 0.930616 0.470022
vt 0.997110 0.459310
vt 0.996139 0.459310
vt 0.996139 0.489527
vt 0.997110 0.489527
vt 0.931762 0.337968
vt 0.931762 0.308039
vt 0.930616 0.308039
vt 0.930616 0.337968
vt 0.936587 0.056848
vt 0.937245 0.056848
vt 0.937245 0.000280
vt 0.936587 0.000280
vt 0.931762 0.389027
vt 0.930616 0.389027
vt 0.874929 0.402523
vt 0.874929 0.345952
vt 0.872069 0.348708
vt 0.872069 0.399768
vt 0.460767 0.631414
vt 0.458064 0.634170
vt 0.458064 0.685230
vt 0.460767 0.687985
vt 0.996139 0.326996
vt 0.996139 0.378042
vt 0.997110 0.378042
vt 0.997110 0.326996
vt 0.997110 0.408249
vt 0.996139 0.408249
vt 0.427857 0.634170
vt 0.424802 0.631414
vt 0.427857 0.685230
vt 0.424802 0.687985
vt 0.842139 0.399768
vt 0.838612 0.402523
vt 0.838612 0.345952
vt 0.842139 0.348708
vt 0.857801 0.033189
vt 0.857801 0.086035
vt 0.889065 0.086035
vt 0.889065 0.033189
vt 0.998639 0.457407
vt 0.997668 0.457407
vt 0.997667 0.485717
vt 0.998639 0.485717
vt 0.808001 0.761579
vt 0.810705 0.758823
vt 0.810705 0.707763
vt 0.808002 0.705008
vt 0.997668 0.326997
vt 0.997668 0.378044
vt 0.998639 0.378044
vt 0.998639 0.326997
vt 0.997668 0.406346
vt 0.998639 0.406346
vt 0.839007 0.758823
vt 0.842062 0.761579
vt 0.839007 0.707763
vt 0.842062 0.705008
vt 0.593801 0.255135
vt 0.593801 0.201818
vt 0.564248 0.201818
vt 0.564248 0.255135
vt 0.993976 0.501155
vt 0.993976 0.439077
vt 0.995580 0.439077
vt 0.995581 0.501155
vt 0.993976 0.414080
vt 0.993976 0.351997
vt 0.995580 0.351997
vt 0.995580 0.414080
vt 0.581125 0.392746
vt 0.581125 0.393655
vt 0.606124 0.393655
vt 0.606124 0.392746
vt 0.396066 0.634578
vt 0.396066 0.696657
vt 0.392886 0.699823
vt 0.392886 0.631412
vt 0.421065 0.634578
vt 0.424245 0.631412
vt 0.421065 0.696657
vt 0.424245 0.699823
vt 0.581125 0.389441
vt 0.581125 0.390350
vt 0.606124 0.390350
vt 0.606124 0.389441
vt 0.993976 0.326997
vt 0.995581 0.326997
vt 0.982647 0.356739
vt 0.957649 0.356739
vt 0.957649 0.294660
vt 0.982647 0.294660
vt 0.934593 0.166002
vt 0.934593 0.112509
vt 0.903237 0.112509
vt 0.903237 0.166002
vt 0.800023 0.391673
vt 0.800023 0.393462
vt 0.833671 0.393462
vt 0.833671 0.391673
vt 0.800023 0.383866
vt 0.800023 0.384987
vt 0.833671 0.384987
vt 0.833671 0.383866
vt 0.833671 0.388664
vt 0.800023 0.388664
vt 0.800023 0.387996
vt 0.833671 0.387996
vt 0.879044 0.233743
vt 0.879044 0.235777
vt 0.893322 0.235777
vt 0.893322 0.233743
vt 0.879044 0.224868
vt 0.879044 0.226143
vt 0.893322 0.226143
vt 0.893322 0.224868
vt 0.893322 0.230323
vt 0.879044 0.230323
vt 0.879044 0.229563
vt 0.893322 0.229563
vt 0.746010 0.172003
vt 0.744221 0.173792
vt 0.768648 0.173792
vt 0.768648 0.172003
vt 0.744221 0.164196
vt 0.745342 0.165317
vt 0.768648 0.165317
vt 0.768648 0.164196
vt 0.768648 0.168994
vt 0.746010 0.168994
vt 0.745342 0.168326
vt 0.768648 0.168326
vt 0.689936 0.252288
vt 0.689936 0.254077
vt 0.701737 0.254077
vt 0.699948 0.252288
vt 0.689936 0.244481
vt 0.689936 0.245602
vt 0.700616 0.245602
vt 0.701737 0.244481
vt 0.699948 0.249279
vt 0.689936 0.249279
vt 0.689936 0.248611
vt 0.700616 0.248611
vt 0.554878 0.190959
vt 0.556667 0.192748
vt 0.592014 0.192748
vt 0.592014 0.190959
vt 0.556667 0.183152
vt 0.555546 0.184273
vt 0.592014 0.184273
vt 0.592014 0.183152
vt 0.592014 0.187950
vt 0.554878 0.187950
vt 0.555546 0.187282
vt 0.592014 0.187282
vt 0.860479 0.326998
vt 0.860479 0.328787
vt 0.895121 0.328787
vt 0.896910 0.326998
vt 0.860479 0.319191
vt 0.860479 0.320313
vt 0.896242 0.320312
vt 0.895121 0.319191
vt 0.896910 0.323989
vt 0.860479 0.323989
vt 0.860479 0.323321
vt 0.896242 0.323321
vt 0.845786 0.964381
vt 0.975840 0.964381
vt 0.974051 0.962592
vt 0.845786 0.962592
vt 0.845787 0.972189
vt 0.974051 0.972188
vt 0.975172 0.971067
vt 0.845787 0.971068
vt 0.845786 0.967390
vt 0.975840 0.967390
vt 0.845786 0.968059
vt 0.975172 0.968058
vt 0.433825 0.961813
vt 0.213676 0.961814
vt 0.214341 0.962478
vt 0.433938 0.962481
vt 0.945469 0.758949
vt 0.903551 0.758949
vt 0.905340 0.760738
vt 0.945469 0.760738
vt 0.945469 0.751142
vt 0.905340 0.751142
vt 0.904219 0.752263
vt 0.945469 0.752263
vt 0.945469 0.755940
vt 0.903551 0.755940
vt 0.945469 0.755272
vt 0.904219 0.755272
vt 0.360845 0.705682
vt 0.360845 0.703892
vt 0.240093 0.703892
vt 0.238304 0.705681
vt 0.360845 0.713489
vt 0.360845 0.712367
vt 0.238970 0.712366
vt 0.240092 0.713487
vt 0.238304 0.708690
vt 0.360845 0.708691
vt 0.360845 0.709358
vt 0.238970 0.709357
vt 0.315271 0.548455
vt 0.365624 0.548455
vt 0.365624 0.546666
vt 0.315271 0.546666
vt 0.315271 0.556262
vt 0.365624 0.556262
vt 0.365624 0.555141
vt 0.315271 0.555141
vt 0.315271 0.551464
vt 0.365624 0.551464
vt 0.315271 0.552132
vt 0.365624 0.552132
vt 0.689378 0.252289
vt 0.616504 0.252289
vt 0.616504 0.254078
vt 0.689378 0.254078
vt 0.689378 0.244482
vt 0.616504 0.244482
vt 0.616504 0.245603
vt 0.689378 0.245603
vt 0.689378 0.249280
vt 0.616504 0.249280
vt 0.689378 0.248612
vt 0.616504 0.248612
vt 0.941545 0.805719
vt 0.941545 0.803930
vt 0.809790 0.803930
vt 0.808001 0.805719
vt 0.941545 0.813526
vt 0.941545 0.812405
vt 0.808669 0.812405
vt 0.809790 0.813526
vt 0.808001 0.808728
vt 0.941545 0.808728
vt 0.941545 0.809396
vt 0.808669 0.809396
vt 0.538558 0.380080
vt 0.605845 0.380080
vt 0.604056 0.378291
vt 0.538558 0.378291
vt 0.538558 0.387887
vt 0.604056 0.387887
vt 0.605177 0.386765
vt 0.538558 0.386766
vt 0.538558 0.383089
vt 0.605845 0.383089
vt 0.538558 0.383757
vt 0.605177 0.383757
vt 0.633617 0.925796
vt 0.503696 0.925796
vt 0.505485 0.927585
vt 0.633617 0.927585
vt 0.633617 0.917989
vt 0.505485 0.917989
vt 0.504364 0.919110
vt 0.633617 0.919110
vt 0.633617 0.922787
vt 0.503696 0.922787
vt 0.633617 0.922119
vt 0.504364 0.922119
vt 0.531740 0.155948
vt 0.531740 0.154159
vt 0.490433 0.154159
vt 0.488644 0.155948
vt 0.531740 0.163755
vt 0.531740 0.162634
vt 0.489312 0.162634
vt 0.490434 0.163755
vt 0.488644 0.158957
vt 0.531740 0.158957
vt 0.531740 0.159625
vt 0.489312 0.159625
vt 0.214341 0.965489
vt 0.433938 0.965490
vt 0.213677 0.958804
vt 0.433825 0.958804
vt 0.215463 0.966610
vt 0.434127 0.966612
vt 0.434127 0.957015
vt 0.215466 0.957015
vt 0.892309 0.335135
vt 0.568819 0.335135
vt 0.568819 0.341935
vt 0.892309 0.341937
vt 0.566259 0.335135
vt 0.566259 0.341935
vt 0.859921 0.322896
vt 0.538558 0.322896
vt 0.538558 0.329698
vt 0.859921 0.329698
vt 0.538558 0.320307
vt 0.857361 0.320307
vt 0.857361 0.332287
vt 0.538558 0.332286
vt 0.889718 0.332573
vt 0.568819 0.332575
vt 0.568819 0.344498
vt 0.889717 0.344499
vt 0.769657 0.303939
vt 0.646731 0.303939
vt 0.646731 0.310741
vt 0.769657 0.310741
vt 0.648788 0.301350
vt 0.769657 0.301350
vt 0.769657 0.313330
vt 0.648788 0.313330
vt 0.772245 0.310741
vt 0.772245 0.303939
vt 0.808002 0.801379
vt 0.936269 0.801379
vt 0.936269 0.794576
vt 0.808002 0.794576
vt 0.938327 0.801379
vt 0.938327 0.794576
vt 0.808002 0.792518
vt 0.936269 0.792518
vt 0.808002 0.803437
vt 0.936269 0.803436
vt 0.711684 0.551065
vt 0.714271 0.553122
vt 0.932942 0.553124
vt 0.932942 0.551066
vt 0.714271 0.542206
vt 0.711684 0.544262
vt 0.932942 0.544262
vt 0.932942 0.542206
vt 0.251693 0.580119
vt 0.244005 0.580119
vt 0.244005 0.685449
vt 0.251693 0.685449
vt 0.274757 0.580119
vt 0.267069 0.580119
vt 0.267069 0.685449
vt 0.274757 0.685449
vt 0.259381 0.580119
vt 0.259381 0.685449
vt 0.397724 0.726183
vt 0.397724 0.729387
vt 0.458285 0.729387
vt 0.458285 0.726183
vt 0.397717 0.730612
vt 0.458278 0.730613
vt 0.397717 0.721754
vt 0.397717 0.724957
vt 0.458278 0.724958
vt 0.458278 0.721754
vt 0.396498 0.726183
vt 0.396498 0.729387
vt 0.366365 0.560391
vt 0.366365 0.559285
vt 0.309214 0.559285
vt 0.309214 0.560391
vt 0.366365 0.556898
vt 0.309214 0.556898
vt 0.366365 0.563884
vt 0.366365 0.562778
vt 0.309214 0.562778
vt 0.309214 0.563883
vt 0.329524 0.542929
vt 0.329524 0.545064
vt 0.367625 0.545064
vt 0.367625 0.542929
vt 0.329524 0.545882
vt 0.367625 0.545882
vt 0.329524 0.539976
vt 0.329524 0.542112
vt 0.367625 0.542112
vt 0.367625 0.539976
vt 0.442864 0.556146
vt 0.439681 0.556146
vt 0.439681 0.614763
vt 0.442864 0.614763
vt 0.452412 0.556146
vt 0.449229 0.556146
vt 0.449229 0.613435
vt 0.452412 0.614763
vt 0.446047 0.556146
vt 0.446047 0.613435
vt 0.339135 0.573917
vt 0.335952 0.573917
vt 0.335952 0.632535
vt 0.339135 0.632535
vt 0.348683 0.573917
vt 0.345500 0.573917
vt 0.345500 0.632535
vt 0.348683 0.632535
vt 0.342317 0.573917
vt 0.342317 0.632535
vt 0.324161 0.572282
vt 0.320978 0.572282
vt 0.320978 0.633175
vt 0.324161 0.633175
vt 0.333709 0.572282
vt 0.330527 0.572282
vt 0.330527 0.632038
vt 0.333709 0.633175
vt 0.327344 0.572282
vt 0.327344 0.632038
vt 0.965526 0.523821
vt 0.965526 0.503732
vt 0.960192 0.503732
vt 0.960192 0.523821
vt 0.965526 0.584089
vt 0.965526 0.564000
vt 0.960192 0.564000
vt 0.960192 0.584089
vt 0.965526 0.543910
vt 0.960192 0.543910
vt 0.699802 0.568803
vt 0.702159 0.566446
vt 0.682069 0.566446
vt 0.684426 0.568803
vt 0.699802 0.584179
vt 0.702159 0.586536
vt 0.778727 0.632798
vt 0.776903 0.634623
vt 0.795937 0.634623
vt 0.794112 0.632798
vt 0.794112 0.617413
vt 0.795937 0.615589
vt 0.776903 0.615589
vt 0.778727 0.617413
vt 0.682069 0.586536
vt 0.684426 0.584179
vt 0.698936 0.606104
vt 0.698386 0.606654
vt 0.698386 0.625822
vt 0.698936 0.626373
vt 0.678667 0.626373
vt 0.679218 0.625822
vt 0.679218 0.606654
vt 0.678667 0.606104
vt 0.965485 0.746747
vt 0.965485 0.727731
vt 0.960436 0.727731
vt 0.960436 0.746747
vt 0.965485 0.765764
vt 0.960436 0.765764
vt 0.965485 0.784781
vt 0.960435 0.784780
vt 0.965485 0.708714
vt 0.960435 0.708714
vt 0.991251 0.056852
vt 0.993417 0.056852
vt 0.993418 0.000279
vt 0.991251 0.000279
vt 0.816178 0.111115
vt 0.810160 0.105097
vt 0.810160 0.173704
vt 0.816178 0.167686
vt 0.987968 0.000279
vt 0.985801 0.000279
vt 0.985801 0.068892
vt 0.987968 0.068892
vt 0.993418 0.257986
vt 0.993418 0.185705
vt 0.991251 0.185705
vt 0.991251 0.257986
vt 0.987968 0.306930
vt 0.987968 0.222218
vt 0.985801 0.222218
vt 0.985801 0.306930
vt 0.888461 0.111115
vt 0.894880 0.105097
vt 0.993417 0.129134
vt 0.991251 0.129134
vt 0.987968 0.153610
vt 0.985801 0.153610
vt 0.888461 0.167686
vt 0.894880 0.173704
vt 0.986511 0.432731
vt 0.984345 0.432731
vt 0.984345 0.489303
vt 0.986511 0.489303
vt 0.901456 0.111113
vt 0.895438 0.105095
vt 0.895438 0.173702
vt 0.901456 0.167684
vt 0.993418 0.258977
vt 0.991251 0.258977
vt 0.991251 0.327585
vt 0.993418 0.327585
vt 0.984345 0.308040
vt 0.984345 0.342100
vt 0.986511 0.342100
vt 0.986511 0.308040
vt 0.993418 0.488384
vt 0.993418 0.442289
vt 0.991251 0.442289
vt 0.991251 0.488384
vt 0.935516 0.111113
vt 0.941534 0.105095
vt 0.984345 0.398671
vt 0.986511 0.398671
vt 0.993418 0.373681
vt 0.991251 0.373681
vt 0.935516 0.167684
vt 0.941534 0.173702
vt 0.990692 0.392335
vt 0.988526 0.392335
vt 0.988526 0.460744
vt 0.990692 0.460744
vt 0.398906 0.556399
vt 0.392888 0.554472
vt 0.392888 0.630828
vt 0.398906 0.624810
vt 0.927891 0.504142
vt 0.930058 0.504142
vt 0.930058 0.427783
vt 0.927892 0.427783
vt 0.988526 0.292565
vt 0.988526 0.360974
vt 0.990692 0.360974
vt 0.990692 0.292565
vt 0.927892 0.308041
vt 0.927892 0.384388
vt 0.930058 0.384388
vt 0.930058 0.308041
vt 0.436283 0.554472
vt 0.430265 0.556399
vt 0.430265 0.624810
vt 0.436283 0.630828
vt 0.988526 0.261207
vt 0.990692 0.261207
vt 0.406872 0.621665
vt 0.408938 0.622315
vt 0.408798 0.568111
vt 0.406620 0.568084
vt 0.451582 0.671141
vt 0.451590 0.649980
vt 0.434669 0.649969
vt 0.434665 0.671128
vt 0.582313 0.607985
vt 0.570868 0.606979
vt 0.573426 0.614171
vt 0.579216 0.614752
vt 0.568546 0.623717
vt 0.561340 0.626367
vt 0.569340 0.634660
vt 0.572598 0.627948
vt 0.590102 0.616380
vt 0.583064 0.619094
vt 0.582814 0.624802
vt 0.590102 0.628314
vt 0.577283 0.618565
vt 0.578963 0.620412
vt 0.444804 0.677960
vt 0.447890 0.676637
vt 0.438343 0.676613
vt 0.441422 0.677926
vt 0.568816 0.617741
vt 0.572837 0.619855
vt 0.574755 0.618312
vt 0.574458 0.624167
vt 0.578391 0.628560
vt 0.576993 0.624445
vt 0.561294 0.614305
vt 0.413335 0.617405
vt 0.415510 0.614717
vt 0.415178 0.568096
vt 0.413055 0.568125
vt 0.463500 0.709139
vt 0.463500 0.705196
vt 0.445479 0.705629
vt 0.445987 0.708085
vt 0.408653 0.562986
vt 0.407171 0.564476
vt 0.407231 0.566599
vt 0.430222 0.672152
vt 0.435646 0.680412
vt 0.441456 0.643204
vt 0.440508 0.638551
vt 0.435648 0.640666
vt 0.438358 0.644473
vt 0.440453 0.682569
vt 0.445769 0.682631
vt 0.456033 0.648964
vt 0.450637 0.640704
vt 0.447916 0.644485
vt 0.444820 0.643197
vt 0.445818 0.638574
vt 0.456033 0.672175
vt 0.430221 0.648937
vt 0.463455 0.701279
vt 0.463166 0.697398
vt 0.449125 0.698861
vt 0.446876 0.702735
vt 0.450098 0.715504
vt 0.462873 0.716990
vt 0.463377 0.713079
vt 0.448000 0.711546
vt 0.411082 0.620551
vt 0.410954 0.568129
vt 0.580779 0.635769
vt 0.461624 0.689771
vt 0.450707 0.692691
vt 0.450746 0.695199
vt 0.462487 0.693565
vt 0.578883 0.622873
vt 0.572703 0.622292
vt 0.404497 0.568066
vt 0.404683 0.618986
vt 0.402396 0.568080
vt 0.400240 0.568120
vt 0.400240 0.614120
vt 0.402403 0.615860
vt 0.417571 0.614046
vt 0.417356 0.568049
vt 0.450599 0.680453
vt 0.412436 0.566639
vt 0.412376 0.564516
vt 0.410809 0.563003
vt 0.450958 0.718601
vt 0.462037 0.720818
vt 0.941348 0.782492
vt 0.941474 0.783237
vt 0.945025 0.782901
vt 0.944894 0.781931
vt 0.941163 0.781618
vt 0.944739 0.780958
vt 0.941011 0.780609
vt 0.944571 0.779982
vt 0.941244 0.786270
vt 0.941127 0.787285
vt 0.944711 0.787785
vt 0.944844 0.786802
vt 0.941398 0.785389
vt 0.944965 0.785823
vt 0.941498 0.784640
vt 0.945060 0.784848
vt 0.941523 0.783938
vt 0.945101 0.783873
vt 0.940233 0.783238
vt 0.940311 0.783959
vt 0.940054 0.782517
vt 0.939877 0.781669
vt 0.939818 0.780656
vt 0.939955 0.786262
vt 0.939930 0.787279
vt 0.940104 0.785408
vt 0.940258 0.784682
vt 0.924405 0.784210
vt 0.924435 0.785637
vt 0.924462 0.780491
vt 0.924407 0.781565
vt 0.924399 0.782785
vt 0.924556 0.787938
vt 0.924754 0.788969
vt 0.924632 0.779462
vt 0.924473 0.786860
vt 0.922694 0.782644
vt 0.922754 0.784230
vt 0.922620 0.781228
vt 0.922645 0.779922
vt 0.922789 0.778604
vt 0.922740 0.788550
vt 0.922912 0.789869
vt 0.922687 0.787240
vt 0.922730 0.785819
vt 0.823712 0.785131
vt 0.823702 0.786806
vt 0.823679 0.781815
vt 0.823701 0.783461
vt 0.823679 0.790108
vt 0.823685 0.791734
vt 0.823684 0.788468
vt 0.823665 0.780200
vt 0.823656 0.778604
vt 0.817831 0.778665
vt 0.817979 0.780087
vt 0.818223 0.786977
vt 0.818016 0.788671
vt 0.818295 0.783203
vt 0.818338 0.785082
vt 0.817798 0.790192
vt 0.817616 0.791687
vt 0.818149 0.781551
vt 0.815202 0.783368
vt 0.815137 0.784990
vt 0.815251 0.781886
vt 0.815225 0.780511
vt 0.815061 0.779175
vt 0.814893 0.789628
vt 0.814640 0.791055
vt 0.815011 0.788176
vt 0.815072 0.786635
vt 0.811830 0.786129
vt 0.811718 0.787421
vt 0.812063 0.781064
vt 0.812088 0.782301
vt 0.811891 0.779775
vt 0.811526 0.788754
vt 0.811233 0.790146
vt 0.811931 0.784817
vt 0.812023 0.783528
vt 0.808275 0.788206
vt 0.807982 0.789598
vt 0.809435 0.787383
vt 0.810781 0.787610
vt 0.808727 0.790742
vt 0.810073 0.790969
vt 0.805298 0.977643
vt 0.805414 0.978348
vt 0.808760 0.978049
vt 0.808644 0.977135
vt 0.805129 0.976815
vt 0.808504 0.976217
vt 0.804993 0.975860
vt 0.808353 0.975295
vt 0.805187 0.981216
vt 0.805077 0.982176
vt 0.808455 0.982648
vt 0.808580 0.981722
vt 0.805335 0.980384
vt 0.808695 0.980800
vt 0.805431 0.979675
vt 0.808786 0.979882
vt 0.805457 0.979011
vt 0.808825 0.978964
vt 0.804241 0.978344
vt 0.804313 0.979027
vt 0.804074 0.977660
vt 0.803910 0.976854
vt 0.803863 0.975891
vt 0.803967 0.981209
vt 0.803945 0.982175
vt 0.804110 0.980399
vt 0.804259 0.979712
vt 0.789112 0.979212
vt 0.789143 0.980602
vt 0.789211 0.975585
vt 0.789139 0.976633
vt 0.789115 0.977823
vt 0.789283 0.982845
vt 0.789489 0.983844
vt 0.789396 0.974585
vt 0.789190 0.981794
vt 0.787449 0.977671
vt 0.787500 0.979227
vt 0.787389 0.976277
vt 0.787427 0.974987
vt 0.787584 0.973682
vt 0.787502 0.983476
vt 0.787680 0.984781
vt 0.787441 0.982183
vt 0.787477 0.980786
vt 0.662716 0.980152
vt 0.662705 0.981810
vt 0.662680 0.976868
vt 0.662705 0.978499
vt 0.662672 0.985077
vt 0.662670 0.986686
vt 0.662683 0.983455
vt 0.662662 0.975266
vt 0.662649 0.973682
vt 0.656878 0.973783
vt 0.657036 0.975188
vt 0.657307 0.981974
vt 0.657102 0.983637
vt 0.657367 0.978261
vt 0.657418 0.980111
vt 0.656884 0.985129
vt 0.656696 0.986594
vt 0.657214 0.976631
vt 0.654328 0.978442
vt 0.654275 0.980034
vt 0.654363 0.976984
vt 0.654324 0.975631
vt 0.654148 0.974317
vt 0.654046 0.984568
vt 0.653796 0.985957
vt 0.654163 0.983151
vt 0.654219 0.981645
vt 0.651054 0.981170
vt 0.650956 0.982427
vt 0.651223 0.976210
vt 0.651263 0.977425
vt 0.651038 0.974945
vt 0.650777 0.983720
vt 0.650491 0.985070
vt 0.651139 0.979889
vt 0.651214 0.978628
vt 0.647623 0.983185
vt 0.647337 0.984535
vt 0.648749 0.982387
vt 0.650055 0.982609
vt 0.648059 0.985646
vt 0.649365 0.985868
vt 0.485336 0.889611
vt 0.000278 0.889617
vt 0.000278 0.890790
vt 0.485336 0.890765
vt 0.000279 0.877885
vt 0.485337 0.877903
vt 0.485337 0.876731
vt 0.000279 0.876731
vt 0.485337 0.880563
vt 0.000278 0.880520
vt 0.000278 0.881901
vt 0.485337 0.881942
vt 0.485336 0.883824
vt 0.000278 0.883789
vt 0.000278 0.885676
vt 0.485336 0.885705
vt 0.000278 0.887006
vt 0.485336 0.887027
vt 0.485337 0.879122
vt 0.000279 0.879085
vt 0.000278 0.888387
vt 0.485336 0.888395
vt 0.494932 0.951230
vt 0.494681 0.949361
vt 0.494681 0.953099
vt 0.494056 0.954332
vt 0.494056 0.948193
vt 0.491748 0.955530
vt 0.491748 0.947061
vt 0.490594 0.946981
vt 0.490594 0.955610
vt 0.492902 0.947452
vt 0.492902 0.955192
vt 0.004616 0.955607
vt 0.004616 0.946981
vt 0.000280 0.951229
vt 0.000531 0.953097
vt 0.000531 0.949360
vt 0.001156 0.954330
vt 0.001156 0.948193
vt 0.002309 0.955189
vt 0.002309 0.947452
vt 0.003463 0.955527
vt 0.003463 0.947062
vt 0.923286 0.527755
vt 0.923286 0.526597
vt 0.711683 0.526596
vt 0.711683 0.527753
vt 0.711683 0.539459
vt 0.711683 0.540616
vt 0.923286 0.540615
vt 0.923286 0.539458
vt 0.923286 0.536817
vt 0.923286 0.535435
vt 0.711683 0.535437
vt 0.711683 0.536819
vt 0.923286 0.533551
vt 0.923286 0.531667
vt 0.711683 0.531666
vt 0.711683 0.533551
vt 0.923286 0.530344
vt 0.711683 0.530342
vt 0.711683 0.538256
vt 0.923286 0.538256
vt 0.923286 0.528973
vt 0.711683 0.528971
vt 0.712506 0.268932
vt 0.712255 0.267063
vt 0.712255 0.270800
vt 0.711631 0.265830
vt 0.711631 0.271968
vt 0.709324 0.264633
vt 0.708170 0.264553
vt 0.708170 0.273180
vt 0.709324 0.273099
vt 0.710477 0.264971
vt 0.710477 0.272708
vt 0.496573 0.264552
vt 0.496573 0.273180
vt 0.492237 0.268932
vt 0.492488 0.270800
vt 0.492488 0.267063
vt 0.493112 0.271967
vt 0.493112 0.265830
vt 0.494266 0.272708
vt 0.494266 0.264971
vt 0.495420 0.273099
vt 0.495419 0.264633
vt 0.811147 0.363847
vt 0.811147 0.362690
vt 0.538559 0.362679
vt 0.538559 0.363836
vt 0.538559 0.375545
vt 0.538559 0.376702
vt 0.811147 0.376697
vt 0.811147 0.375540
vt 0.811147 0.372899
vt 0.811147 0.371519
vt 0.538559 0.371521
vt 0.538559 0.372904
vt 0.811147 0.369637
vt 0.811147 0.367754
vt 0.538559 0.367750
vt 0.538559 0.369636
vt 0.811147 0.366433
vt 0.538559 0.366426
vt 0.538559 0.374344
vt 0.811147 0.374338
vt 0.811147 0.365063
vt 0.538559 0.365054
vt 0.494116 0.956804
vt 0.494367 0.958673
vt 0.494367 0.954936
vt 0.494991 0.959906
vt 0.494991 0.953768
vt 0.497298 0.961103
vt 0.498452 0.961183
vt 0.498452 0.952556
vt 0.497298 0.952637
vt 0.496145 0.960765
vt 0.496145 0.953027
vt 0.770961 0.961183
vt 0.770961 0.952556
vt 0.775298 0.956804
vt 0.775047 0.954936
vt 0.775047 0.958673
vt 0.774422 0.953768
vt 0.774422 0.959906
vt 0.773269 0.953027
vt 0.773269 0.960765
vt 0.772115 0.952637
vt 0.772115 0.961103
vt 0.665686 0.244014
vt 0.665686 0.201380
vt 0.634938 0.215773
vt 0.634938 0.244014
vt 0.618841 0.215773
vt 0.618841 0.244014
vt 0.712531 0.244014
vt 0.712531 0.215773
vt 0.681782 0.201380
vt 0.681782 0.244014
vt 0.880738 0.142617
vt 0.880738 0.111786
vt 0.871528 0.111786
vt 0.871528 0.142617
vt 0.876123 0.205091
vt 0.876123 0.243411
vt 0.877897 0.240023
vt 0.877897 0.208479
vt 0.993977 0.288604
vt 0.998381 0.288604
vt 0.998381 0.269050
vt 0.993977 0.269050
vt 0.993977 0.231698
vt 0.998381 0.231698
vt 0.998381 0.212144
vt 0.993977 0.212144
vt 0.993977 0.325957
vt 0.998381 0.325957
vt 0.896183 0.243411
vt 0.894410 0.240023
vt 0.896183 0.205091
vt 0.894410 0.208479
vt 0.955246 0.233908
vt 0.966140 0.246618
vt 0.966140 0.221198
vt 0.520251 0.302066
vt 0.568695 0.302066
vt 0.568695 0.300706
vt 0.520251 0.300706
vt 0.494891 0.302065
vt 0.494891 0.300706
vt 0.769543 0.173762
vt 0.809336 0.173762
vt 0.809336 0.152930
vt 0.769543 0.152930
vt 0.594057 0.302066
vt 0.642504 0.302065
vt 0.642504 0.300706
vt 0.594057 0.300706
vt 0.911238 0.288521
vt 0.923613 0.302958
vt 0.923613 0.274084
vt 0.759079 0.774328
vt 0.759079 0.725769
vt 0.744912 0.734687
vt 0.744912 0.765409
vt 0.670758 0.775347
vt 0.684925 0.766429
vt 0.684925 0.735707
vt 0.670758 0.726788
vt 0.870036 0.235525
vt 0.875208 0.242805
vt 0.875208 0.205453
vt 0.870036 0.212733
vt 0.855654 0.205453
vt 0.860826 0.212733
vt 0.855654 0.242805
vt 0.860826 0.235525
vt 0.848736 0.142617
vt 0.848736 0.111786
vt 0.839526 0.111786
vt 0.839526 0.142617
vt 0.816735 0.111786
vt 0.816735 0.142617
vt 0.798879 0.243123
vt 0.798879 0.205454
vt 0.781868 0.213599
vt 0.781868 0.243123
vt 0.855097 0.243123
vt 0.855097 0.213599
vt 0.835494 0.213599
vt 0.835494 0.243123
vt 0.818483 0.205454
vt 0.818483 0.243123
vt 0.859551 0.166815
vt 0.859551 0.144123
vt 0.849605 0.144123
vt 0.849605 0.166815
vt 0.869956 0.399431
vt 0.869957 0.376888
vt 0.867660 0.378881
vt 0.867660 0.397438
vt 0.936031 0.044758
vt 0.931584 0.044758
vt 0.931584 0.068572
vt 0.936031 0.068572
vt 0.936031 0.000279
vt 0.931584 0.000279
vt 0.931584 0.024093
vt 0.936031 0.024093
vt 0.931584 0.089238
vt 0.936031 0.089238
vt 0.843979 0.376888
vt 0.846276 0.378881
vt 0.843979 0.399431
vt 0.846276 0.397438
vt 0.868177 0.375612
vt 0.868177 0.349722
vt 0.857217 0.362667
vt 0.904286 0.300799
vt 0.874268 0.300799
vt 0.874268 0.302361
vt 0.904286 0.302361
vt 0.809657 0.300799
vt 0.775064 0.300799
vt 0.775064 0.302361
vt 0.809657 0.302361
vt 0.846208 0.375267
vt 0.846208 0.350067
vt 0.887520 0.166836
vt 0.887520 0.143627
vt 0.860774 0.143627
vt 0.860774 0.166836
vt 0.839675 0.300799
vt 0.839675 0.302361
vt 0.648623 0.752668
vt 0.642447 0.747308
vt 0.642447 0.767973
vt 0.648623 0.762614
vt 0.666261 0.767973
vt 0.660085 0.762614
vt 0.666261 0.747308
vt 0.660085 0.752668
vt 0.838143 0.166815
vt 0.838143 0.144123
vt 0.828197 0.144123
vt 0.828197 0.166815
vt 0.816736 0.144123
vt 0.816736 0.166815
vt 0.971799 0.450615
vt 0.971799 0.358219
vt 0.957650 0.361002
vt 0.957650 0.450615
vt 0.650482 0.313858
vt 0.650482 0.316179
vt 0.664632 0.316179
vt 0.664632 0.313858
vt 0.647699 0.313858
vt 0.647699 0.316179
vt 0.957650 0.358219
vt 0.757029 0.316179
vt 0.757029 0.313858
vt 0.995035 0.506937
vt 0.999264 0.503850
vt 0.999264 0.606332
vt 0.995035 0.606332
vt 0.983569 0.506937
vt 0.983569 0.503850
vt 0.931908 0.917136
vt 0.931908 0.823206
vt 0.777114 0.917136
vt 0.464685 0.997469
vt 0.619011 0.997469
vt 0.619011 0.994928
vt 0.464685 0.994928
vt 0.118837 0.616113
vt 0.118837 0.613572
vt 0.024906 0.613572
vt 0.024906 0.616113
vt 0.803702 0.407282
vt 0.803702 0.409823
vt 0.897632 0.409823
vt 0.897632 0.407282
vt 0.488645 0.823206
vt 0.642975 0.917136
vt 0.488645 0.917136
vt 0.309325 0.997469
vt 0.464127 0.997469
vt 0.464127 0.994928
vt 0.309325 0.994928
vt 0.488644 0.409825
vt 0.500829 0.409825
vt 0.500829 0.407283
vt 0.488644 0.407283
vt 0.634953 0.409826
vt 0.634954 0.407283
vt 0.642975 0.929323
vt 0.777114 0.929323
vt 0.647144 0.407283
vt 0.647144 0.409826
vt 0.491702 0.303569
vt 0.488642 0.307188
vt 0.488642 0.213258
vt 0.491702 0.213258
vt 0.928643 0.213258
vt 0.931904 0.213258
vt 0.931904 0.307188
vt 0.928643 0.303569
vt 0.777111 0.307188
vt 0.773909 0.303569
vt 0.777111 0.319375
vt 0.773909 0.317037
vt 0.642971 0.319375
vt 0.646173 0.317037
vt 0.642971 0.307188
vt 0.646173 0.303569
vt 0.492260 0.167325
vt 0.492260 0.255118
vt 0.554321 0.255118
vt 0.554321 0.165310
vt 0.651272 0.407283
vt 0.651272 0.409824
vt 0.713331 0.409824
vt 0.713331 0.407283
vt 0.803143 0.409824
vt 0.803143 0.407283
vt 0.932465 0.903384
vt 0.932465 0.900001
vt 0.994527 0.900001
vt 0.989893 0.903384
vt 0.994527 0.989809
vt 0.989893 0.986427
vt 0.808002 0.703425
vt 0.812347 0.689397
vt 0.808002 0.689397
vt 0.873227 0.175346
vt 0.738914 0.175347
vt 0.738914 0.177736
vt 0.873227 0.177736
vt 0.724888 0.175347
vt 0.724888 0.177736
vt 0.887255 0.177736
vt 0.887255 0.175346
vt 0.720543 0.175347
vt 0.720543 0.177736
vt 0.890564 0.177736
vt 0.890564 0.175346
vt 0.938998 0.689397
vt 0.942307 0.703425
vt 0.942307 0.689397
vt 0.812436 0.774493
vt 0.942012 0.774493
vt 0.945397 0.777182
vt 0.807989 0.777182
vt 0.812436 0.762831
vt 0.807989 0.762831
vt 0.942012 0.762831
vt 0.945397 0.762831
vt 0.707964 0.259791
vt 0.707964 0.255632
vt 0.459511 0.729387
vt 0.459511 0.726183
vt 0.649257 0.409824
vt 0.647890 0.407283
vt 0.492260 0.165310
vt 0.538001 0.307749
vt 0.538001 0.395553
vt 0.525530 0.395553
vt 0.525530 0.307749
vt 0.513322 0.395553
vt 0.513322 0.307749
vt 0.500851 0.395553
vt 0.500851 0.307749
vt 0.488643 0.395553
vt 0.488643 0.307749
vt 0.982666 0.621900
vt 0.977331 0.621900
vt 0.977331 0.591988
vt 0.982666 0.591988
vt 0.977331 0.562708
vt 0.982666 0.562708
vt 0.977331 0.532797
vt 0.982666 0.532797
vt 0.977331 0.503517
vt 0.982666 0.503517
vt 0.704387 0.564643
vt 0.679444 0.564643
vt 0.676959 0.562211
vt 0.706871 0.562211
vt 0.774008 0.636216
vt 0.798460 0.636216
vt 0.799939 0.637727
vt 0.772529 0.637727
vt 0.679444 0.589059
vt 0.704387 0.589059
vt 0.706871 0.591491
vt 0.676959 0.591491
vt 0.798460 0.611236
vt 0.799939 0.609726
vt 0.774008 0.611236
vt 0.772529 0.609726
vt 0.669069 0.772989
vt 0.639664 0.772989
vt 0.640637 0.771996
vt 0.668096 0.771996
vt 0.639664 0.742950
vt 0.640637 0.743943
vt 0.669069 0.742950
vt 0.668096 0.743943
vt 0.969312 0.586896
vt 0.974296 0.586896
vt 0.974296 0.614254
vt 0.969312 0.614254
vt 0.969312 0.558948
vt 0.974296 0.558948
vt 0.969312 0.531590
vt 0.974296 0.531590
vt 0.969312 0.503642
vt 0.974296 0.503642
vt 0.895602 0.731157
vt 0.902406 0.731157
vt 0.902406 0.711716
vt 0.895602 0.711716
vt 0.875191 0.731157
vt 0.881995 0.731157
vt 0.881995 0.711716
vt 0.875191 0.711716
vt 0.888799 0.731157
vt 0.888799 0.711716
vt 0.860637 0.746166
vt 0.868164 0.750721
vt 0.868164 0.715550
vt 0.860637 0.714994
vt 0.847239 0.750721
vt 0.850175 0.750721
vt 0.850175 0.715550
vt 0.847239 0.715550
vt 0.857702 0.746166
vt 0.857702 0.714994
vt 0.781867 0.267095
vt 0.900275 0.267095
vt 0.883269 0.258989
vt 0.798873 0.258989
vt 0.900275 0.247681
vt 0.781867 0.247682
vt 0.798873 0.255788
vt 0.883269 0.255788
vt 0.900275 0.244481
vt 0.781867 0.244481
vt 0.713216 0.771699
vt 0.720804 0.771699
vt 0.720804 0.726135
vt 0.713216 0.726135
vt 0.728392 0.771699
vt 0.728392 0.726135
vt 0.735979 0.771699
vt 0.735979 0.726135
vt 0.743567 0.771699
vt 0.743567 0.726135
vt 0.887788 0.761772
vt 0.900989 0.761772
vt 0.900989 0.748571
vt 0.887788 0.748571
vt 0.887788 0.732158
vt 0.887788 0.745359
vt 0.900989 0.745359
vt 0.900989 0.732158
vt 0.914191 0.748571
vt 0.927392 0.748571
vt 0.927392 0.745359
vt 0.914191 0.745359
vt 0.874587 0.748571
vt 0.874587 0.745359
vt 0.400948 0.643861
vt 0.398561 0.643861
vt 0.398561 0.687824
vt 0.400948 0.687824
vt 0.408109 0.643861
vt 0.405722 0.643861
vt 0.405722 0.687824
vt 0.408109 0.687824
vt 0.403335 0.643861
vt 0.403335 0.687824
vt 0.114216 0.609249
vt 0.114216 0.608144
vt 0.057064 0.608144
vt 0.057064 0.609249
vt 0.114216 0.605757
vt 0.057064 0.605757
vt 0.114216 0.612742
vt 0.114216 0.611637
vt 0.057064 0.611637
vt 0.057064 0.612742
vt 0.114148 0.601337
vt 0.114148 0.600231
vt 0.056996 0.600231
vt 0.056996 0.601337
vt 0.114148 0.597844
vt 0.056996 0.597844
vt 0.114148 0.604830
vt 0.114148 0.603724
vt 0.056996 0.603724
vt 0.056996 0.604830
vt 0.579713 0.725409
vt 0.579713 0.724303
vt 0.522561 0.724303
vt 0.522561 0.725409
vt 0.579713 0.721916
vt 0.522561 0.721916
vt 0.579713 0.728902
vt 0.579713 0.727796
vt 0.522561 0.727796
vt 0.522561 0.728902
vt 0.882203 0.350031
vt 0.880612 0.350031
vt 0.880612 0.379340
vt 0.882203 0.379340
vt 0.886978 0.350031
vt 0.885386 0.350031
vt 0.885386 0.379340
vt 0.886978 0.379340
vt 0.883795 0.350031
vt 0.883795 0.379340
vt 0.963985 0.705756
vt 0.965090 0.705756
vt 0.965091 0.587882
vt 0.963985 0.587882
vt 0.967478 0.705756
vt 0.967478 0.587882
vt 0.960492 0.705756
vt 0.961598 0.705756
vt 0.961598 0.587882
vt 0.960492 0.587882
vt 0.972222 0.735286
vt 0.973328 0.735286
vt 0.973328 0.617411
vt 0.972223 0.617411
vt 0.975715 0.735286
vt 0.975715 0.617411
vt 0.968730 0.735286
vt 0.969835 0.735286
vt 0.969835 0.617411
vt 0.968729 0.617411
vt 0.988017 0.898970
vt 0.989122 0.898970
vt 0.989123 0.781095
vt 0.988017 0.781095
vt 0.991509 0.898970
vt 0.991510 0.781095
vt 0.984524 0.898970
vt 0.985630 0.898970
vt 0.985630 0.781095
vt 0.984524 0.781095
vt 0.987567 0.700770
vt 0.988673 0.700771
vt 0.988673 0.510852
vt 0.987567 0.510852
vt 0.991060 0.700770
vt 0.991060 0.510852
vt 0.984073 0.700770
vt 0.985180 0.700770
vt 0.985180 0.510852
vt 0.984075 0.510852
vt 0.995648 0.797154
vt 0.996755 0.797154
vt 0.996754 0.607235
vt 0.995649 0.607235
vt 0.999142 0.797154
vt 0.999141 0.607235
vt 0.992154 0.797154
vt 0.993261 0.797154
vt 0.993262 0.607235
vt 0.992156 0.607235
vt 0.980085 0.812772
vt 0.981192 0.812772
vt 0.981191 0.622854
vt 0.980085 0.622854
vt 0.983579 0.812772
vt 0.983578 0.622854
vt 0.976591 0.812772
vt 0.977698 0.812772
vt 0.977698 0.622854
vt 0.976593 0.622854
vt 0.993974 0.105883
vt 0.996141 0.105883
vt 0.996141 0.049311
vt 0.993974 0.049311
vt 0.560897 0.200321
vt 0.554879 0.194303
vt 0.554879 0.262910
vt 0.560897 0.256892
vt 0.988527 0.198560
vt 0.990693 0.198560
vt 0.990693 0.129954
vt 0.988527 0.129954
vt 0.996141 0.000278
vt 0.993974 0.000278
vt 0.988527 0.259628
vt 0.990693 0.259628
vt 0.609929 0.200321
vt 0.615947 0.194303
vt 0.996141 0.211485
vt 0.996141 0.154913
vt 0.993974 0.154913
vt 0.993974 0.211485
vt 0.988527 0.000278
vt 0.988527 0.068885
vt 0.990693 0.068885
vt 0.990693 0.000278
vt 0.609929 0.256892
vt 0.615947 0.262910
vt 0.461326 0.554473
vt 0.461325 0.605525
vt 0.462471 0.605525
vt 0.462471 0.554473
vt 0.890132 0.348710
vt 0.890132 0.399769
vt 0.893659 0.402525
vt 0.893659 0.345954
vt 0.122304 0.997968
vt 0.122304 0.996998
vt 0.097208 0.996998
vt 0.097208 0.997969
vt 0.461325 0.668372
vt 0.461325 0.680160
vt 0.462471 0.680160
vt 0.462471 0.668372
vt 0.938461 0.000278
vt 0.937804 0.000278
vt 0.937804 0.056858
vt 0.938461 0.056858
vt 0.596168 0.201421
vt 0.596168 0.255502
vt 0.608651 0.255502
vt 0.608651 0.201421
vt 0.461325 0.617312
vt 0.462471 0.617312
vt 0.875486 0.345954
vt 0.875486 0.402525
vt 0.878347 0.399769
vt 0.878347 0.348710
vt 0.842619 0.761579
vt 0.845322 0.758823
vt 0.845322 0.707763
vt 0.842619 0.705008
vt 0.249536 0.996998
vt 0.198465 0.996998
vt 0.198465 0.997969
vt 0.249536 0.997969
vt 0.173364 0.997969
vt 0.173364 0.996998
vt 0.870423 0.758823
vt 0.873478 0.761579
vt 0.870423 0.707763
vt 0.873478 0.705008
vt 0.958688 0.451885
vt 0.958688 0.502945
vt 0.983789 0.502945
vt 0.983789 0.451885
vt 0.928867 0.580080
vt 0.928867 0.554473
vt 0.929838 0.554473
vt 0.929838 0.580080
vt 0.056266 0.571198
vt 0.056266 0.613007
vt 0.053563 0.610252
vt 0.053563 0.573954
vt 0.929838 0.678268
vt 0.928868 0.678268
vt 0.928867 0.641978
vt 0.929838 0.641978
vt 0.929838 0.616378
vt 0.928867 0.616378
vt 0.027962 0.573954
vt 0.024907 0.571198
vt 0.024907 0.613007
vt 0.027962 0.610252
vt 0.659097 0.078808
vt 0.631732 0.078808
vt 0.631732 0.040009
vt 0.659097 0.040009
vt 0.998865 0.073446
vt 0.998865 0.115256
vt 0.996698 0.115256
vt 0.996698 0.073446
vt 0.660729 0.080443
vt 0.660729 0.038634
vt 0.666747 0.032616
vt 0.666747 0.086461
vt 0.925169 0.502520
vt 0.925169 0.448676
vt 0.927335 0.448676
vt 0.927335 0.502520
vt 0.998865 0.146614
vt 0.996698 0.146614
vt 0.925169 0.308040
vt 0.927335 0.308040
vt 0.927335 0.351436
vt 0.925169 0.351436
vt 0.623352 0.086461
vt 0.629370 0.080443
vt 0.996698 0.000279
vt 0.998865 0.000279
vt 0.998865 0.042088
vt 0.996698 0.042088
vt 0.927335 0.405282
vt 0.925169 0.405282
vt 0.623352 0.032616
vt 0.629370 0.038634
vt 0.913230 0.704930
vt 0.909260 0.704930
vt 0.909260 0.710764
vt 0.913230 0.710764
vt 0.917200 0.704930
vt 0.917199 0.710764
vt 0.921168 0.704930
vt 0.921168 0.710764
vt 0.925138 0.704930
vt 0.925138 0.710764
vt 0.929106 0.704930
vt 0.929106 0.710764
vt 0.933076 0.704930
vt 0.933076 0.710764
vt 0.937046 0.704929
vt 0.937046 0.710764
vt 0.885445 0.704930
vt 0.881476 0.704929
vt 0.881476 0.710764
vt 0.885445 0.710764
vt 0.889414 0.704929
vt 0.889414 0.710764
vt 0.893383 0.704930
vt 0.893383 0.710764
vt 0.897352 0.704930
vt 0.897352 0.710764
vt 0.901322 0.704930
vt 0.901322 0.710764
vt 0.905291 0.704929
vt 0.905291 0.710764
vt 0.878435 0.710793
vt 0.878435 0.704930
vt 0.940086 0.710793
vt 0.940086 0.704930
vt 0.908973 0.724431
vt 0.908973 0.727242
vt 0.938045 0.727242
vt 0.938045 0.724430
vt 0.908973 0.715636
vt 0.938045 0.715636
vt 0.908973 0.736037
vt 0.908973 0.738848
vt 0.938045 0.738849
vt 0.938045 0.736037
vt 0.831248 0.738306
vt 0.831248 0.734927
vt 0.817492 0.734927
vt 0.817492 0.738306
vt 0.831248 0.755441
vt 0.831248 0.752062
vt 0.817492 0.752062
vt 0.817492 0.755441
vt 0.834628 0.738306
vt 0.834628 0.752062
vt 0.814112 0.752062
vt 0.814112 0.738306
vt 0.349547 0.693423
vt 0.353774 0.692858
vt 0.353885 0.693798
vt 0.349665 0.694149
vt 0.349378 0.692574
vt 0.353646 0.691914
vt 0.349252 0.691593
vt 0.353511 0.690969
vt 0.349474 0.697108
vt 0.353772 0.697579
vt 0.353678 0.698531
vt 0.349389 0.698095
vt 0.349607 0.696252
vt 0.353857 0.696630
vt 0.349694 0.695521
vt 0.353927 0.695685
vt 0.349714 0.694834
vt 0.353959 0.694740
vt 0.348533 0.694859
vt 0.348455 0.694156
vt 0.348282 0.693449
vt 0.348120 0.692612
vt 0.348086 0.691616
vt 0.348219 0.698122
vt 0.348212 0.697122
vt 0.348340 0.696278
vt 0.348484 0.695565
vt 0.336399 0.695086
vt 0.336438 0.696525
vt 0.336478 0.691334
vt 0.336411 0.692417
vt 0.336395 0.693649
vt 0.336590 0.698849
vt 0.336812 0.699880
vt 0.336667 0.690304
vt 0.336491 0.697762
vt 0.334739 0.695110
vt 0.334679 0.693505
vt 0.334608 0.692073
vt 0.334638 0.690755
vt 0.334788 0.689427
vt 0.334933 0.700810
vt 0.334750 0.699479
vt 0.334687 0.698156
vt 0.334722 0.696718
vt 0.254322 0.695951
vt 0.254313 0.697642
vt 0.254293 0.692609
vt 0.254312 0.694267
vt 0.254299 0.700972
vt 0.254313 0.702612
vt 0.254298 0.699318
vt 0.254283 0.690985
vt 0.254280 0.689381
vt 0.248548 0.690835
vt 0.248410 0.689397
vt 0.248552 0.699540
vt 0.248761 0.697817
vt 0.248882 0.695894
vt 0.248845 0.693990
vt 0.248158 0.702612
vt 0.248335 0.701089
vt 0.248708 0.692316
vt 0.245626 0.695787
vt 0.245704 0.694137
vt 0.245767 0.692631
vt 0.245754 0.691237
vt 0.245603 0.689881
vt 0.245110 0.701986
vt 0.245365 0.700523
vt 0.245486 0.699038
vt 0.245551 0.697464
vt 0.242237 0.696927
vt 0.242111 0.698252
vt 0.242535 0.691761
vt 0.242545 0.693019
vt 0.242377 0.690450
vt 0.241906 0.699623
vt 0.241605 0.701055
vt 0.242354 0.695583
vt 0.242463 0.694268
vt 0.238562 0.699063
vt 0.239753 0.698215
vt 0.238261 0.700494
vt 0.241138 0.698447
vt 0.239029 0.701670
vt 0.240414 0.701903
vt 0.555265 0.731575
vt 0.555265 0.737410
vt 0.551296 0.737410
vt 0.551296 0.731575
vt 0.559235 0.731575
vt 0.559234 0.737410
vt 0.563204 0.731575
vt 0.563204 0.737410
vt 0.567173 0.731575
vt 0.567173 0.737410
vt 0.571142 0.731575
vt 0.571142 0.737410
vt 0.575112 0.731575
vt 0.575112 0.737410
vt 0.579081 0.731575
vt 0.579081 0.737410
vt 0.527480 0.731575
vt 0.527480 0.737410
vt 0.523511 0.737410
vt 0.523511 0.731575
vt 0.531450 0.731575
vt 0.531450 0.737410
vt 0.535419 0.731575
vt 0.535419 0.737410
vt 0.539388 0.731575
vt 0.539388 0.737410
vt 0.543358 0.731575
vt 0.543358 0.737410
vt 0.547326 0.731575
vt 0.547326 0.737410
vt 0.520471 0.737439
vt 0.520471 0.731575
vt 0.582121 0.731575
vt 0.582121 0.737438
vt 0.052675 0.594212
vt 0.029562 0.594212
vt 0.029562 0.591181
vt 0.052675 0.591181
vt 0.052675 0.603694
vt 0.029562 0.603694
vt 0.052675 0.581699
vt 0.029562 0.581699
vt 0.029562 0.578667
vt 0.052675 0.578668
vt 0.831726 0.715339
vt 0.817971 0.715339
vt 0.817971 0.711960
vt 0.831726 0.711960
vt 0.831726 0.732474
vt 0.817971 0.732474
vt 0.817971 0.729095
vt 0.831726 0.729095
vt 0.835105 0.715339
vt 0.835105 0.729095
vt 0.814592 0.729095
vt 0.814592 0.715339
vt 0.455377 0.556324
vt 0.454174 0.556324
vt 0.454175 0.576336
vt 0.455377 0.576336
vt 0.454175 0.580759
vt 0.455377 0.580759
vt 0.455377 0.622979
vt 0.454175 0.622979
vt 0.454175 0.627488
vt 0.455377 0.627488
vt 0.983787 0.905244
vt 0.974120 0.905112
vt 0.978551 0.928237
vt 0.981719 0.925150
vt 0.980827 0.929957
vt 0.946296 0.929621
vt 0.941703 0.952715
vt 0.979706 0.934325
vt 0.936628 0.929686
vt 0.938557 0.949606
vt 0.940678 0.909581
vt 0.939588 0.905206
vt 0.492261 0.299703
vt 0.908963 0.299703
vt 0.908997 0.292430
vt 0.492296 0.292430
vt 0.421677 0.982592
vt 0.232691 0.982592
vt 0.232683 0.985891
vt 0.421669 0.985891
vt 0.420139 0.979316
vt 0.231153 0.979316
vt 0.785104 0.996012
vt 0.879073 0.996012
vt 0.879073 0.993226
vt 0.785104 0.993226
vt 0.785966 0.999360
vt 0.879935 0.999360
vt 0.536318 0.401231
vt 0.835764 0.401231
vt 0.835804 0.406457
vt 0.536357 0.406457
vt 0.536279 0.396005
vt 0.835725 0.396005
vt 0.833096 0.357575
vt 0.835102 0.361765
vt 0.805378 0.361765
vt 0.803372 0.357575
vt 0.832660 0.348777
vt 0.832660 0.353182
vt 0.803364 0.353182
vt 0.803364 0.348777
vt 0.682559 0.197562
vt 0.682559 0.193553
vt 0.709218 0.193553
vt 0.709218 0.197562
vt 0.928582 0.516919
vt 0.927004 0.520213
vt 0.903631 0.520213
vt 0.905209 0.516919
vt 0.712508 0.200728
vt 0.679269 0.200728
vt 0.799747 0.345298
vt 0.836277 0.345298
vt 0.799703 0.353762
vt 0.836766 0.353762
vt 0.902324 0.513920
vt 0.931467 0.513920
vt 0.400790 0.715930
vt 0.402724 0.711842
vt 0.444782 0.712016
vt 0.442849 0.716103
vt 0.398557 0.706973
vt 0.396623 0.702886
vt 0.438682 0.702713
vt 0.440615 0.706800
vt 0.815520 0.367748
vt 0.815520 0.363226
vt 0.835460 0.363226
vt 0.835460 0.367748
vt 0.638435 0.209174
vt 0.638435 0.213696
vt 0.618495 0.213696
vt 0.618495 0.209174
vt 0.445628 0.709151
vt 0.394012 0.709151
vt 0.447393 0.718281
vt 0.395778 0.718281
vt 0.616336 0.204621
vt 0.640594 0.204621
vt 0.837832 0.372750
vt 0.813148 0.372750
vt 0.503687 0.935040
vt 0.503746 0.930255
vt 0.777976 0.930255
vt 0.777918 0.935040
vt 0.777862 0.939825
vt 0.503632 0.939825
vt 0.422873 0.977711
vt 0.422897 0.973743
vt 0.650289 0.973743
vt 0.650266 0.977711
vt 0.650246 0.981680
vt 0.422853 0.981680
vt 0.775849 0.957314
vt 0.775851 0.953670
vt 0.984570 0.953670
vt 0.984568 0.957314
vt 0.984565 0.960957
vt 0.775846 0.960957
vt 0.810659 0.983455
vt 0.984983 0.983455
vt 0.983565 0.980432
vt 0.809241 0.980432
vt 0.810643 0.986498
vt 0.984967 0.986498
vt 0.674690 0.989969
vt 0.673490 0.992794
vt 0.836571 0.992794
vt 0.837771 0.989969
vt 0.837762 0.987122
vt 0.674681 0.987122
vt 0.770311 0.946201
vt 0.495446 0.946201
vt 0.495411 0.941404
vt 0.770275 0.941404
vt 0.770346 0.950998
vt 0.495482 0.950998
vt 0.781868 0.270600
vt 0.781868 0.273736
vt 0.897021 0.273737
vt 0.897021 0.270600
vt 0.897753 0.267897
vt 0.782600 0.267897
vt 0.489332 0.150224
vt 0.517645 0.150224
vt 0.517645 0.146805
vt 0.489332 0.146805
vt 0.489332 0.153609
vt 0.517645 0.153609
vt 0.809140 0.976511
vt 0.807841 0.973742
vt 0.985102 0.973742
vt 0.986401 0.976511
vt 0.986401 0.978960
vt 0.809140 0.978961
vt 0.936681 0.814330
vt 0.936681 0.897736
vt 0.940285 0.897736
vt 0.940285 0.814330
vt 0.945365 0.897736
vt 0.945365 0.814330
vt 0.941760 0.814330
vt 0.941760 0.897736
vt 0.935206 0.814330
vt 0.935206 0.897736
vt 0.974301 0.815715
vt 0.974301 0.899122
vt 0.977906 0.899122
vt 0.977906 0.815715
vt 0.982985 0.899122
vt 0.982985 0.815715
vt 0.979380 0.815715
vt 0.979381 0.899122
vt 0.972827 0.815715
vt 0.972827 0.899122
vt 0.961478 0.815715
vt 0.961478 0.899122
vt 0.965083 0.899122
vt 0.965083 0.815715
vt 0.970162 0.899122
vt 0.970162 0.815715
vt 0.966557 0.815715
vt 0.966557 0.899122
vt 0.960004 0.815715
vt 0.960004 0.899122
vt 0.980717 0.000279
vt 0.980717 0.217410
vt 0.984399 0.217410
vt 0.984399 0.000279
vt 0.979872 0.000279
vt 0.979872 0.217410
vt 0.985244 0.217410
vt 0.985244 0.000279
vt 0.622924 0.998434
vt 0.622924 0.997901
vt 0.780019 0.997899
vt 0.780019 0.998430
vt 0.780019 0.997367
vt 0.780399 0.996451
vt 0.780936 0.996451
vt 0.780399 0.997747
vt 0.780936 0.997747
vt 0.781315 0.996830
vt 0.622924 0.997369
vt 0.622547 0.997212
vt 0.622014 0.997212
vt 0.622015 0.995926
vt 0.622547 0.995926
vt 0.622924 0.995237
vt 0.622924 0.994705
vt 0.780019 0.994705
vt 0.780019 0.995236
vt 0.622924 0.996303
vt 0.622924 0.995770
vt 0.780019 0.995767
vt 0.780019 0.996299
vt 0.622924 0.996836
vt 0.780019 0.996830
vt 0.621638 0.996836
vt 0.621638 0.996303
vt 0.781315 0.997367
vt 0.622924 0.998967
vt 0.780019 0.998962
vt 0.999152 0.994571
vt 0.999152 0.991367
vt 0.881175 0.991367
vt 0.881175 0.994570
vt 0.999152 0.990143
vt 0.881175 0.990141
vt 0.999152 0.998999
vt 0.999152 0.995796
vt 0.881175 0.995796
vt 0.881175 0.999000
vt 0.934629 0.819470
vt 0.934629 0.817334
vt 0.808002 0.817334
vt 0.808002 0.819470
vt 0.934629 0.816517
vt 0.808002 0.816517
vt 0.934629 0.822422
vt 0.934629 0.820287
vt 0.808002 0.820287
vt 0.808002 0.822423
vt 0.980856 0.401664
vt 0.983243 0.401664
vt 0.983243 0.358096
vt 0.980856 0.358096
vt 0.973695 0.401664
vt 0.976082 0.401664
vt 0.976082 0.359133
vt 0.973695 0.358096
vt 0.978469 0.401664
vt 0.978469 0.359133
vt 0.420791 0.558536
vt 0.418404 0.558536
vt 0.418404 0.603092
vt 0.420791 0.603092
vt 0.427952 0.558536
vt 0.425565 0.558536
vt 0.425565 0.602144
vt 0.427952 0.603092
vt 0.423178 0.558536
vt 0.423178 0.602144
vt 0.976082 0.405412
vt 0.973695 0.405412
vt 0.973695 0.449375
vt 0.976082 0.449375
vt 0.983243 0.405412
vt 0.980856 0.405412
vt 0.980856 0.449375
vt 0.983243 0.449375
vt 0.978469 0.405412
vt 0.978469 0.449375
vt 0.303854 0.720935
vt 0.303854 0.724138
vt 0.362939 0.724139
vt 0.362939 0.720936
vt 0.303854 0.725441
vt 0.362939 0.725441
vt 0.303854 0.716430
vt 0.303854 0.719633
vt 0.362939 0.719633
vt 0.362939 0.716430
vt 0.302552 0.720935
vt 0.302552 0.724138
vt 0.364241 0.724139
vt 0.364241 0.720936
vt 0.185623 0.613369
vt 0.185623 0.614475
vt 0.239415 0.614475
vt 0.239415 0.613369
vt 0.185623 0.616822
vt 0.239415 0.616822
vt 0.185623 0.609916
vt 0.185623 0.611022
vt 0.239415 0.611022
vt 0.239415 0.609916
vt 0.230436 0.981377
vt 0.230436 0.979318
vt 0.014251 0.979319
vt 0.014251 0.981377
vt 0.014251 0.985783
vt 0.230436 0.985783
vt 0.014251 0.987840
vt 0.230435 0.987841
vt 0.025962 0.730463
vt 0.025962 0.730013
vt 0.291074 0.730000
vt 0.291074 0.730448
vt 0.291074 0.729552
vt 0.291391 0.728786
vt 0.291839 0.728786
vt 0.291391 0.729869
vt 0.291840 0.729869
vt 0.292157 0.729103
vt 0.025962 0.729562
vt 0.025643 0.729430
vt 0.025193 0.729430
vt 0.025193 0.728342
vt 0.025643 0.728343
vt 0.025962 0.727760
vt 0.025962 0.727309
vt 0.291074 0.727309
vt 0.291074 0.727758
vt 0.025962 0.728661
vt 0.025962 0.728211
vt 0.291074 0.728206
vt 0.291074 0.728655
vt 0.025962 0.729112
vt 0.291074 0.729103
vt 0.024874 0.729111
vt 0.024874 0.728661
vt 0.292157 0.729552
vt 0.025962 0.730914
vt 0.291074 0.730897
s 1
usemtl Cottage_FREE
f 5/1/1 6/2/2 45/3/1 42/4/1
f 42/5/3 43/6/3 95/7/3 94/8/3
f 6/2/2 3/9/1 45/3/1
f 52/10/4 1/11/4 5/12/3 46/13/3
f 44/14/5 26/15/6 4/16/7
f 28/17/8 29/18/8 43/19/8 42/20/8
f 1/21/1 2/22/9 6/23/2 5/24/1
f 6/2/2 60/25/10 41/26/1 3/9/1
f 60/27/11 11/28/11 104/29/11 105/30/11
f 8/31/12 10/32/12 103/33/12 102/34/12
f 29/18/8 26/35/6 44/36/5 43/19/8
f 7/37/11 54/38/11 55/39/11 12/40/11
f 9/41/12 7/42/12 12/43/12 11/44/12
f 2/22/9 61/45/1 60/46/10 6/23/2
f 32/47/13 33/48/13 30/49/13 31/50/13
f 37/51/8 28/17/8 42/20/8 45/52/8
f 13/53/14 18/54/15 21/55/16 20/56/16
f 24/57/17 23/58/17 22/59/17 25/60/17
f 14/61/12 15/62/12 40/63/12 39/64/12
f 25/65/3 22/66/3 30/67/3 33/68/3
f 24/69/1 25/70/1 33/71/1 32/72/1
f 19/73/1 13/74/1 37/75/1 36/76/1
f 21/77/3 29/78/3 28/79/3 20/80/3
f 15/81/12 16/82/12 34/83/12 40/84/12
f 17/85/1 19/86/1 36/87/1 27/88/1
f 18/89/12 26/90/12 29/91/12 21/92/12
f 20/93/1 28/94/1 37/95/1 13/96/1
f 22/97/12 23/98/12 31/99/12 30/100/12
f 23/101/11 24/102/11 32/103/11 31/104/11
f 18/105/15 13/106/14 19/107/18
f 99/108/12 4/109/12 47/110/12 97/111/12
f 35/112/1 3/9/1 41/26/1
f 18/113/3 14/114/3 39/115/3 26/116/3
f 34/117/19 27/118/20 41/119/21 10/120/22
f 16/121/11 17/122/11 27/123/11 34/124/11
f 16/125/23 15/126/23 19/127/23 17/128/23
f 15/129/18 14/130/18 18/105/15 19/107/18
f 37/131/24 45/132/7 3/133/25
f 38/134/12 10/32/12 8/31/12
f 10/120/22 38/135/26 40/136/26 34/117/19
f 8/137/27 39/138/28 40/139/26 38/140/26
f 27/118/20 36/141/29 35/142/29 41/119/21
f 37/131/24 3/133/25 35/143/29 36/144/29
f 4/16/7 26/15/6 39/138/28 8/137/27
f 58/145/12 56/146/12 57/147/12 59/148/12
f 50/149/12 48/150/12 49/151/12 51/152/12
f 54/153/1 52/154/1 53/155/1 55/156/1
f 46/13/3 56/157/3 58/158/3
f 49/159/3 48/160/3 58/158/3
f 53/161/11 52/10/11 48/160/11
f 46/13/11 58/158/11 48/160/11 52/10/11
f 12/40/3 55/39/3 50/162/3 51/163/3
f 12/40/3 51/163/3 925/164/3 926/165/3
f 61/45/1 62/166/1 60/46/10
f 61/167/11 65/168/11 64/169/11 62/170/11
f 9/41/30 11/44/30 63/171/30
f 67/172/11 9/173/11 63/174/11 68/175/11
f 65/176/1 73/177/1 66/178/1 64/179/1
f 73/180/11 69/181/11 70/182/11 66/183/11
f 69/184/12 67/185/12 68/186/12 70/187/12
f 69/184/12 72/188/12 75/189/12 67/185/12
f 75/189/1 77/190/1 79/191/1 67/185/1
f 72/192/11 71/193/11 74/194/11 75/195/11
f 77/196/3 76/197/3 78/198/3 79/199/3
f 71/200/1 73/177/1 65/176/1 74/201/1
f 74/201/12 65/176/12 78/202/12 76/203/12
f 42/5/3 94/8/3 92/204/3 5/205/3
f 5/205/3 92/204/3 93/206/3 46/207/3
f 46/207/3 93/206/3 95/7/3 43/6/3
f 4/208/3 90/209/3 88/210/3 47/211/3
f 89/212/3 47/211/3 88/210/3
f 84/213/3 89/212/3 91/214/3 86/215/3
f 85/216/3 80/217/3 12/218/3 47/211/3
f 84/213/3 85/216/3 47/211/3
f 47/211/3 89/212/3 84/213/3
f 87/219/3 82/220/3 80/217/3 85/216/3
f 80/217/3 81/221/3 12/218/3
f 8/222/3 12/218/3 81/221/3 83/223/3
f 4/208/3 8/222/3 82/220/3 87/219/3
f 83/223/3 82/220/3 8/222/3
f 4/208/3 86/215/3 91/214/3
f 90/209/3 4/208/3 91/214/3
f 86/215/3 4/208/3 87/219/3
f 102/224/11 138/225/11 136/226/11 100/227/11
f 44/228/12 99/108/12 98/229/12 43/230/12
f 44/228/12 4/109/12 99/108/12
f 97/111/12 47/110/12 46/231/12 96/232/12
f 43/230/12 98/229/12 96/232/12 46/231/12
f 11/233/12 12/234/12 100/235/12 101/236/12
f 12/234/12 8/31/12 102/34/12 100/235/12
f 10/32/12 11/233/12 101/236/12 103/33/12
f 41/237/11 107/238/11 106/239/11 10/240/11
f 114/241/11 107/238/11 41/237/11
f 10/240/11 106/239/11 111/242/11
f 111/242/11 110/243/11 10/240/11
f 115/244/11 114/241/11 41/237/11
f 60/27/11 113/245/11 115/244/11 41/237/11
f 105/30/11 112/246/11 113/245/11 60/27/11
f 107/238/11 114/241/11 112/246/11 105/30/11
f 109/247/11 104/29/11 11/28/11 108/248/11
f 104/29/11 109/247/11 111/242/11 106/239/11
f 10/240/11 110/243/11 108/248/11 11/28/11
f 82/249/12 118/250/12 116/251/12 80/252/12
f 95/253/31 131/254/31 130/255/31 94/256/31
f 90/257/12 126/258/12 124/259/12 88/260/12
f 80/252/32 116/251/32 117/261/32 81/262/32
f 88/260/32 124/259/32 125/263/32 89/264/32
f 81/262/1 117/261/1 119/265/1 83/266/1
f 89/267/1 125/268/1 127/269/1 91/270/1
f 83/266/31 119/265/31 118/271/31 82/272/31
f 91/270/31 127/269/31 126/258/31 90/257/31
f 86/273/12 122/274/12 120/275/12 84/276/12
f 94/256/12 130/255/12 128/277/12 92/278/12
f 84/276/32 120/275/32 121/279/32 85/280/32
f 92/281/32 128/282/32 129/283/32 93/284/32
f 85/280/1 121/279/1 123/285/1 87/286/1
f 93/284/1 129/283/1 131/254/1 95/253/1
f 87/286/31 123/285/31 122/287/31 86/288/31
f 97/289/3 133/290/3 135/291/3 99/292/3
f 103/293/31 139/294/31 138/295/31 102/296/31
f 98/297/11 134/298/11 132/299/11 96/300/11
f 100/227/32 136/226/32 137/301/32 101/302/32
f 99/292/31 135/291/31 134/298/31 98/297/31
f 96/303/32 132/304/32 133/290/32 97/289/32
f 101/302/3 137/301/3 139/294/3 103/293/3
f 111/305/31 147/306/31 146/307/31 110/308/31
f 110/308/1 146/307/1 144/309/1 108/310/1
f 115/311/31 151/312/31 150/313/31 114/314/31
f 104/315/32 140/316/32 141/317/32 105/318/32
f 114/314/1 150/313/1 148/319/1 112/320/1
f 108/321/32 144/322/32 145/323/32 109/324/32
f 105/318/12 141/317/12 143/325/12 107/326/12
f 112/320/32 148/319/32 149/327/32 113/328/32
f 109/324/12 145/323/12 147/306/12 111/305/12
f 107/326/31 143/325/31 142/329/31 106/330/31
f 113/331/12 149/332/12 151/312/12 115/311/12
f 106/330/1 142/329/1 140/333/1 104/334/1
f 152/335/12 153/336/12 159/337/12 158/338/12
f 173/339/31 171/340/31 165/341/31 169/342/31
f 155/343/31 152/344/31 158/345/31 161/346/31
f 160/347/1 167/348/1 168/349/1 163/350/1
f 154/351/1 155/343/1 161/346/1 162/352/1
f 160/353/3 163/354/3 162/355/3 161/356/3
f 167/357/3 169/358/3 166/359/3 168/360/3
f 165/361/12 164/362/12 166/363/12 169/364/12
f 171/340/1 173/339/1 172/365/1 170/366/1
f 166/363/32 164/362/32 170/366/32 172/365/32
f 173/367/3 169/358/3 167/357/3 174/368/3
f 166/359/3 172/369/3 175/370/3 168/360/3
f 172/369/3 173/367/3 174/368/3 175/370/3
f 159/337/32 153/336/32 154/351/32 162/352/32
f 160/353/3 161/356/3 158/371/3 156/372/3
f 157/373/3 159/374/3 162/355/3 163/354/3
f 164/375/3 165/376/3 171/377/3 170/378/3
f 185/379/31 183/380/31 177/381/31 181/382/31
f 179/383/3 181/384/3 178/385/3 180/386/3
f 177/387/12 176/388/12 178/389/12 181/390/12
f 178/389/32 176/388/32 182/391/32 184/392/32
f 185/393/3 181/384/3 179/383/3 186/394/3
f 178/385/3 184/395/3 187/396/3 180/386/3
f 176/397/3 177/398/3 183/399/3 182/400/3
f 192/401/3 193/402/3 196/403/3 195/404/3
f 194/405/11 207/406/11 197/407/11 198/408/11
f 204/409/31 206/410/31 205/411/31 203/412/31
f 195/413/1 196/414/1 200/415/1 199/416/1
f 197/417/1 195/413/1 199/416/1 201/418/1
f 198/419/1 197/417/1 201/418/1 202/420/1
f 196/414/1 198/419/1 202/420/1 200/415/1
f 190/421/32 188/422/32 189/423/32 191/424/32
f 188/422/12 204/409/12 203/412/12 189/423/12
f 193/402/32 194/405/32 198/408/32 196/403/32
f 207/406/31 192/425/31 195/426/31 197/407/31
f 183/380/1 185/379/1 184/392/1 182/391/1
f 185/393/3 186/394/3 187/396/3 184/395/3
f 192/427/1 207/428/1 194/429/1 193/430/1
f 159/374/3 157/373/3 156/372/3 158/371/3
f 153/431/3 152/432/3 155/433/3 154/434/3
f 209/435/32 210/436/32 213/437/32 212/438/32
f 208/439/31 216/440/31 217/441/31 211/442/31
f 209/435/3 212/438/3 215/443/3 214/444/3
f 218/445/3 219/446/3 217/441/3 216/440/3
f 215/443/31 219/446/31 218/445/31 214/444/31
f 221/447/32 222/448/32 225/449/32 224/450/32
f 220/451/31 228/452/31 229/453/31 223/454/31
f 221/447/3 224/450/3 227/455/3 226/456/3
f 230/457/3 231/458/3 229/453/3 228/452/3
f 227/455/31 231/458/31 230/457/31 226/456/31
f 244/459/32 232/460/32 235/461/32 234/462/32
f 243/463/31 237/464/31 238/465/31 233/466/31
f 244/459/3 234/462/3 236/467/3 246/468/3
f 249/469/3 239/470/3 238/465/3 237/464/3
f 236/467/31 239/470/31 249/469/31 246/468/31
f 241/471/32 242/472/32 232/473/32 244/474/32
f 240/475/31 247/476/31 237/477/31 243/478/31
f 241/471/12 244/474/12 246/479/12 245/480/12
f 248/481/12 249/482/12 237/477/12 247/476/12
f 246/479/31 249/482/31 248/481/31 245/480/31
f 252/483/32 264/484/32 250/485/32 254/486/32
f 263/487/31 257/488/31 251/489/31 253/490/31
f 252/483/12 254/486/12 256/491/12 255/492/12
f 258/493/12 259/494/12 251/489/12 257/488/12
f 256/491/31 259/494/31 258/493/31 255/492/31
f 261/495/32 262/496/32 264/497/32 252/498/32
f 260/499/31 266/500/31 257/501/31 263/502/31
f 261/495/3 252/498/3 255/503/3 265/504/3
f 267/505/3 258/506/3 257/501/3 266/500/3
f 255/503/31 258/506/31 267/505/31 265/504/31
f 361/507/32 283/508/32 268/509/32 360/510/32
f 363/511/31 288/512/31 269/513/31 359/514/31
f 361/507/1 358/515/1 272/516/1 283/508/1
f 362/517/1 359/514/1 269/513/1 284/518/1
f 352/519/31 271/520/31 274/521/31 356/522/31
f 276/523/32 270/524/32 279/525/32 277/526/32
f 275/527/31 278/528/31 273/529/31 281/530/31
f 276/523/3 280/531/3 271/532/3 270/524/3
f 282/533/3 281/530/3 273/529/3 274/534/3
f 271/532/31 280/531/31 282/533/31 274/534/31
f 286/535/32 287/536/32 268/537/32 283/538/32
f 285/539/31 290/540/31 269/541/31 288/542/31
f 286/535/11 283/538/11 272/543/11 289/544/11
f 291/545/11 284/546/11 269/541/11 290/540/11
f 272/543/31 284/546/31 291/545/31 289/544/31
f 293/547/32 296/548/32 297/549/32 294/550/32
f 292/551/31 295/552/31 301/553/31 300/554/31
f 293/547/11 298/555/11 299/556/11 296/548/11
f 302/557/11 300/554/11 301/553/11 303/558/11
f 299/556/31 298/555/31 302/557/31 303/558/31
f 305/559/32 308/560/32 309/561/32 306/562/32
f 304/563/31 307/564/31 313/565/31 312/566/31
f 305/559/11 310/567/11 311/568/11 308/560/11
f 314/569/11 312/566/11 313/565/11 315/570/11
f 311/568/31 310/567/31 314/569/31 315/570/31
f 318/571/32 324/572/32 316/573/32 325/574/32
f 323/575/31 321/576/31 317/577/31 330/578/31
f 318/571/12 325/574/12 320/579/12 319/580/12
f 322/581/12 326/582/12 317/577/12 321/576/12
f 320/579/31 326/582/31 322/581/31 319/580/31
f 328/583/32 325/584/32 316/585/32 329/586/32
f 327/587/31 330/588/31 317/589/31 332/590/31
f 328/583/11 331/591/11 320/592/11 325/584/11
f 333/593/11 332/590/11 317/589/11 326/594/11
f 320/592/31 331/591/31 333/593/31 326/594/31
f 336/595/32 343/596/32 334/597/32 342/598/32
f 341/599/31 348/600/31 335/601/31 339/602/31
f 336/595/12 337/603/12 338/604/12 343/596/12
f 340/605/12 339/602/12 335/601/12 344/606/12
f 338/604/31 337/603/31 340/605/31 344/606/31
f 346/607/32 347/608/32 334/609/32 343/610/32
f 345/611/31 350/612/31 335/613/31 348/614/31
f 346/607/3 343/610/3 338/615/3 349/616/3
f 351/617/3 344/618/3 335/613/3 350/612/3
f 338/615/31 344/618/31 351/617/31 349/616/31
f 274/521/1 273/619/1 353/620/1 356/522/1
f 270/621/1 271/520/1 352/519/1 355/622/1
f 278/623/31 357/624/31 353/620/31 273/619/31
f 270/621/32 355/622/32 354/625/32 279/626/32
f 272/516/31 358/515/31 362/517/31 284/518/31
f 369/627/12 373/628/12 372/629/12 368/630/12
f 373/628/11 375/631/11 374/632/11 372/629/11
f 368/633/3 364/634/3 365/635/3 369/636/3
f 366/637/31 364/634/31 368/633/31 370/638/31
f 371/639/32 369/636/32 365/635/32 367/640/32
f 369/627/32 371/641/32 375/642/32 373/628/32
f 372/629/31 374/643/31 370/644/31 368/630/31
f 380/645/3 376/646/3 377/647/3 381/648/3
f 378/649/31 376/646/31 380/645/31 382/650/31
f 383/651/32 381/648/32 377/647/32 379/652/32
f 380/645/12 381/648/12 383/653/12 382/654/12
f 395/655/1 384/656/1 385/657/1 392/658/1
f 384/656/11 386/659/11 387/660/11 385/657/11
f 393/661/32 392/658/32 385/657/32 387/662/32
f 395/655/31 394/663/31 386/664/31 384/656/31
f 376/665/31 378/666/31 391/667/31 389/668/31
f 379/669/32 377/670/32 388/671/32 390/672/32
f 376/665/1 389/668/1 388/671/1 377/670/1
f 396/673/1 398/674/1 399/675/1 397/676/1
f 398/677/11 402/678/11 403/679/11 399/680/11
f 402/678/12 400/681/12 401/682/12 403/679/12
f 400/681/3 396/673/3 397/676/3 401/682/3
f 404/683/33 406/684/33 407/685/33 405/686/33
f 406/684/11 410/687/11 411/688/11 407/685/11
f 410/689/34 408/690/34 409/691/34 411/692/34
f 408/690/3 404/683/3 405/686/3 409/691/3
f 406/684/35 404/683/35 408/693/35 410/694/35
f 412/695/36 414/696/36 415/697/36 413/698/36
f 414/696/11 418/699/11 419/700/11 415/697/11
f 418/701/37 416/702/37 417/703/37 419/704/37
f 416/702/3 412/695/3 413/698/3 417/703/3
f 420/705/32 422/706/32 423/707/32 421/708/32
f 422/706/11 426/709/11 427/710/11 423/707/11
f 426/711/31 424/712/31 425/713/31 427/714/31
f 424/712/3 420/705/3 421/708/3 425/713/3
f 428/715/1 430/716/1 431/717/1 429/718/1
f 430/719/11 434/720/11 435/721/11 431/722/11
f 434/720/12 432/723/12 433/724/12 435/721/12
f 432/723/3 428/715/3 429/718/3 433/724/3
f 436/725/1 438/726/1 439/727/1 437/728/1
f 438/729/11 442/730/11 443/731/11 439/732/11
f 442/730/12 440/733/12 441/734/12 443/731/12
f 440/733/3 436/725/3 437/728/3 441/734/3
f 444/735/1 446/736/1 447/737/1 445/738/1
f 446/739/11 450/740/11 451/741/11 447/742/11
f 450/740/12 448/743/12 449/744/12 451/741/12
f 448/743/3 444/735/3 445/738/3 449/744/3
f 466/745/1 467/746/1 463/747/1 462/748/1
f 467/749/11 468/750/11 464/751/11 463/752/11
f 468/750/12 469/753/12 465/754/12 464/751/12
f 469/753/3 466/745/3 462/748/3 465/754/3
f 453/755/32 462/756/32 463/757/32 455/758/32
f 457/759/32 465/760/32 462/756/32 453/755/32
f 454/761/38 460/762/38 461/763/39 452/764/39
f 456/765/40 473/766/40 471/767/41 458/768/41
f 455/758/32 463/757/32 464/769/32 459/770/32
f 452/764/39 461/763/39 473/766/40 456/765/40
f 459/770/32 464/769/32 465/760/32 457/759/32
f 458/768/41 471/767/41 460/762/38 454/761/38
f 469/771/42 474/772/42 475/773/43 466/774/43
f 467/775/44 470/776/44 472/777/45 468/778/45
f 473/779/3 461/780/3 475/781/3 474/782/3
f 471/783/12 473/779/12 474/782/12 472/784/12
f 460/785/11 471/783/11 472/784/11 470/786/11
f 461/780/1 460/787/1 470/788/1 475/781/1
f 466/774/43 475/773/43 470/776/44 467/775/44
f 468/778/45 472/777/45 474/772/42 469/771/42
f 477/789/12 479/790/12 478/791/12 476/792/12
f 476/793/3 480/794/3 481/795/3 477/796/3
f 480/797/1 482/798/1 483/799/1 481/800/1
f 478/801/32 485/802/32 484/803/32 476/804/32
f 480/805/31 486/806/31 487/807/31 482/808/31
f 480/794/3 476/793/3 484/809/3 486/810/3
f 485/802/1 489/811/1 488/812/1 484/803/1
f 486/806/12 490/813/12 491/814/12 487/807/12
f 486/810/3 484/809/3 488/815/3 490/816/3
f 481/800/32 483/799/32 491/814/32 490/813/32
f 479/790/31 477/789/31 488/812/31 489/811/31
f 481/795/3 490/816/3 488/815/3 477/796/3
f 493/817/12 495/818/12 494/819/12 492/820/12
f 492/821/3 496/822/3 497/823/3 493/824/3
f 496/825/1 498/826/1 499/827/1 497/828/1
f 494/829/32 501/830/32 500/831/32 492/832/32
f 496/833/31 502/834/31 503/835/31 498/836/31
f 496/822/3 492/821/3 500/837/3 502/838/3
f 501/830/1 505/839/1 504/840/1 500/831/1
f 502/834/12 506/841/12 507/842/12 503/835/12
f 502/838/3 500/837/3 504/843/3 506/844/3
f 497/828/32 499/827/32 507/842/32 506/841/32
f 495/818/31 493/817/31 504/840/31 505/839/31
f 497/823/3 506/844/3 504/843/3 493/824/3
f 509/845/11 511/846/11 510/847/11 508/848/11
f 508/849/12 512/850/12 513/851/12 509/852/12
f 512/853/3 514/854/3 515/855/3 513/856/3
f 517/857/3 521/858/3 520/859/3 516/860/3
f 518/861/11 522/862/11 523/863/11 519/864/11
f 518/865/12 516/866/12 520/867/12 522/868/12
f 513/856/32 515/855/32 523/863/32 522/862/32
f 511/846/31 509/845/31 520/859/31 521/858/31
f 513/851/12 522/868/12 520/867/12 509/852/12
f 510/869/32 517/857/32 516/860/32 508/870/32
f 512/850/12 508/849/12 516/866/12 518/865/12
f 555/871/46 553/872/47 548/873/48 549/874/49
f 588/875/50 566/876/51 585/877/52 575/878/53
f 524/879/54 542/880/55 540/881/55 543/882/54
f 531/883/56 537/884/56 532/885/57 529/886/57
f 525/887/58 533/888/58 526/889/59 528/890/59
f 536/891/60 550/892/61 533/888/61 543/882/60
f 570/893/62 568/894/63 573/895/64 572/896/65
f 540/881/66 534/897/67 551/898/67 539/899/66
f 546/900/68 529/886/68 527/901/69 554/902/69
f 531/883/56 534/897/70 541/903/70 537/884/56
f 557/904/71 556/905/72 558/906/73 563/907/74
f 554/908/75 552/909/76 553/910/77 555/911/46
f 548/873/78 547/912/78 560/913/78 549/914/78
f 573/895/64 575/878/53 565/915/79 574/916/80
f 581/917/81 580/918/82 583/919/83 584/920/84
f 571/921/85 569/922/86 570/893/62 572/896/65
f 566/876/51 576/923/87 577/924/88 578/925/89
f 571/921/85 572/896/65 573/895/64 574/916/80
f 584/920/84 585/877/52 566/876/51 578/925/89
f 587/926/90 579/927/91 580/918/82 581/917/81
f 586/928/92 576/923/87 566/876/51 588/875/50
f 584/920/84 583/919/83 564/929/93 585/877/52
f 578/925/89 587/926/90 581/917/81 584/920/84
f 550/930/94 536/931/95 557/932/71 561/933/96
f 544/934/97 535/935/98 546/936/99 545/937/100
f 561/938/96 559/939/101 548/873/48 553/872/47
f 527/901/102 530/940/103 528/890/59 526/889/59
f 551/941/104 538/942/105 556/943/72 539/944/106
f 554/902/69 527/901/69 526/889/107 552/945/107
f 525/887/58 524/879/54 543/882/54 533/888/58
f 540/881/66 539/899/66 536/891/60 543/882/60
f 534/897/67 531/883/108 535/946/108 551/898/67
f 554/908/75 555/911/46 545/937/100 546/936/99
f 555/871/46 549/874/49 560/947/109 545/948/100
f 547/949/110 562/950/111 538/951/112 544/952/97
f 559/939/101 561/938/96 557/904/71 563/907/74
f 556/905/72 538/953/112 562/954/111 558/906/73
f 569/922/86 567/955/113 568/894/63 570/893/62
f 568/894/63 588/875/50 575/878/53 573/895/64
f 567/955/113 586/928/92 588/875/50 568/894/63
f 578/925/89 577/924/88 579/927/91 587/926/90
f 540/881/55 542/880/55 541/903/70 534/897/70
f 527/901/102 529/886/57 532/885/57 530/940/103
f 552/909/76 550/930/94 561/933/96 553/910/77
f 552/945/107 526/889/107 533/888/61 550/892/61
f 559/939/78 563/956/78 558/957/78 562/958/78
f 544/934/97 538/959/105 551/960/104 535/935/98
f 547/912/78 548/873/78 559/939/78 562/958/78
f 536/931/95 539/944/106 556/943/72 557/932/71
f 547/949/110 544/952/97 545/948/100 560/947/109
f 598/961/114 597/962/115 589/963/116 590/964/117
f 599/965/118 598/961/114 590/964/117 591/966/119
f 600/967/120 599/965/118 591/966/119 592/968/121
f 601/969/122 600/970/120 592/971/121 593/972/123
f 602/973/124 601/969/122 593/972/123 594/974/125
f 603/975/126 602/973/124 594/974/125 595/976/127
f 604/977/128 603/975/126 595/976/127 596/978/129
f 597/962/115 604/977/128 596/978/129 589/963/116
f 597/962/115 605/979/130 612/980/131 604/977/128
f 598/961/114 606/981/132 605/979/130 597/962/115
f 599/965/118 607/982/133 606/981/132 598/961/114
f 600/967/120 608/983/134 607/982/133 599/965/118
f 601/969/122 609/984/135 608/985/134 600/970/120
f 602/973/124 610/986/136 609/984/135 601/969/122
f 603/975/126 611/987/137 610/986/136 602/973/124
f 604/977/128 612/980/131 611/987/137 603/975/126
f 620/988/138 619/989/139 611/987/137 612/980/131
f 615/990/140 614/991/141 606/981/132 607/982/133
f 614/991/141 613/992/142 605/979/130 606/981/132
f 617/993/143 616/994/144 608/985/134 609/984/135
f 616/995/144 615/990/140 607/982/133 608/983/134
f 619/989/139 618/996/145 610/986/136 611/987/137
f 618/996/145 617/993/143 609/984/135 610/986/136
f 613/992/142 620/988/138 612/980/131 605/979/130
f 613/992/142 621/997/146 628/998/147 620/988/138
f 614/991/141 622/999/148 621/997/146 613/992/142
f 615/990/140 623/1000/149 622/999/148 614/991/141
f 616/995/144 624/1001/150 623/1000/149 615/990/140
f 617/993/143 625/1002/151 624/1003/150 616/994/144
f 618/996/145 626/1004/152 625/1002/151 617/993/143
f 619/989/139 627/1005/153 626/1004/152 618/996/145
f 620/988/138 628/998/147 627/1005/153 619/989/139
f 636/1006/154 635/1007/155 627/1005/153 628/998/147
f 630/1008/156 629/1009/157 621/997/146 622/999/148
f 633/1010/158 632/1011/159 624/1003/150 625/1002/151
f 629/1009/157 636/1006/154 628/998/147 621/997/146
f 635/1007/155 634/1012/160 626/1004/152 627/1005/153
f 631/1013/161 630/1008/156 622/999/148 623/1000/149
f 632/1014/159 631/1013/161 623/1000/149 624/1001/150
f 634/1012/160 633/1010/158 625/1002/151 626/1004/152
f 632/1014/159 640/1015/162 639/1016/163 631/1013/161
f 635/1007/155 643/1017/164 642/1018/165 634/1012/160
f 629/1009/157 637/1019/166 644/1020/167 636/1006/154
f 633/1010/158 641/1021/168 640/1022/162 632/1011/159
f 630/1008/156 638/1023/169 637/1019/166 629/1009/157
f 631/1013/161 639/1016/163 638/1023/169 630/1008/156
f 636/1006/154 644/1020/167 643/1017/164 635/1007/155
f 637/1019/166 645/1024/170 652/1025/171 644/1020/167
f 638/1023/169 646/1026/172 645/1024/170 637/1019/166
f 639/1016/163 647/1027/173 646/1026/172 638/1023/169
f 640/1015/162 648/1028/174 647/1027/173 639/1016/163
f 641/1021/168 649/1029/175 648/1030/174 640/1022/162
f 642/1018/165 650/1031/176 649/1029/175 641/1021/168
f 643/1017/164 651/1032/177 650/1031/176 642/1018/165
f 644/1020/167 652/1025/171 651/1032/177 643/1017/164
f 634/1012/160 642/1018/165 641/1021/168 633/1010/158
f 659/1033/178 658/1034/179 650/1031/176 651/1032/177
f 655/1035/180 654/1036/181 646/1026/172 647/1027/173
f 656/1037/182 655/1035/180 647/1027/173 648/1028/174
f 657/1038/183 656/1039/182 648/1030/174 649/1029/175
f 658/1034/179 657/1038/183 649/1029/175 650/1031/176
f 660/1040/184 659/1033/178 651/1032/177 652/1025/171
f 653/1041/185 660/1040/184 652/1025/171 645/1024/170
f 654/1036/181 653/1041/185 645/1024/170 646/1026/172
f 660/1042/186 653/1043/186 659/1044/186
f 658/1045/186 659/1044/186 653/1043/186 654/1046/186
f 654/1046/186 655/1047/186 657/1038/186 658/1045/186
f 656/1039/186 657/1038/186 655/1047/186
f 670/1048/114 669/1049/115 661/1050/116 662/1051/117
f 671/1052/187 670/1048/114 662/1051/117 663/1053/119
f 672/1054/120 671/1052/187 663/1053/119 664/1055/121
f 673/1056/188 672/1057/120 664/1058/121 665/1059/123
f 674/1060/124 673/1056/188 665/1059/123 666/1061/125
f 675/1062/126 674/1060/124 666/1061/125 667/1063/127
f 676/1064/128 675/1062/126 667/1063/127 668/1065/129
f 669/1049/115 676/1064/128 668/1065/129 661/1050/116
f 669/1049/115 677/1066/130 684/1067/131 676/1064/128
f 670/1048/114 678/1068/132 677/1066/130 669/1049/115
f 671/1052/187 679/1069/133 678/1068/132 670/1048/114
f 672/1054/120 680/1070/134 679/1069/133 671/1052/187
f 673/1056/188 681/1071/135 680/1072/134 672/1057/120
f 674/1060/124 682/1073/189 681/1071/135 673/1056/188
f 675/1062/126 683/1074/137 682/1073/189 674/1060/124
f 676/1064/128 684/1067/131 683/1074/137 675/1062/126
f 692/1075/138 691/1076/139 683/1074/137 684/1067/131
f 687/1077/140 686/1078/141 678/1068/132 679/1069/133
f 686/1078/141 685/1079/142 677/1066/130 678/1068/132
f 689/1080/190 688/1081/144 680/1072/134 681/1071/135
f 688/1082/144 687/1077/140 679/1069/133 680/1070/134
f 691/1076/139 690/1083/145 682/1073/189 683/1074/137
f 690/1083/145 689/1080/190 681/1071/135 682/1073/189
f 685/1079/142 692/1075/138 684/1067/131 677/1066/130
f 685/1079/142 693/1084/191 700/1085/147 692/1075/138
f 686/1078/141 694/1086/148 693/1084/191 685/1079/142
f 687/1077/140 695/1087/192 694/1086/148 686/1078/141
f 688/1082/144 696/1088/193 695/1087/192 687/1077/140
f 689/1080/190 697/1089/194 696/1090/193 688/1081/144
f 690/1083/145 698/1091/152 697/1089/194 689/1080/190
f 691/1076/139 699/1092/195 698/1091/152 690/1083/145
f 692/1075/138 700/1085/147 699/1092/195 691/1076/139
f 708/1093/196 707/1094/155 699/1092/195 700/1085/147
f 702/1095/156 701/1096/157 693/1084/191 694/1086/148
f 705/1097/158 704/1098/159 696/1090/193 697/1089/194
f 701/1096/157 708/1093/196 700/1085/147 693/1084/191
f 707/1094/155 706/1099/160 698/1091/152 699/1092/195
f 703/1100/161 702/1095/156 694/1086/148 695/1087/192
f 704/1101/159 703/1100/161 695/1087/192 696/1088/193
f 706/1099/160 705/1097/158 697/1089/194 698/1091/152
f 704/1101/159 712/1102/197 711/1103/163 703/1100/161
f 707/1094/155 715/1104/164 714/1105/198 706/1099/160
f 701/1096/157 709/1106/166 716/1107/167 708/1093/196
f 705/1097/158 713/1108/168 712/1109/197 704/1098/159
f 702/1095/156 710/1110/199 709/1106/166 701/1096/157
f 703/1100/161 711/1103/163 710/1110/199 702/1095/156
f 708/1093/196 716/1107/167 715/1104/164 707/1094/155
f 709/1106/166 717/1111/200 724/1112/171 716/1107/167
f 710/1110/199 718/1113/172 717/1111/200 709/1106/166
f 711/1103/163 719/1114/173 718/1113/172 710/1110/199
f 712/1102/197 720/1115/174 719/1114/173 711/1103/163
f 713/1108/168 721/1116/201 720/1117/174 712/1109/197
f 714/1105/198 722/1118/176 721/1116/201 713/1108/168
f 715/1104/164 723/1119/177 722/1118/176 714/1105/198
f 716/1107/167 724/1112/171 723/1119/177 715/1104/164
f 706/1099/160 714/1105/198 713/1108/168 705/1097/158
f 731/1120/178 730/1121/202 722/1118/176 723/1119/177
f 727/1122/180 726/1123/181 718/1113/172 719/1114/173
f 728/1124/182 727/1122/180 719/1114/173 720/1115/174
f 729/1125/183 728/1126/182 720/1117/174 721/1116/201
f 730/1121/202 729/1125/183 721/1116/201 722/1118/176
f 732/1127/203 731/1120/178 723/1119/177 724/1112/171
f 725/1128/185 732/1127/203 724/1112/171 717/1111/200
f 726/1123/181 725/1128/185 717/1111/200 718/1113/172
f 732/1129/186 725/1130/186 731/1131/186
f 730/1132/186 731/1131/186 725/1130/186 726/1133/186
f 726/1133/186 727/1134/186 729/1125/186 730/1132/186
f 728/1126/186 729/1125/186 727/1134/186
f 749/1135/204 754/1136/204 752/1137/205 746/1138/205
f 753/1139/206 748/1140/206 745/1141/207 735/1142/207
f 743/1143/208 733/1144/208 751/1145/209 736/1146/209
f 741/1147/31 742/1148/31 738/1149/210 737/1150/210
f 737/1150/210 738/1149/210 734/1151/211 744/1152/211
f 733/1144/208 743/1143/208 747/1153/212 739/1154/212
f 739/1154/212 747/1153/212 748/1140/206 753/1139/206
f 744/1152/211 734/1151/211 740/1155/213 750/1156/213
f 750/1156/213 740/1155/213 754/1136/204 749/1135/204
f 736/1146/209 751/1145/209 742/1148/31 741/1147/31
f 741/1157/12 737/1158/214 736/1159/214
f 743/1160/12 736/1159/214 737/1158/214 744/1161/12
f 748/1162/12 749/1163/12 746/1164/12 745/1165/12
f 744/1161/12 750/1166/12 747/1167/12 743/1160/12
f 747/1167/12 750/1166/12 749/1163/12 748/1162/12
f 735/1168/32 745/1165/32 746/1164/32 752/1169/32
f 742/1170/1 751/1171/1 738/1172/1
f 738/1172/1 751/1171/1 733/1173/1 734/1174/1
f 733/1173/1 739/1175/1 740/1176/1 734/1174/1
f 739/1175/1 753/1177/1 754/1178/1 740/1176/1
f 735/1168/1 752/1169/1 754/1178/1 753/1177/1
f 771/1179/215 768/1180/207 774/1181/207 776/1182/215
f 775/1183/216 757/1184/217 767/1185/217 770/1186/216
f 765/1187/218 758/1188/219 773/1189/219 755/1190/220
f 763/1191/31 759/1192/221 760/1193/221 764/1194/31
f 759/1192/221 766/1195/222 756/1196/222 760/1193/221
f 755/1190/220 761/1197/223 769/1198/223 765/1187/218
f 761/1197/223 775/1183/216 770/1186/216 769/1198/223
f 766/1195/222 772/1199/224 762/1200/224 756/1196/222
f 772/1199/224 771/1179/215 776/1182/215 762/1200/224
f 758/1188/219 763/1191/31 764/1194/31 773/1189/219
f 763/1201/12 758/1202/12 759/1203/12
f 765/1204/12 766/1205/12 759/1203/12 758/1202/12
f 770/1206/12 767/1207/12 768/1208/12 771/1209/12
f 766/1205/12 765/1204/12 769/1210/12 772/1211/12
f 769/1210/12 770/1206/12 771/1209/12 772/1211/12
f 757/1212/32 774/1213/32 768/1208/32 767/1207/32
f 764/1214/1 760/1215/1 773/1216/1
f 760/1215/1 756/1217/1 755/1218/1 773/1216/1
f 755/1218/1 756/1217/1 762/1219/1 761/1220/1
f 761/1220/1 762/1219/1 776/1221/1 775/1222/1
f 757/1212/1 775/1222/1 776/1221/1 774/1213/1
f 793/1223/215 790/1224/225 796/1225/225 798/1226/215
f 797/1227/216 779/1228/205 789/1229/205 792/1230/216
f 787/1231/220 780/1232/219 795/1233/219 777/1234/220
f 785/1235/31 781/1236/221 782/1237/221 786/1238/31
f 781/1236/221 788/1239/222 778/1240/222 782/1237/221
f 777/1234/220 783/1241/223 791/1242/223 787/1231/220
f 783/1241/223 797/1227/216 792/1230/216 791/1242/223
f 788/1239/222 794/1243/224 784/1244/224 778/1240/222
f 794/1243/224 793/1223/215 798/1226/215 784/1244/224
f 780/1232/219 785/1235/31 786/1238/31 795/1233/219
f 785/1245/12 780/1246/12 781/1247/12
f 787/1248/12 788/1249/12 781/1247/12 780/1246/12
f 792/1250/12 789/1251/12 790/1252/12 793/1253/12
f 788/1249/12 787/1248/12 791/1254/12 794/1255/12
f 791/1254/12 792/1250/12 793/1253/12 794/1255/12
f 779/1256/32 796/1257/32 790/1252/32 789/1251/32
f 786/1258/1 782/1259/1 795/1260/1
f 782/1259/1 778/1261/1 777/1262/1 795/1260/1
f 777/1262/1 778/1261/1 784/1263/1 783/1264/1
f 783/1264/1 784/1263/1 798/1265/1 797/1266/1
f 779/1256/1 797/1266/1 798/1265/1 796/1257/1
f 799/1267/12 800/1268/12 802/1269/12 801/1270/12
f 801/1270/3 802/1269/3 806/1271/3 805/1272/3
f 805/1273/1 806/1274/1 804/1275/1 803/1276/1
f 803/1276/11 804/1275/11 800/1268/11 799/1267/11
f 807/1277/3 830/1278/3 832/1279/3 809/1280/3
f 811/1281/31 812/1282/31 799/1283/31 801/1284/31
f 828/1285/11 814/1286/11 812/1287/11 826/1288/11
f 825/1289/3 811/1290/3 813/1291/3 827/1292/3
f 827/1293/1 813/1294/1 814/1286/1 828/1285/1
f 826/1288/12 812/1287/12 811/1290/12 825/1289/12
f 812/1282/31 814/1295/31 803/1296/31 799/1283/31
f 813/1297/31 811/1281/31 801/1284/31 805/1298/31
f 814/1295/31 813/1297/31 805/1298/31 803/1296/31
f 824/1299/226 822/1300/226 817/1301/226
f 822/1302/12 815/1303/12 819/1304/12 818/1305/12
f 817/1306/3 822/1302/3 818/1305/3 820/1307/3
f 821/1308/31 820/1309/31 818/1310/31 819/1311/31
f 816/1312/1 817/1313/1 820/1314/1 821/1315/1
f 823/1316/227 816/1317/227 815/1318/227
f 815/1319/228 822/1320/228 824/1321/228 823/1322/228
f 816/1323/229 823/1324/229 824/1325/229 817/1326/229
f 815/1303/11 816/1312/11 821/1315/11 819/1304/11
f 807/1327/32 826/1328/32 825/1329/32 808/1330/32
f 808/1330/32 825/1329/32 827/1331/32 810/1332/32
f 810/1332/32 827/1331/32 828/1333/32 809/1334/32
f 809/1334/32 828/1333/32 826/1328/32 807/1327/32
f 810/1335/11 831/1336/11 829/1337/11 808/1338/11
f 809/1280/12 832/1279/12 831/1336/12 810/1335/12
f 808/1338/1 829/1337/1 830/1339/1 807/1340/1
f 833/1341/12 834/1342/12 836/1343/12 835/1344/12
f 835/1345/3 836/1346/3 840/1347/3 839/1348/3
f 839/1348/1 840/1347/1 838/1349/1 837/1350/1
f 837/1350/11 838/1349/11 834/1342/11 833/1341/11
f 843/1351/12 865/1352/12 864/1353/12 844/1354/12
f 845/1355/31 846/1356/31 833/1357/31 835/1358/31
f 861/1359/11 848/1360/11 846/1361/11 859/1362/11
f 858/1363/3 845/1364/3 847/1365/3 860/1366/3
f 860/1366/1 847/1365/1 848/1360/1 861/1359/1
f 859/1362/12 846/1361/12 845/1367/12 858/1368/12
f 846/1356/31 848/1369/31 837/1370/31 833/1357/31
f 847/1371/31 845/1355/31 835/1358/31 839/1372/31
f 848/1369/31 847/1371/31 839/1372/31 837/1370/31
f 856/1373/230 851/1374/230 857/1375/230
f 856/1376/12 849/1377/12 853/1378/12 852/1379/12
f 851/1380/3 856/1381/3 852/1382/3 854/1383/3
f 856/1373/231 857/1375/231 849/1384/231
f 850/1385/232 857/1375/232 851/1374/232
f 849/1384/233 857/1375/233 850/1385/233
f 855/1386/31 854/1387/31 852/1388/31 853/1389/31
f 849/1377/11 850/1390/11 855/1391/11 853/1378/11
f 850/1390/1 851/1380/1 854/1383/1 855/1391/1
f 841/1392/32 859/1393/32 858/1394/32 842/1395/32
f 842/1395/32 858/1394/32 860/1396/32 844/1397/32
f 844/1397/32 860/1396/32 861/1398/32 843/1399/32
f 843/1399/32 861/1398/32 859/1393/32 841/1392/32
f 842/1400/1 862/1401/1 863/1402/1 841/1403/1
f 841/1403/3 863/1402/3 865/1404/3 843/1405/3
f 844/1354/11 864/1353/11 862/1401/11 842/1400/11
f 870/1406/32 871/1407/32 868/1408/32 872/1409/32
f 876/1410/3 873/1411/3 871/1412/3 875/1413/3
f 873/1411/1 876/1410/1 869/1414/1 868/1415/1
f 871/1407/32 873/1416/32 868/1408/32
f 875/1413/12 871/1412/12 870/1417/12 874/1418/12
f 866/1419/31 875/1420/31 874/1421/31 867/1422/31
f 869/1423/31 876/1424/31 875/1420/31 866/1419/31
f 885/1425/32 887/1426/32 884/1427/32
f 879/1428/11 881/1429/11 888/1430/11 883/1431/11
f 879/1432/1 883/1433/1 882/1434/1 878/1435/1
f 877/1436/12 887/1437/12 885/1438/12 880/1439/12
f 887/1426/32 882/1440/32 888/1441/32 884/1427/32
f 882/1440/32 883/1442/32 888/1441/32
f 890/1443/11 880/1444/11 885/1445/11 884/1446/11
f 884/1447/12 886/1448/12 897/1449/12 890/1450/12
f 886/1448/11 889/1451/11 899/1452/11 897/1449/11
f 888/1441/32 889/1453/32 886/1454/32 884/1427/32
f 881/1455/1 899/1452/1 889/1451/1 888/1456/1
f 895/1457/31 879/1458/31 878/1459/31 894/1460/31
f 893/1461/31 877/1462/31 880/1463/31 896/1464/31
f 890/1465/31 898/1466/31 896/1464/31 880/1463/31
f 898/1466/31 890/1465/31 897/1467/31 892/1468/31
f 892/1468/31 897/1467/31 899/1469/31 891/1470/31
f 881/1471/31 879/1458/31 895/1457/31 900/1472/31
f 891/1470/31 899/1469/31 881/1471/31 900/1472/31
f 582/1473/32 906/1474/32 907/1475/32 904/1476/32
f 909/1477/3 905/1478/3 904/1479/3 908/1480/3
f 908/1480/12 904/1479/12 907/1481/12 910/1482/12
f 901/1483/31 909/1484/31 908/1485/31 902/1486/31
f 902/1486/31 908/1485/31 910/1487/31 903/1488/31
f 912/1489/32 921/1490/32 914/1491/32
f 913/1492/11 912/1493/11 922/1494/11 923/1495/11
f 922/1494/1 912/1493/1 914/1496/1 917/1497/1
f 918/1498/12 911/1499/12 913/1492/12 923/1495/12
f 917/1497/3 914/1496/3 921/1500/3 924/1501/3
f 920/1502/3 919/1503/3 911/1499/3 918/1498/3
f 919/1504/32 913/1505/32 911/1506/32
f 921/1490/32 912/1489/32 913/1505/32 919/1504/32
f 915/1507/31 916/1508/31 923/1509/31 922/1510/31
f 924/1511/31 915/1507/31 922/1510/31 917/1512/31
f 916/1508/31 920/1513/31 918/1514/31 923/1509/31
f 926/1515/12 925/1516/12 58/145/12 59/148/12
f 405/686/234 407/685/234 411/1517/234 409/1518/234
f 535/946/108 531/883/108 529/886/68 546/900/68
f 565/915/79 575/878/53 585/877/52 564/929/93
f 582/1519/1 905/1478/1 909/1477/1 901/1520/1
f 904/1476/32 905/1521/32 582/1473/32
f 931/1406/32 932/1407/32 929/1408/32 933/1409/32
f 937/1410/3 934/1411/3 932/1412/3 936/1413/3
f 934/1411/1 937/1410/1 930/1414/1 929/1415/1
f 932/1407/32 934/1416/32 929/1408/32
f 936/1413/12 932/1412/12 931/1417/12 935/1418/12
f 927/1419/31 936/1420/31 935/1421/31 928/1422/31
f 930/1423/31 937/1424/31 936/1420/31 927/1419/31
f 939/1489/32 948/1490/32 941/1491/32
f 940/1492/11 939/1493/11 949/1494/11 950/1495/11
f 949/1494/1 939/1493/1 941/1496/1 944/1497/1
f 945/1498/12 938/1499/12 940/1492/12 950/1495/12
f 944/1497/3 941/1496/3 948/1500/3 951/1501/3
f 947/1502/3 946/1503/3 938/1499/3 945/1498/3
f 946/1504/32 940/1505/32 938/1506/32
f 948/1490/32 939/1489/32 940/1505/32 946/1504/32
f 942/1507/31 943/1508/31 950/1509/31 949/1510/31
f 951/1511/31 942/1507/31 949/1510/31 944/1512/31
f 943/1508/31 947/1513/31 945/1514/31 950/1509/31
f 956/401/1 959/404/1 960/403/1 957/402/1
f 958/405/12 962/408/12 961/407/12 971/406/12
f 968/409/31 970/410/31 969/411/31 967/412/31
f 959/413/11 963/416/11 964/415/11 960/414/11
f 961/417/11 965/418/11 963/416/11 959/413/11
f 962/419/11 966/420/11 965/418/11 961/417/11
f 960/414/11 964/415/11 966/420/11 962/419/11
f 954/421/32 952/422/32 953/423/32 955/424/32
f 952/422/11 968/409/11 967/412/11 953/423/11
f 957/402/31 960/403/31 962/408/31 958/405/31
f 971/406/32 961/407/32 959/426/32 956/425/32
f 956/427/11 957/430/11 958/429/11 971/428/11
f 973/845/1 975/846/1 974/847/1 972/848/1
f 972/849/11 976/850/11 977/851/11 973/852/11
f 976/853/12 978/854/12 979/855/12 977/856/12
f 981/857/12 985/858/12 984/859/12 980/860/12
f 982/861/1 986/862/1 987/863/1 983/864/1
f 982/865/11 980/866/11 984/867/11 986/868/11
f 977/856/32 979/855/32 987/863/32 986/862/32
f 975/846/31 973/845/31 984/859/31 985/858/31
f 977/851/11 986/868/11 984/867/11 973/852/11
f 974/869/32 981/857/32 980/860/32 972/870/32
f 976/850/11 972/849/11 980/866/11 982/865/11
f 1019/871/235 1017/872/236 1012/873/237 1013/874/238
f 1051/875/239 1030/876/240 1048/877/241 1039/878/242
f 988/879/243 1006/880/244 1004/881/244 1007/882/243
f 995/883/245 1001/884/246 996/885/247 993/886/247
f 989/887/248 997/888/248 990/889/249 992/890/249
f 1000/891/250 1014/892/251 997/888/251 1007/882/250
f 1034/893/252 1032/894/253 1037/895/254 1036/896/255
f 1004/881/256 998/897/257 1015/898/257 1003/899/256
f 1010/900/258 993/886/258 991/901/259 1018/902/259
f 995/883/245 998/897/260 1005/903/260 1001/884/246
f 1021/904/261 1020/905/262 1022/906/263 1027/907/264
f 1018/908/265 1016/909/266 1017/910/267 1019/911/235
f 1012/873/1 1011/912/1 1024/913/1 1013/914/1
f 1037/895/254 1039/878/242 1029/915/268 1038/916/269
f 1045/917/270 1044/918/271 1046/919/272 1047/920/273
f 1035/921/274 1033/922/275 1034/893/252 1036/896/255
f 1030/876/240 1040/923/276 1041/924/277 1042/925/278
f 1035/921/274 1036/896/255 1037/895/254 1038/916/269
f 1047/920/273 1048/877/241 1030/876/240 1042/925/278
f 1050/926/279 1043/927/280 1044/918/271 1045/917/270
f 1049/928/281 1040/923/276 1030/876/240 1051/875/239
f 1047/920/273 1046/919/272 1028/929/282 1048/877/241
f 1042/925/278 1050/926/279 1045/917/270 1047/920/273
f 1014/930/283 1000/931/284 1021/932/261 1025/933/285
f 1008/934/286 999/935/287 1010/936/288 1009/937/289
f 1025/938/285 1023/939/290 1012/873/237 1017/872/236
f 991/901/291 994/940/292 992/890/249 990/889/249
f 1015/941/293 1002/942/294 1020/943/262 1003/944/295
f 1018/902/259 991/901/259 990/889/296 1016/945/296
f 989/887/248 988/879/243 1007/882/243 997/888/248
f 1004/881/256 1003/899/256 1000/891/250 1007/882/250
f 998/897/257 995/883/297 999/946/297 1015/898/257
f 1018/908/265 1019/911/235 1009/937/289 1010/936/288
f 1019/871/235 1013/874/238 1024/947/298 1009/948/289
f 1011/949/299 1026/950/300 1002/951/301 1008/952/286
f 1023/939/290 1025/938/285 1021/904/261 1027/907/264
f 1020/905/262 1002/953/301 1026/954/300 1022/906/263
f 1033/922/275 1031/955/302 1032/894/253 1034/893/252
f 1032/894/253 1051/875/239 1039/878/242 1037/895/254
f 1031/955/302 1049/928/281 1051/875/239 1032/894/253
f 1042/925/278 1041/924/277 1043/927/280 1050/926/279
f 1004/881/244 1006/880/244 1005/903/260 998/897/260
f 991/901/291 993/886/247 996/885/247 994/940/292
f 1016/909/266 1014/930/283 1025/933/285 1017/910/267
f 1016/945/296 990/889/296 997/888/251 1014/892/251
f 1023/939/1 1027/956/1 1022/957/1 1026/958/1
f 1008/934/286 1002/959/294 1015/960/293 999/935/287
f 1011/912/1 1012/873/1 1023/939/1 1026/958/1
f 1000/931/284 1003/944/295 1020/943/262 1021/932/261
f 1011/949/299 1008/952/286 1009/948/289 1024/947/298
f 999/946/297 995/883/297 993/886/258 1010/900/258
f 1029/915/268 1039/878/242 1048/877/241 1028/929/282
f 1052/695/36 1054/696/36 1055/697/36 1053/698/36
f 1054/696/11 1058/699/11 1059/700/11 1055/697/11
f 1058/701/37 1056/702/37 1057/703/37 1059/704/37
f 1056/702/3 1052/695/3 1053/698/3 1057/703/3
f 1060/695/36 1062/696/36 1063/697/36 1061/698/36
f 1062/696/11 1066/699/11 1067/700/11 1063/697/11
f 1066/701/37 1064/702/37 1065/703/37 1067/704/37
f 1064/702/3 1060/695/3 1061/698/3 1065/703/3
f 1068/695/303 1070/696/303 1071/697/303 1069/698/303
f 1070/696/11 1074/699/11 1075/700/11 1071/697/11
f 1074/701/37 1072/702/37 1073/703/37 1075/704/37
f 1072/702/3 1068/695/3 1069/698/3 1073/703/3
f 1076/695/303 1078/696/303 1079/697/303 1077/698/303
f 1078/696/11 1082/699/11 1083/700/11 1079/697/11
f 1082/701/304 1080/702/304 1081/703/304 1083/704/304
f 1080/702/3 1076/695/3 1077/698/3 1081/703/3
f 1084/1522/12 1085/1523/12 1087/1524/12 1086/1525/12
f 1086/1525/11 1087/1524/11 1091/1526/11 1090/1527/11
f 1090/1527/1 1091/1526/1 1089/1528/1 1088/1529/1
f 1088/1529/3 1089/1528/3 1085/1530/3 1084/1531/3
f 1108/1532/12 1102/1533/12 1103/1534/12 1109/1535/12
f 1109/1535/11 1103/1534/11 1105/1536/11 1110/1537/11
f 1110/1537/1 1105/1536/1 1107/1538/1 1111/1539/1
f 1111/1539/3 1107/1538/3 1102/1540/3 1108/1541/3
f 1099/1542/32 1097/1543/32 1107/1544/32 1105/1545/32
f 1098/1546/305 1094/1547/306 1100/1548/307 1104/1549/308
f 1093/1550/32 1095/1551/32 1103/1552/32 1102/1553/32
f 1097/1543/32 1093/1550/32 1102/1553/32 1107/1544/32
f 1094/1547/306 1092/1554/309 1101/1555/310 1100/1548/307
f 1096/1556/311 1098/1546/305 1104/1549/308 1106/1557/312
f 1095/1551/32 1099/1542/32 1105/1545/32 1103/1552/32
f 1092/1554/309 1096/1556/311 1106/1557/312 1101/1555/310
f 1109/1558/313 1110/1559/314 1113/1560/315 1112/1561/316
f 1110/1559/314 1111/1562/317 1114/1563/318 1113/1560/315
f 1108/1564/319 1109/1558/313 1112/1561/316 1115/1565/320
f 1106/1566/3 1114/1567/3 1115/1568/3 1101/1569/3
f 1104/1570/1 1113/1571/1 1114/1567/1 1106/1566/1
f 1100/1572/11 1112/1573/11 1113/1571/11 1104/1570/11
f 1101/1574/12 1115/1575/12 1112/1573/12 1100/1572/12
f 1111/1562/317 1108/1564/319 1115/1565/320 1114/1563/318
f 1116/1522/1 1118/1525/1 1119/1524/1 1117/1523/1
f 1118/1525/11 1122/1527/11 1123/1526/11 1119/1524/11
f 1122/1527/12 1120/1529/12 1121/1528/12 1123/1526/12
f 1120/1529/3 1116/1531/3 1117/1530/3 1121/1528/3
f 1140/1532/1 1141/1535/1 1135/1534/1 1134/1533/1
f 1141/1535/11 1142/1537/11 1137/1536/11 1135/1534/11
f 1142/1537/12 1143/1539/12 1139/1538/12 1137/1536/12
f 1143/1539/3 1140/1541/3 1134/1540/3 1139/1538/3
f 1131/1542/32 1137/1545/32 1139/1544/32 1129/1543/32
f 1130/1546/306 1136/1549/307 1132/1548/308 1126/1547/321
f 1125/1550/32 1134/1553/32 1135/1552/32 1127/1551/32
f 1129/1543/32 1139/1544/32 1134/1553/32 1125/1550/32
f 1126/1547/321 1132/1548/308 1133/1555/312 1124/1554/322
f 1128/1556/309 1138/1557/310 1136/1549/307 1130/1546/306
f 1127/1551/32 1135/1552/32 1137/1545/32 1131/1542/32
f 1124/1554/322 1133/1555/312 1138/1557/310 1128/1556/309
f 1141/1558/323 1144/1561/315 1145/1560/316 1142/1559/324
f 1142/1559/324 1145/1560/316 1146/1563/320 1143/1562/325
f 1140/1564/326 1147/1565/318 1144/1561/315 1141/1558/323
f 1138/1566/3 1133/1569/3 1147/1568/3 1146/1567/3
f 1136/1570/12 1138/1566/12 1146/1567/12 1145/1571/12
f 1132/1572/11 1136/1570/11 1145/1571/11 1144/1573/11
f 1133/1574/1 1132/1572/1 1144/1573/1 1147/1575/1
f 1143/1562/325 1146/1563/320 1147/1565/318 1140/1564/326
f 1148/1522/12 1149/1523/12 1151/1524/12 1150/1525/12
f 1150/1525/11 1151/1524/11 1155/1526/11 1154/1527/11
f 1154/1527/1 1155/1526/1 1153/1528/1 1152/1529/1
f 1152/1529/3 1153/1528/3 1149/1530/3 1148/1531/3
f 1172/1532/12 1166/1533/12 1167/1534/12 1173/1535/12
f 1173/1535/11 1167/1534/11 1169/1536/11 1174/1537/11
f 1174/1537/1 1169/1536/1 1171/1538/1 1175/1539/1
f 1175/1539/3 1171/1538/3 1166/1540/3 1172/1541/3
f 1163/1542/32 1161/1543/32 1171/1544/32 1169/1545/32
f 1162/1546/305 1158/1547/306 1164/1548/307 1168/1549/308
f 1157/1550/32 1159/1551/32 1167/1552/32 1166/1553/32
f 1161/1543/32 1157/1550/32 1166/1553/32 1171/1544/32
f 1158/1547/306 1156/1554/309 1165/1555/310 1164/1548/307
f 1160/1556/311 1162/1546/305 1168/1549/308 1170/1557/312
f 1159/1551/32 1163/1542/32 1169/1545/32 1167/1552/32
f 1156/1554/309 1160/1556/311 1170/1557/312 1165/1555/310
f 1173/1558/313 1174/1559/314 1177/1560/315 1176/1561/316
f 1174/1559/314 1175/1562/317 1178/1563/318 1177/1560/315
f 1172/1564/319 1173/1558/313 1176/1561/316 1179/1565/320
f 1170/1566/3 1178/1567/3 1179/1568/3 1165/1569/3
f 1168/1570/1 1177/1571/1 1178/1567/1 1170/1566/1
f 1164/1572/11 1176/1573/11 1177/1571/11 1168/1570/11
f 1165/1574/12 1179/1575/12 1176/1573/12 1164/1572/12
f 1175/1562/317 1172/1564/319 1179/1565/320 1178/1563/318
f 1180/1522/1 1182/1525/1 1183/1524/1 1181/1523/1
f 1182/1525/11 1186/1527/11 1187/1526/11 1183/1524/11
f 1186/1527/12 1184/1529/12 1185/1528/12 1187/1526/12
f 1184/1529/3 1180/1531/3 1181/1530/3 1185/1528/3
f 1204/1532/1 1205/1535/1 1199/1534/1 1198/1533/1
f 1205/1535/11 1206/1537/11 1201/1536/11 1199/1534/11
f 1206/1537/12 1207/1539/12 1203/1538/12 1201/1536/12
f 1207/1539/3 1204/1541/3 1198/1540/3 1203/1538/3
f 1195/1542/32 1201/1545/32 1203/1544/32 1193/1543/32
f 1194/1546/306 1200/1549/307 1196/1548/308 1190/1547/321
f 1189/1550/32 1198/1553/32 1199/1552/32 1191/1551/32
f 1193/1543/32 1203/1544/32 1198/1553/32 1189/1550/32
f 1190/1547/321 1196/1548/308 1197/1555/312 1188/1554/322
f 1192/1556/309 1202/1557/310 1200/1549/307 1194/1546/306
f 1191/1551/32 1199/1552/32 1201/1545/32 1195/1542/32
f 1188/1554/322 1197/1555/312 1202/1557/310 1192/1556/309
f 1205/1558/323 1208/1561/315 1209/1560/316 1206/1559/324
f 1206/1559/324 1209/1560/316 1210/1563/320 1207/1562/319
f 1204/1564/317 1211/1565/318 1208/1561/315 1205/1558/323
f 1202/1566/3 1197/1569/3 1211/1568/3 1210/1567/3
f 1200/1570/12 1202/1566/12 1210/1567/12 1209/1571/12
f 1196/1572/11 1200/1570/11 1209/1571/11 1208/1573/11
f 1197/1574/1 1196/1572/1 1208/1573/1 1211/1575/1
f 1207/1562/319 1210/1563/320 1211/1565/318 1204/1564/317
f 1212/1576/1 1214/1577/1 1215/1578/1 1213/1579/1
f 1214/1580/11 1218/1581/11 1219/1582/11 1215/1583/11
f 1218/1581/12 1216/1584/12 1217/1585/12 1219/1582/12
f 1216/1584/3 1212/1576/3 1213/1579/3 1217/1585/3
f 1220/1576/12 1221/1579/12 1223/1578/12 1222/1577/12
f 1222/1580/11 1223/1583/11 1227/1582/11 1226/1581/11
f 1226/1581/1 1227/1582/1 1225/1585/1 1224/1584/1
f 1224/1584/3 1225/1585/3 1221/1579/3 1220/1576/3
f 1228/1576/1 1229/1579/1 1231/1578/1 1230/1577/1
f 1230/1580/3 1231/1583/3 1235/1582/3 1234/1581/3
f 1234/1581/12 1235/1582/12 1233/1585/12 1232/1584/12
f 1232/1584/11 1233/1585/11 1229/1579/11 1228/1576/11
f 1236/1576/12 1238/1577/12 1239/1578/12 1237/1579/12
f 1238/1580/3 1242/1581/3 1243/1582/3 1239/1583/3
f 1242/1581/1 1240/1584/1 1241/1585/1 1243/1582/1
f 1240/1584/11 1236/1576/11 1237/1579/11 1241/1585/11
f 1244/1586/1 1246/1587/1 1247/1588/1 1245/1589/1
f 1246/1590/327 1250/1591/327 1251/1592/327 1247/1593/327
f 1250/1591/12 1248/1594/12 1249/1595/12 1251/1592/12
f 1248/1594/328 1244/1586/328 1245/1589/328 1249/1595/328
f 1252/1596/1 1254/1597/1 1255/1598/1 1253/1599/1
f 1258/1600/12 1256/1601/12 1257/1602/12 1259/1603/12
f 1254/1604/31 1252/1605/31 1256/1601/31 1258/1600/31
f 1259/1603/32 1257/1602/32 1253/1599/32 1255/1598/32
f 1260/1606/1 1262/1607/1 1263/1608/1 1261/1609/1
f 1262/1607/11 1266/1610/11 1267/1611/11 1263/1608/11
f 1266/1610/12 1264/1612/12 1265/1613/12 1267/1611/12
f 1264/1612/3 1260/1614/3 1261/1615/3 1265/1613/3
f 1269/1616/31 1268/1617/31 1270/1618/31 1271/1619/31
f 1272/1620/32 1274/1621/32 1275/1622/32 1273/1623/32
f 1271/1619/12 1270/1618/12 1275/1622/12 1274/1621/12
f 1268/1624/1 1269/1625/1 1272/1626/1 1273/1627/1
f 1270/1618/3 1268/1624/3 1273/1627/3 1275/1622/3
f 1269/1628/11 1271/1619/11 1274/1621/11 1272/1629/11
f 1276/1586/1 1277/1589/1 1279/1588/1 1278/1587/1
f 1278/1590/329 1279/1593/329 1283/1592/329 1282/1591/329
f 1282/1591/12 1283/1592/12 1281/1595/12 1280/1594/12
f 1280/1594/330 1281/1595/330 1277/1589/330 1276/1586/330
f 1284/1586/12 1285/1589/12 1287/1588/12 1286/1587/12
f 1286/1590/327 1287/1593/327 1291/1592/327 1290/1591/327
f 1290/1591/1 1291/1592/1 1289/1595/1 1288/1594/1
f 1288/1594/328 1289/1595/328 1285/1589/328 1284/1586/328
f 1292/1596/12 1293/1599/12 1295/1598/12 1294/1597/12
f 1298/1600/1 1299/1603/1 1297/1602/1 1296/1601/1
f 1294/1604/31 1298/1600/31 1296/1601/31 1292/1605/31
f 1299/1603/32 1295/1598/32 1293/1599/32 1297/1602/32
f 1300/1606/12 1301/1609/12 1303/1608/12 1302/1607/12
f 1302/1607/11 1303/1608/11 1307/1611/11 1306/1610/11
f 1306/1610/1 1307/1611/1 1305/1613/1 1304/1612/1
f 1304/1612/3 1305/1613/3 1301/1615/3 1300/1614/3
f 1309/1616/31 1311/1619/31 1310/1618/31 1308/1617/31
f 1312/1620/32 1313/1623/32 1315/1622/32 1314/1621/32
f 1311/1619/1 1314/1621/1 1315/1622/1 1310/1618/1
f 1308/1624/12 1313/1627/12 1312/1626/12 1309/1625/12
f 1310/1618/3 1315/1622/3 1313/1627/3 1308/1624/3
f 1309/1628/11 1312/1629/11 1314/1621/11 1311/1619/11
f 1316/1586/12 1318/1587/12 1319/1588/12 1317/1589/12
f 1318/1590/329 1322/1591/329 1323/1592/329 1319/1593/329
f 1322/1591/1 1320/1594/1 1321/1595/1 1323/1592/1
f 1320/1594/330 1316/1586/330 1317/1589/330 1321/1595/330
f 1324/1630/1 1326/1631/1 1327/1632/1 1325/1633/1
f 1326/1634/11 1330/1635/11 1331/1636/11 1327/1637/11
f 1330/1635/12 1328/1638/12 1329/1639/12 1331/1636/12
f 1328/1638/3 1324/1630/3 1325/1633/3 1329/1639/3
f 1332/1630/1 1334/1631/1 1335/1632/1 1333/1633/1
f 1334/1634/11 1338/1635/11 1339/1636/11 1335/1637/11
f 1338/1635/12 1336/1638/12 1337/1639/12 1339/1636/12
f 1336/1638/3 1332/1630/3 1333/1633/3 1337/1639/3
f 1340/1630/1 1342/1631/1 1343/1632/1 1341/1633/1
f 1342/1634/11 1346/1635/11 1347/1636/11 1343/1637/11
f 1346/1635/12 1344/1638/12 1345/1639/12 1347/1636/12
f 1344/1638/3 1340/1630/3 1341/1633/3 1345/1639/3
f 1348/1640/32 1350/1641/32 1351/1642/32 1349/1643/32
f 1350/1641/11 1354/1644/11 1355/1645/11 1351/1642/11
f 1354/1646/31 1352/1647/31 1353/1648/31 1355/1649/31
f 1352/1647/3 1348/1640/3 1349/1643/3 1353/1648/3
f 1356/1650/32 1358/1651/32 1359/1652/32 1357/1653/32
f 1358/1651/11 1362/1654/11 1363/1655/11 1359/1652/11
f 1362/1656/31 1360/1657/31 1361/1658/31 1363/1659/31
f 1360/1657/3 1356/1650/3 1357/1653/3 1361/1658/3
f 1364/1660/32 1366/1661/32 1367/1662/32 1365/1663/32
f 1366/1661/11 1370/1664/11 1371/1665/11 1367/1662/11
f 1370/1666/31 1368/1667/31 1369/1668/31 1371/1669/31
f 1368/1667/3 1364/1660/3 1365/1663/3 1369/1668/3
f 1372/1640/32 1374/1641/32 1375/1642/32 1373/1643/32
f 1374/1641/11 1378/1644/11 1379/1645/11 1375/1642/11
f 1378/1646/31 1376/1647/31 1377/1648/31 1379/1649/31
f 1376/1647/3 1372/1640/3 1373/1643/3 1377/1648/3
f 1380/1650/32 1382/1651/32 1383/1652/32 1381/1653/32
f 1382/1651/11 1386/1654/11 1387/1655/11 1383/1652/11
f 1386/1656/31 1384/1657/31 1385/1658/31 1387/1659/31
f 1384/1657/3 1380/1650/3 1381/1653/3 1385/1658/3
f 1388/1660/32 1390/1661/32 1391/1662/32 1389/1663/32
f 1390/1661/11 1394/1664/11 1395/1665/11 1391/1662/11
f 1394/1666/31 1392/1667/31 1393/1668/31 1395/1669/31
f 1392/1667/3 1388/1660/3 1389/1663/3 1393/1668/3
f 1396/1670/3 1398/1671/3 1399/1672/3 1397/1673/3
f 1398/1674/1 1402/1675/1 1403/1676/1 1399/1677/1
f 1402/1675/11 1400/1678/11 1401/1679/11 1403/1676/11
f 1400/1678/12 1396/1670/12 1397/1673/12 1401/1679/12
f 1404/1670/3 1406/1671/3 1407/1672/3 1405/1673/3
f 1406/1674/1 1410/1675/1 1411/1676/1 1407/1677/1
f 1410/1675/11 1408/1678/11 1409/1679/11 1411/1676/11
f 1408/1678/12 1404/1670/12 1405/1673/12 1409/1679/12
f 1412/1670/3 1414/1671/3 1415/1672/3 1413/1673/3
f 1414/1674/1 1418/1675/1 1419/1676/1 1415/1677/1
f 1418/1675/11 1416/1678/11 1417/1679/11 1419/1676/11
f 1416/1678/12 1412/1670/12 1413/1673/12 1417/1679/12
f 1420/1670/3 1422/1671/3 1423/1672/3 1421/1673/3
f 1422/1674/1 1426/1675/1 1427/1676/1 1423/1677/1
f 1426/1675/11 1424/1678/11 1425/1679/11 1427/1676/11
f 1424/1678/12 1420/1670/12 1421/1673/12 1425/1679/12
f 1428/1670/3 1429/1673/3 1431/1672/3 1430/1671/3
f 1430/1674/12 1431/1677/12 1435/1676/12 1434/1675/12
f 1434/1675/11 1435/1676/11 1433/1679/11 1432/1678/11
f 1432/1678/1 1433/1679/1 1429/1673/1 1428/1670/1
f 1436/1670/3 1437/1673/3 1439/1672/3 1438/1671/3
f 1438/1674/12 1439/1677/12 1443/1676/12 1442/1675/12
f 1442/1675/11 1443/1676/11 1441/1679/11 1440/1678/11
f 1440/1678/1 1441/1679/1 1437/1673/1 1436/1670/1
f 1444/1670/3 1445/1673/3 1447/1672/3 1446/1671/3
f 1446/1674/12 1447/1677/12 1451/1676/12 1450/1675/12
f 1450/1675/11 1451/1676/11 1449/1679/11 1448/1678/11
f 1448/1678/1 1449/1679/1 1445/1673/1 1444/1670/1
f 1452/1670/3 1453/1673/3 1455/1672/3 1454/1671/3
f 1454/1674/12 1455/1677/12 1459/1676/12 1458/1675/12
f 1458/1675/11 1459/1676/11 1457/1679/11 1456/1678/11
f 1456/1678/1 1457/1679/1 1453/1673/1 1452/1670/1
f 1460/1680/32 1462/1681/32 1463/1682/32 1461/1683/32
f 1462/1681/1 1466/1684/1 1467/1685/1 1463/1682/1
f 1466/1686/31 1464/1687/31 1465/1688/31 1467/1689/31
f 1464/1687/12 1460/1680/12 1461/1683/12 1465/1688/12
f 1468/1690/32 1470/1691/32 1471/1692/32 1469/1693/32
f 1470/1691/1 1474/1694/1 1475/1695/1 1471/1692/1
f 1474/1696/31 1472/1697/31 1473/1698/31 1475/1699/31
f 1472/1697/12 1468/1690/12 1469/1693/12 1473/1698/12
f 1476/1700/32 1478/1701/32 1479/1702/32 1477/1703/32
f 1478/1701/1 1482/1704/1 1483/1705/1 1479/1702/1
f 1482/1706/31 1480/1707/31 1481/1708/31 1483/1709/31
f 1480/1707/12 1476/1700/12 1477/1703/12 1481/1708/12
f 1484/1680/32 1485/1683/32 1487/1682/32 1486/1681/32
f 1486/1681/12 1487/1682/12 1491/1685/12 1490/1684/12
f 1490/1686/31 1491/1689/31 1489/1688/31 1488/1687/31
f 1488/1687/1 1489/1688/1 1485/1683/1 1484/1680/1
f 1492/1690/32 1493/1693/32 1495/1692/32 1494/1691/32
f 1494/1691/12 1495/1692/12 1499/1695/12 1498/1694/12
f 1498/1696/31 1499/1699/31 1497/1698/31 1496/1697/31
f 1496/1697/1 1497/1698/1 1493/1693/1 1492/1690/1
f 1500/1700/32 1501/1703/32 1503/1702/32 1502/1701/32
f 1502/1701/12 1503/1702/12 1507/1705/12 1506/1704/12
f 1506/1706/31 1507/1709/31 1505/1708/31 1504/1707/31
f 1504/1707/1 1505/1708/1 1501/1703/1 1500/1700/1
f 1508/1680/32 1510/1681/32 1511/1682/32 1509/1683/32
f 1510/1681/1 1514/1684/1 1515/1685/1 1511/1682/1
f 1514/1686/31 1512/1687/31 1513/1688/31 1515/1689/31
f 1512/1687/12 1508/1680/12 1509/1683/12 1513/1688/12
f 1516/1690/32 1518/1691/32 1519/1692/32 1517/1693/32
f 1518/1691/1 1522/1694/1 1523/1695/1 1519/1692/1
f 1522/1696/31 1520/1697/31 1521/1698/31 1523/1699/31
f 1520/1697/12 1516/1690/12 1517/1693/12 1521/1698/12
f 1524/1700/32 1526/1701/32 1527/1702/32 1525/1703/32
f 1526/1701/1 1530/1704/1 1531/1705/1 1527/1702/1
f 1530/1706/31 1528/1707/31 1529/1708/31 1531/1709/31
f 1528/1707/12 1524/1700/12 1525/1703/12 1529/1708/12
f 1532/1680/32 1533/1683/32 1535/1682/32 1534/1681/32
f 1534/1681/12 1535/1682/12 1539/1685/12 1538/1684/12
f 1538/1686/31 1539/1689/31 1537/1688/31 1536/1687/31
f 1536/1687/1 1537/1688/1 1533/1683/1 1532/1680/1
f 1540/1690/32 1541/1693/32 1543/1692/32 1542/1691/32
f 1542/1691/12 1543/1692/12 1547/1695/12 1546/1694/12
f 1546/1696/31 1547/1699/31 1545/1698/31 1544/1697/31
f 1544/1697/1 1545/1698/1 1541/1693/1 1540/1690/1
f 1548/1700/32 1549/1703/32 1551/1702/32 1550/1701/32
f 1550/1701/12 1551/1702/12 1555/1705/12 1554/1704/12
f 1554/1706/31 1555/1709/31 1553/1708/31 1552/1707/31
f 1552/1707/1 1553/1708/1 1549/1703/1 1548/1700/1
f 1556/1710/32 1558/1711/32 1559/1712/32 1557/1713/32
f 1558/1711/3 1562/1714/3 1563/1715/3 1559/1712/3
f 1562/1716/31 1560/1717/31 1561/1718/31 1563/1719/31
f 1560/1717/11 1556/1710/11 1557/1713/11 1561/1718/11
f 1564/1720/32 1566/1721/32 1567/1722/32 1565/1723/32
f 1566/1721/3 1570/1724/3 1571/1725/3 1567/1722/3
f 1570/1726/31 1568/1727/31 1569/1728/31 1571/1729/31
f 1568/1727/11 1564/1720/11 1565/1723/11 1569/1728/11
f 1572/1730/32 1574/1731/32 1575/1732/32 1573/1733/32
f 1574/1731/3 1578/1734/3 1579/1735/3 1575/1732/3
f 1578/1736/31 1576/1737/31 1577/1738/31 1579/1739/31
f 1576/1737/11 1572/1730/11 1573/1733/11 1577/1738/11
f 1580/1710/32 1581/1713/32 1583/1712/32 1582/1711/32
f 1582/1711/3 1583/1712/3 1587/1715/3 1586/1714/3
f 1586/1716/31 1587/1719/31 1585/1718/31 1584/1717/31
f 1584/1717/11 1585/1718/11 1581/1713/11 1580/1710/11
f 1588/1720/32 1589/1723/32 1591/1722/32 1590/1721/32
f 1590/1721/3 1591/1722/3 1595/1725/3 1594/1724/3
f 1594/1726/31 1595/1729/31 1593/1728/31 1592/1727/31
f 1592/1727/11 1593/1728/11 1589/1723/11 1588/1720/11
f 1596/1730/32 1597/1733/32 1599/1732/32 1598/1731/32
f 1598/1731/3 1599/1732/3 1603/1735/3 1602/1734/3
f 1602/1736/31 1603/1739/31 1601/1738/31 1600/1737/31
f 1600/1737/11 1601/1738/11 1597/1733/11 1596/1730/11
f 1604/1710/32 1606/1711/32 1607/1712/32 1605/1713/32
f 1606/1711/3 1610/1714/3 1611/1715/3 1607/1712/3
f 1610/1716/31 1608/1717/31 1609/1718/31 1611/1719/31
f 1608/1717/11 1604/1710/11 1605/1713/11 1609/1718/11
f 1612/1720/32 1614/1721/32 1615/1722/32 1613/1723/32
f 1614/1721/3 1618/1724/3 1619/1725/3 1615/1722/3
f 1618/1726/31 1616/1727/31 1617/1728/31 1619/1729/31
f 1616/1727/11 1612/1720/11 1613/1723/11 1617/1728/11
f 1620/1730/32 1622/1731/32 1623/1732/32 1621/1733/32
f 1622/1731/3 1626/1734/3 1627/1735/3 1623/1732/3
f 1626/1736/31 1624/1737/31 1625/1738/31 1627/1739/31
f 1624/1737/11 1620/1730/11 1621/1733/11 1625/1738/11
f 1628/1710/32 1629/1713/32 1631/1712/32 1630/1711/32
f 1630/1711/3 1631/1712/3 1635/1715/3 1634/1714/3
f 1634/1716/31 1635/1719/31 1633/1718/31 1632/1717/31
f 1632/1717/11 1633/1718/11 1629/1713/11 1628/1710/11
f 1636/1720/32 1637/1723/32 1639/1722/32 1638/1721/32
f 1638/1721/3 1639/1722/3 1643/1725/3 1642/1724/3
f 1642/1726/31 1643/1729/31 1641/1728/31 1640/1727/31
f 1640/1727/11 1641/1728/11 1637/1723/11 1636/1720/11
f 1644/1730/32 1645/1733/32 1647/1732/32 1646/1731/32
f 1646/1731/3 1647/1732/3 1651/1735/3 1650/1734/3
f 1650/1736/31 1651/1739/31 1649/1738/31 1648/1737/31
f 1648/1737/11 1649/1738/11 1645/1733/11 1644/1730/11
f 1653/1740/12 1655/1741/12 1654/1742/12 1652/1743/12
f 1652/1744/3 1656/1745/3 1657/1746/3 1653/1747/3
f 1656/1748/1 1658/1749/1 1659/1750/1 1657/1751/1
f 1654/1742/32 1661/1752/32 1660/1753/32 1652/1743/32
f 1656/1748/31 1662/1754/31 1663/1755/31 1658/1749/31
f 1656/1745/3 1652/1744/3 1660/1756/3 1662/1757/3
f 1661/1758/1 1665/1759/1 1664/1760/1 1660/1761/1
f 1662/1762/12 1666/1763/12 1667/1764/12 1663/1765/12
f 1662/1757/3 1660/1756/3 1664/1766/3 1666/1767/3
f 1657/1751/32 1659/1750/32 1667/1764/32 1666/1763/32
f 1655/1741/31 1653/1740/31 1664/1760/31 1665/1759/31
f 1657/1746/3 1666/1767/3 1664/1766/3 1653/1747/3
f 1668/1768/12 1669/1769/12 1675/1770/12 1674/1771/12
f 1674/1772/3 1675/1773/3 1673/1774/3 1672/1775/3
f 1689/1776/31 1687/1777/31 1681/1778/31 1685/1779/31
f 1671/1780/31 1668/1781/31 1674/1782/31 1677/1783/31
f 1676/1784/1 1683/1785/1 1684/1786/1 1679/1787/1
f 1669/1788/3 1668/1789/3 1671/1790/3 1670/1791/3
f 1670/1792/1 1671/1780/1 1677/1783/1 1678/1793/1
f 1676/1794/3 1679/1795/3 1678/1796/3 1677/1797/3
f 1683/1798/3 1685/1799/3 1682/1800/3 1684/1801/3
f 1681/1802/12 1680/1803/12 1682/1804/12 1685/1805/12
f 1687/1777/1 1689/1776/1 1688/1806/1 1686/1807/1
f 1682/1804/32 1680/1803/32 1686/1807/32 1688/1806/32
f 1689/1808/3 1685/1799/3 1683/1798/3 1690/1809/3
f 1682/1800/3 1688/1810/3 1691/1811/3 1684/1801/3
f 1688/1810/3 1689/1808/3 1690/1809/3 1691/1811/3
f 1675/1770/32 1669/1769/32 1670/1792/32 1678/1793/32
f 1676/1794/3 1677/1797/3 1674/1772/3 1672/1775/3
f 1673/1774/3 1675/1773/3 1678/1796/3 1679/1795/3
f 1680/1812/3 1681/1813/3 1687/1814/3 1686/1815/3
f 1693/1740/1 1692/1743/1 1694/1742/1 1695/1741/1
f 1692/1744/3 1693/1747/3 1697/1746/3 1696/1745/3
f 1696/1748/12 1697/1751/12 1699/1750/12 1698/1749/12
f 1694/1742/32 1692/1743/32 1700/1753/32 1701/1752/32
f 1696/1748/31 1698/1749/31 1703/1755/31 1702/1754/31
f 1696/1745/3 1702/1757/3 1700/1756/3 1692/1744/3
f 1701/1758/12 1700/1761/12 1704/1760/12 1705/1759/12
f 1702/1762/1 1703/1765/1 1707/1764/1 1706/1763/1
f 1702/1757/3 1706/1767/3 1704/1766/3 1700/1756/3
f 1697/1751/32 1706/1763/32 1707/1764/32 1699/1750/32
f 1695/1741/31 1705/1759/31 1704/1760/31 1693/1740/31
f 1697/1746/3 1693/1747/3 1704/1766/3 1706/1767/3
f 1708/1768/1 1714/1771/1 1715/1770/1 1709/1769/1
f 1714/1772/3 1712/1775/3 1713/1774/3 1715/1773/3
f 1729/1776/31 1725/1779/31 1721/1778/31 1727/1777/31
f 1711/1780/31 1717/1783/31 1714/1782/31 1708/1781/31
f 1716/1784/12 1719/1787/12 1724/1786/12 1723/1785/12
f 1709/1788/3 1710/1791/3 1711/1790/3 1708/1789/3
f 1710/1792/12 1718/1793/12 1717/1783/12 1711/1780/12
f 1716/1794/3 1717/1797/3 1718/1796/3 1719/1795/3
f 1723/1798/3 1724/1801/3 1722/1800/3 1725/1799/3
f 1721/1802/1 1725/1805/1 1722/1804/1 1720/1803/1
f 1727/1777/12 1726/1807/12 1728/1806/12 1729/1776/12
f 1722/1804/32 1728/1806/32 1726/1807/32 1720/1803/32
f 1729/1808/3 1730/1809/3 1723/1798/3 1725/1799/3
f 1722/1800/3 1724/1801/3 1731/1811/3 1728/1810/3
f 1728/1810/3 1731/1811/3 1730/1809/3 1729/1808/3
f 1715/1770/32 1718/1793/32 1710/1792/32 1709/1769/32
f 1716/1794/3 1712/1775/3 1714/1772/3 1717/1797/3
f 1713/1774/3 1719/1795/3 1718/1796/3 1715/1773/3
f 1720/1812/3 1726/1815/3 1727/1814/3 1721/1813/3
f 1741/1816/31 1737/1817/31 1733/1818/31 1739/1819/31
f 1735/1820/11 1736/1821/11 1734/1822/11 1737/1823/11
f 1733/1824/12 1737/1825/12 1734/1826/12 1732/1827/12
f 1739/1819/1 1738/1828/1 1740/1829/1 1741/1816/1
f 1734/1826/32 1740/1829/32 1738/1828/32 1732/1827/32
f 1741/1830/11 1742/1831/11 1735/1820/11 1737/1823/11
f 1734/1822/11 1736/1821/11 1743/1832/11 1740/1833/11
f 1740/1833/11 1743/1832/11 1742/1831/11 1741/1830/11
f 1732/1834/11 1738/1835/11 1739/1836/11 1733/1837/11
f 1753/1816/31 1751/1819/31 1745/1818/31 1749/1817/31
f 1747/1820/11 1749/1823/11 1746/1822/11 1748/1821/11
f 1745/1824/1 1744/1827/1 1746/1826/1 1749/1825/1
f 1751/1819/12 1753/1816/12 1752/1829/12 1750/1828/12
f 1746/1826/32 1744/1827/32 1750/1828/32 1752/1829/32
f 1753/1830/11 1749/1823/11 1747/1820/11 1754/1831/11
f 1746/1822/11 1752/1833/11 1755/1832/11 1748/1821/11
f 1752/1833/11 1753/1830/11 1754/1831/11 1755/1832/11
f 1744/1834/11 1745/1837/11 1751/1836/11 1750/1835/11
f 1757/1838/12 1756/1839/12 1758/1840/12 1759/1841/12
f 1756/1842/11 1757/1843/11 1761/1844/11 1760/1845/11
f 1760/1846/1 1761/1847/1 1763/1848/1 1762/1849/1
f 1758/1840/32 1756/1839/32 1764/1850/32 1765/1851/32
f 1760/1852/31 1762/1853/31 1767/1854/31 1766/1855/31
f 1760/1845/11 1766/1856/11 1764/1857/11 1756/1842/11
f 1765/1858/1 1764/1859/1 1768/1860/1 1769/1861/1
f 1766/1855/12 1767/1854/12 1771/1862/12 1770/1863/12
f 1766/1856/11 1770/1864/11 1768/1865/11 1764/1857/11
f 1761/1847/32 1770/1863/32 1771/1862/32 1763/1848/32
f 1759/1841/31 1769/1861/31 1768/1860/31 1757/1838/31
f 1761/1844/11 1757/1843/11 1768/1865/11 1770/1864/11
f 1773/1838/1 1775/1841/1 1774/1840/1 1772/1839/1
f 1772/1842/11 1776/1845/11 1777/1844/11 1773/1843/11
f 1776/1846/12 1778/1849/12 1779/1848/12 1777/1847/12
f 1774/1840/32 1781/1851/32 1780/1850/32 1772/1839/32
f 1776/1852/31 1782/1855/31 1783/1854/31 1778/1853/31
f 1776/1845/11 1772/1842/11 1780/1857/11 1782/1856/11
f 1781/1858/12 1785/1861/12 1784/1860/12 1780/1859/12
f 1782/1855/1 1786/1863/1 1787/1862/1 1783/1854/1
f 1782/1856/11 1780/1857/11 1784/1865/11 1786/1864/11
f 1777/1847/32 1779/1848/32 1787/1862/32 1786/1863/32
f 1775/1841/31 1773/1838/31 1784/1860/31 1785/1861/31
f 1777/1844/11 1786/1864/11 1784/1865/11 1773/1843/11
f 1789/1866/331 1817/1867/3 1816/1868/3 1788/1869/331
f 1791/1870/332 1789/1866/331 1788/1869/331 1790/1871/332
f 1793/1872/333 1791/1870/332 1790/1871/332 1792/1873/333
f 1795/1874/12 1793/1872/333 1792/1873/333 1794/1875/12
f 1797/1876/334 1795/1874/12 1794/1875/12 1796/1877/334
f 1799/1878/335 1797/1876/334 1796/1877/334 1798/1879/335
f 1801/1880/336 1799/1878/335 1798/1879/335 1800/1881/337
f 1805/1882/338 1803/1883/339 1802/1884/340 1804/1885/338
f 1807/1886/341 1805/1882/338 1804/1885/338 1806/1887/341
f 1809/1888/1 1807/1886/341 1806/1887/341 1808/1889/1
f 1811/1890/342 1809/1888/1 1808/1889/1 1810/1891/342
f 1813/1892/343 1811/1890/342 1810/1891/342 1812/1893/343
f 1815/1894/344 1813/1892/343 1812/1893/343 1814/1895/344
f 1817/1867/3 1815/1894/344 1814/1895/344 1816/1868/3
f 1818/1896/345 1802/1884/340 1803/1883/339 1820/1897/345
f 1800/1881/337 1819/1898/346 1821/1899/346 1801/1880/336
f 1819/1900/32 1818/1901/32 1822/1902/32 1824/1903/32
f 1821/1904/12 1819/1900/12 1824/1903/12 1825/1905/12
f 1820/1906/31 1821/1907/31 1825/1908/31 1823/1909/31
f 1818/1901/1 1820/1906/1 1823/1909/1 1822/1902/1
f 1826/1910/1 1828/1911/1 1829/1912/1 1827/1913/1
f 1832/1914/12 1830/1915/12 1831/1916/12 1833/1917/12
f 1830/1915/3 1826/1910/3 1827/1913/3 1831/1916/3
f 1828/1918/31 1826/1910/31 1830/1915/31 1832/1919/31
f 1833/1920/32 1831/1916/32 1827/1913/32 1829/1921/32
f 1835/1866/331 1863/1867/3 1862/1868/3 1834/1869/331
f 1837/1870/332 1835/1866/331 1834/1869/331 1836/1871/332
f 1839/1872/333 1837/1870/332 1836/1871/332 1838/1873/333
f 1841/1874/12 1839/1872/333 1838/1873/333 1840/1875/12
f 1843/1876/334 1841/1874/12 1840/1875/12 1842/1877/334
f 1845/1878/335 1843/1876/334 1842/1877/334 1844/1879/335
f 1847/1880/336 1845/1878/335 1844/1879/335 1846/1881/337
f 1851/1882/338 1849/1883/339 1848/1884/340 1850/1885/338
f 1853/1886/341 1851/1882/338 1850/1885/338 1852/1887/341
f 1855/1888/1 1853/1886/341 1852/1887/341 1854/1889/1
f 1857/1890/342 1855/1888/1 1854/1889/1 1856/1891/342
f 1859/1892/343 1857/1890/342 1856/1891/342 1858/1893/343
f 1861/1894/344 1859/1892/343 1858/1893/343 1860/1895/344
f 1863/1867/3 1861/1894/344 1860/1895/344 1862/1868/3
f 1864/1896/345 1848/1884/340 1849/1883/339 1866/1897/345
f 1846/1881/337 1865/1898/346 1867/1899/346 1847/1880/336
f 1865/1900/32 1864/1901/32 1868/1902/32 1870/1903/32
f 1867/1904/12 1865/1900/12 1870/1903/12 1871/1905/12
f 1866/1906/31 1867/1907/31 1871/1908/31 1869/1909/31
f 1864/1901/1 1866/1906/1 1869/1909/1 1868/1902/1
f 1872/1910/1 1874/1911/1 1875/1912/1 1873/1913/1
f 1878/1914/12 1876/1915/12 1877/1916/12 1879/1917/12
f 1876/1915/3 1872/1910/3 1873/1913/3 1877/1916/3
f 1874/1918/31 1872/1910/31 1876/1915/31 1878/1919/31
f 1879/1920/32 1877/1916/32 1873/1913/32 1875/1921/32
f 1881/1866/331 1909/1867/3 1908/1868/3 1880/1869/331
f 1883/1870/332 1881/1866/331 1880/1869/331 1882/1871/332
f 1885/1872/333 1883/1870/332 1882/1871/332 1884/1873/333
f 1887/1874/12 1885/1872/333 1884/1873/333 1886/1875/12
f 1889/1876/334 1887/1874/12 1886/1875/12 1888/1877/334
f 1891/1878/335 1889/1876/334 1888/1877/334 1890/1879/335
f 1893/1880/336 1891/1878/335 1890/1879/335 1892/1881/337
f 1897/1882/338 1895/1883/339 1894/1884/340 1896/1885/338
f 1899/1886/341 1897/1882/338 1896/1885/338 1898/1887/341
f 1901/1888/1 1899/1886/341 1898/1887/341 1900/1889/1
f 1903/1890/342 1901/1888/1 1900/1889/1 1902/1891/342
f 1905/1892/343 1903/1890/342 1902/1891/342 1904/1893/343
f 1907/1894/344 1905/1892/343 1904/1893/343 1906/1895/344
f 1909/1867/3 1907/1894/344 1906/1895/344 1908/1868/3
f 1910/1896/345 1894/1884/340 1895/1883/339 1912/1897/345
f 1892/1881/337 1911/1898/346 1913/1899/346 1893/1880/336
f 1911/1900/32 1910/1901/32 1914/1902/32 1916/1903/32
f 1913/1904/12 1911/1900/12 1916/1903/12 1917/1905/12
f 1912/1906/31 1913/1907/31 1917/1908/31 1915/1909/31
f 1910/1901/1 1912/1906/1 1915/1909/1 1914/1902/1
f 1918/1910/1 1920/1911/1 1921/1912/1 1919/1913/1
f 1924/1914/12 1922/1915/12 1923/1916/12 1925/1917/12
f 1922/1915/3 1918/1910/3 1919/1913/3 1923/1916/3
f 1920/1918/31 1918/1910/31 1922/1915/31 1924/1919/31
f 1925/1920/32 1923/1916/32 1919/1913/32 1921/1921/32
f 1927/1866/331 1955/1867/3 1954/1868/3 1926/1869/331
f 1929/1870/332 1927/1866/331 1926/1869/331 1928/1871/332
f 1931/1872/333 1929/1870/332 1928/1871/332 1930/1873/333
f 1933/1874/12 1931/1872/333 1930/1873/333 1932/1875/12
f 1935/1876/334 1933/1874/12 1932/1875/12 1934/1877/334
f 1937/1878/335 1935/1876/334 1934/1877/334 1936/1879/335
f 1939/1880/336 1937/1878/335 1936/1879/335 1938/1881/337
f 1943/1882/338 1941/1883/347 1940/1884/340 1942/1885/338
f 1945/1886/341 1943/1882/338 1942/1885/338 1944/1887/341
f 1947/1888/1 1945/1886/341 1944/1887/341 1946/1889/1
f 1949/1890/342 1947/1888/1 1946/1889/1 1948/1891/342
f 1951/1892/343 1949/1890/342 1948/1891/342 1950/1893/343
f 1953/1894/344 1951/1892/343 1950/1893/343 1952/1895/344
f 1955/1867/3 1953/1894/344 1952/1895/344 1954/1868/3
f 1956/1896/345 1940/1884/340 1941/1883/347 1958/1897/345
f 1938/1881/337 1957/1898/346 1959/1899/346 1939/1880/336
f 1957/1900/32 1956/1901/32 1960/1902/32 1962/1903/32
f 1959/1904/12 1957/1900/12 1962/1903/12 1963/1905/12
f 1958/1906/31 1959/1907/31 1963/1908/31 1961/1909/31
f 1956/1901/1 1958/1906/1 1961/1909/1 1960/1902/1
f 1964/1910/1 1966/1911/1 1967/1912/1 1965/1913/1
f 1970/1914/12 1968/1915/12 1969/1916/12 1971/1917/12
f 1968/1915/3 1964/1910/3 1965/1913/3 1969/1916/3
f 1966/1918/31 1964/1910/31 1968/1915/31 1970/1919/31
f 1971/1920/32 1969/1916/32 1965/1913/32 1967/1921/32
f 1973/1866/331 2001/1867/3 2000/1868/3 1972/1869/331
f 1975/1870/332 1973/1866/331 1972/1869/331 1974/1871/332
f 1977/1872/333 1975/1870/332 1974/1871/332 1976/1873/333
f 1979/1874/12 1977/1872/333 1976/1873/333 1978/1875/12
f 1981/1876/334 1979/1874/12 1978/1875/12 1980/1877/334
f 1983/1878/335 1981/1876/334 1980/1877/334 1982/1879/335
f 1985/1880/336 1983/1878/335 1982/1879/335 1984/1881/337
f 1989/1882/338 1987/1883/339 1986/1884/340 1988/1885/338
f 1991/1886/341 1989/1882/338 1988/1885/338 1990/1887/341
f 1993/1888/1 1991/1886/341 1990/1887/341 1992/1889/1
f 1995/1890/342 1993/1888/1 1992/1889/1 1994/1891/342
f 1997/1892/343 1995/1890/342 1994/1891/342 1996/1893/343
f 1999/1894/344 1997/1892/343 1996/1893/343 1998/1895/344
f 2001/1867/3 1999/1894/344 1998/1895/344 2000/1868/3
f 2002/1896/345 1986/1884/340 1987/1883/339 2004/1897/345
f 1984/1881/337 2003/1898/346 2005/1899/346 1985/1880/336
f 2003/1900/32 2002/1901/32 2006/1902/32 2008/1903/32
f 2005/1904/12 2003/1900/12 2008/1903/12 2009/1905/12
f 2004/1906/31 2005/1907/31 2009/1908/31 2007/1909/31
f 2002/1901/1 2004/1906/1 2007/1909/1 2006/1902/1
f 2010/1910/1 2012/1911/1 2013/1912/1 2011/1913/1
f 2016/1914/12 2014/1915/12 2015/1916/12 2017/1917/12
f 2014/1915/3 2010/1910/3 2011/1913/3 2015/1916/3
f 2012/1918/31 2010/1910/31 2014/1915/31 2016/1919/31
f 2017/1920/32 2015/1916/32 2011/1913/32 2013/1921/32
f 2019/1866/331 2047/1867/3 2046/1868/3 2018/1869/331
f 2021/1870/332 2019/1866/331 2018/1869/331 2020/1871/332
f 2023/1872/333 2021/1870/332 2020/1871/332 2022/1873/333
f 2025/1874/12 2023/1872/333 2022/1873/333 2024/1875/12
f 2027/1876/334 2025/1874/12 2024/1875/12 2026/1877/334
f 2029/1878/335 2027/1876/334 2026/1877/334 2028/1879/335
f 2031/1880/336 2029/1878/335 2028/1879/335 2030/1881/337
f 2035/1882/338 2033/1883/347 2032/1884/340 2034/1885/338
f 2037/1886/341 2035/1882/338 2034/1885/338 2036/1887/341
f 2039/1888/1 2037/1886/341 2036/1887/341 2038/1889/1
f 2041/1890/342 2039/1888/1 2038/1889/1 2040/1891/342
f 2043/1892/343 2041/1890/342 2040/1891/342 2042/1893/343
f 2045/1894/344 2043/1892/343 2042/1893/343 2044/1895/344
f 2047/1867/3 2045/1894/344 2044/1895/344 2046/1868/3
f 2048/1896/345 2032/1884/340 2033/1883/347 2050/1897/345
f 2030/1881/337 2049/1898/346 2051/1899/346 2031/1880/336
f 2049/1900/32 2048/1901/32 2052/1902/32 2054/1903/32
f 2051/1904/12 2049/1900/12 2054/1903/12 2055/1905/12
f 2050/1906/31 2051/1907/31 2055/1908/31 2053/1909/31
f 2048/1901/1 2050/1906/1 2053/1909/1 2052/1902/1
f 2056/1910/1 2058/1911/1 2059/1912/1 2057/1913/1
f 2062/1914/12 2060/1915/12 2061/1916/12 2063/1917/12
f 2060/1915/3 2056/1910/3 2057/1913/3 2061/1916/3
f 2058/1918/31 2056/1910/31 2060/1915/31 2062/1919/31
f 2063/1920/32 2061/1916/32 2057/1913/32 2059/1921/32
f 2073/1922/348 2065/1923/349 2064/1924/350 2072/1925/351
f 2074/1926/352 2066/1927/353 2065/1923/349 2073/1922/348
f 2075/1928/354 2067/1929/355 2066/1927/353 2074/1926/352
f 2076/1930/356 2068/1931/357 2067/1932/355 2075/1933/354
f 2077/1934/358 2069/1935/359 2068/1931/357 2076/1930/356
f 2078/1936/360 2070/1937/361 2069/1935/359 2077/1934/358
f 2079/1938/362 2071/1939/363 2070/1937/361 2078/1936/360
f 2072/1925/351 2064/1924/350 2071/1939/363 2079/1938/362
f 2072/1925/351 2079/1938/362 2087/1940/364 2080/1941/365
f 2073/1922/348 2072/1925/351 2080/1941/365 2081/1942/366
f 2074/1926/352 2073/1922/348 2081/1942/366 2082/1943/367
f 2075/1928/354 2074/1926/352 2082/1943/367 2083/1944/368
f 2076/1930/356 2075/1933/354 2083/1945/368 2084/1946/369
f 2077/1934/358 2076/1930/356 2084/1946/369 2085/1947/370
f 2078/1936/360 2077/1934/358 2085/1947/370 2086/1948/371
f 2079/1938/362 2078/1936/360 2086/1948/371 2087/1940/364
f 2095/1949/372 2087/1940/364 2086/1948/371 2094/1950/373
f 2090/1951/374 2082/1943/367 2081/1942/366 2089/1952/375
f 2089/1952/375 2081/1942/366 2080/1941/365 2088/1953/376
f 2092/1954/377 2084/1946/369 2083/1945/368 2091/1955/378
f 2091/1956/378 2083/1944/368 2082/1943/367 2090/1951/374
f 2094/1950/373 2086/1948/371 2085/1947/370 2093/1957/379
f 2093/1957/379 2085/1947/370 2084/1946/369 2092/1954/377
f 2088/1953/376 2080/1941/365 2087/1940/364 2095/1949/372
f 2088/1953/376 2095/1949/372 2103/1958/380 2096/1959/381
f 2089/1952/375 2088/1953/376 2096/1959/381 2097/1960/382
f 2090/1951/374 2089/1952/375 2097/1960/382 2098/1961/383
f 2091/1956/378 2090/1951/374 2098/1961/383 2099/1962/384
f 2092/1954/377 2091/1955/378 2099/1963/384 2100/1964/385
f 2093/1957/379 2092/1954/377 2100/1964/385 2101/1965/386
f 2094/1950/373 2093/1957/379 2101/1965/386 2102/1966/387
f 2095/1949/372 2094/1950/373 2102/1966/387 2103/1958/380
f 2111/1967/388 2103/1958/380 2102/1966/387 2110/1968/389
f 2105/1969/390 2097/1960/382 2096/1959/381 2104/1970/391
f 2108/1971/392 2100/1964/385 2099/1963/384 2107/1972/393
f 2104/1970/391 2096/1959/381 2103/1958/380 2111/1967/388
f 2110/1968/389 2102/1966/387 2101/1965/386 2109/1973/394
f 2106/1974/395 2098/1961/383 2097/1960/382 2105/1969/390
f 2107/1975/393 2099/1962/384 2098/1961/383 2106/1974/395
f 2109/1973/394 2101/1965/386 2100/1964/385 2108/1971/392
f 2107/1975/393 2106/1974/395 2114/1976/396 2115/1977/397
f 2110/1968/389 2109/1973/394 2117/1978/398 2118/1979/399
f 2104/1970/391 2111/1967/388 2119/1980/400 2112/1981/401
f 2108/1971/392 2107/1972/393 2115/1982/397 2116/1983/402
f 2105/1969/390 2104/1970/391 2112/1981/401 2113/1984/403
f 2106/1974/395 2105/1969/390 2113/1984/403 2114/1976/396
f 2111/1967/388 2110/1968/389 2118/1979/399 2119/1980/400
f 2112/1981/401 2119/1980/400 2127/1985/404 2120/1986/405
f 2113/1984/403 2112/1981/401 2120/1986/405 2121/1987/406
f 2114/1976/396 2113/1984/403 2121/1987/406 2122/1988/407
f 2115/1977/397 2114/1976/396 2122/1988/407 2123/1989/408
f 2116/1983/402 2115/1982/397 2123/1990/408 2124/1991/409
f 2117/1978/398 2116/1983/402 2124/1991/409 2125/1992/410
f 2118/1979/399 2117/1978/398 2125/1992/410 2126/1993/411
f 2119/1980/400 2118/1979/399 2126/1993/411 2127/1985/404
f 2109/1973/394 2108/1971/392 2116/1983/402 2117/1978/398
f 2134/1994/412 2126/1993/411 2125/1992/410 2133/1995/413
f 2130/1996/414 2122/1988/407 2121/1987/406 2129/1997/415
f 2131/1998/416 2123/1989/408 2122/1988/407 2130/1996/414
f 2132/1999/417 2124/1991/409 2123/1990/408 2131/2000/416
f 2133/1995/413 2125/1992/410 2124/1991/409 2132/1999/417
f 2135/2001/418 2127/1985/404 2126/1993/411 2134/1994/412
f 2128/2002/419 2120/1986/405 2127/1985/404 2135/2001/418
f 2129/1997/415 2121/1987/406 2120/1986/405 2128/2002/419
f 2135/2003/420 2134/2004/420 2128/2005/420
f 2133/2006/420 2129/2007/420 2128/2005/420 2134/2004/420
f 2129/2007/420 2133/2006/420 2132/1999/420 2130/2008/420
f 2131/2000/421 2130/2008/420 2132/1999/420
f 2145/1922/358 2144/1925/360 2136/1924/361 2137/1923/359
f 2146/1926/356 2145/1922/358 2137/1923/359 2138/1927/422
f 2147/1928/354 2146/1926/356 2138/1927/422 2139/1929/355
f 2148/1930/423 2147/1933/354 2139/1932/355 2140/1931/424
f 2149/1934/348 2148/1930/423 2140/1931/424 2141/1935/349
f 2150/1936/351 2149/1934/348 2141/1935/349 2142/1937/350
f 2151/1938/362 2150/1936/351 2142/1937/350 2143/1939/363
f 2144/1925/360 2151/1938/362 2143/1939/363 2136/1924/361
f 2144/1925/360 2152/1941/425 2159/1940/364 2151/1938/362
f 2145/1922/358 2153/1942/370 2152/1941/425 2144/1925/360
f 2146/1926/356 2154/1943/369 2153/1942/370 2145/1922/358
f 2147/1928/354 2155/1944/368 2154/1943/369 2146/1926/356
f 2148/1930/423 2156/1946/367 2155/1945/368 2147/1933/354
f 2149/1934/348 2157/1947/366 2156/1946/367 2148/1930/423
f 2150/1936/351 2158/1948/426 2157/1947/366 2149/1934/348
f 2151/1938/362 2159/1940/364 2158/1948/426 2150/1936/351
f 2167/1949/372 2166/1950/427 2158/1948/426 2159/1940/364
f 2162/1951/377 2161/1952/428 2153/1942/370 2154/1943/369
f 2161/1952/428 2160/1953/429 2152/1941/425 2153/1942/370
f 2164/1954/374 2163/1955/378 2155/1945/368 2156/1946/367
f 2163/1956/378 2162/1951/377 2154/1943/369 2155/1944/368
f 2166/1950/427 2165/1957/430 2157/1947/366 2158/1948/426
f 2165/1957/430 2164/1954/374 2156/1946/367 2157/1947/366
f 2160/1953/429 2167/1949/372 2159/1940/364 2152/1941/425
f 2160/1953/429 2168/1959/387 2175/1958/380 2167/1949/372
f 2161/1952/428 2169/1960/431 2168/1959/387 2160/1953/429
f 2162/1951/377 2170/1961/385 2169/1960/431 2161/1952/428
f 2163/1956/378 2171/1962/384 2170/1961/385 2162/1951/377
f 2164/1954/374 2172/1964/383 2171/1963/384 2163/1955/378
f 2165/1957/430 2173/1965/432 2172/1964/383 2164/1954/374
f 2166/1950/427 2174/1966/381 2173/1965/432 2165/1957/430
f 2167/1949/372 2175/1958/380 2174/1966/381 2166/1950/427
f 2183/1967/388 2182/1968/391 2174/1966/381 2175/1958/380
f 2177/1969/394 2176/1970/389 2168/1959/387 2169/1960/431
f 2180/1971/395 2179/1972/393 2171/1963/384 2172/1964/383
f 2176/1970/389 2183/1967/388 2175/1958/380 2168/1959/387
f 2182/1968/391 2181/1973/390 2173/1965/432 2174/1966/381
f 2178/1974/392 2177/1969/394 2169/1960/431 2170/1961/385
f 2179/1975/393 2178/1974/392 2170/1961/385 2171/1962/384
f 2181/1973/390 2180/1971/395 2172/1964/383 2173/1965/432
f 2179/1975/393 2187/1977/397 2186/1976/402 2178/1974/392
f 2182/1968/391 2190/1979/401 2189/1978/403 2181/1973/390
f 2176/1970/389 2184/1981/433 2191/1980/400 2183/1967/388
f 2180/1971/395 2188/1983/396 2187/1982/397 2179/1972/393
f 2177/1969/394 2185/1984/398 2184/1981/433 2176/1970/389
f 2178/1974/392 2186/1976/402 2185/1984/398 2177/1969/394
f 2183/1967/388 2191/1980/400 2190/1979/401 2182/1968/391
f 2184/1981/433 2192/1986/434 2199/1985/404 2191/1980/400
f 2185/1984/398 2193/1987/410 2192/1986/434 2184/1981/433
f 2186/1976/402 2194/1988/409 2193/1987/410 2185/1984/398
f 2187/1977/397 2195/1989/408 2194/1988/409 2186/1976/402
f 2188/1983/396 2196/1991/407 2195/1990/408 2187/1982/397
f 2189/1978/403 2197/1992/406 2196/1991/407 2188/1983/396
f 2190/1979/401 2198/1993/435 2197/1992/406 2189/1978/403
f 2191/1980/400 2199/1985/404 2198/1993/435 2190/1979/401
f 2181/1973/390 2189/1978/403 2188/1983/396 2180/1971/395
f 2206/1994/419 2205/1995/436 2197/1992/406 2198/1993/435
f 2202/1996/437 2201/1997/438 2193/1987/410 2194/1988/409
f 2203/1998/416 2202/1996/437 2194/1988/409 2195/1989/408
f 2204/1999/414 2203/2000/416 2195/1990/408 2196/1991/407
f 2205/1995/436 2204/1999/414 2196/1991/407 2197/1992/406
f 2207/2001/418 2206/1994/419 2198/1993/435 2199/1985/404
f 2200/2002/412 2207/2001/418 2199/1985/404 2192/1986/434
f 2201/1997/438 2200/2002/412 2192/1986/434 2193/1987/410
f 2207/2003/420 2200/2005/420 2206/2004/420
f 2205/2006/420 2206/2004/420 2200/2005/420 2201/2007/420
f 2201/2007/420 2202/2008/420 2204/1999/420 2205/2006/420
f 2203/2000/421 2204/1999/420 2202/2008/420
f 2209/2009/439 2208/2010/439 2236/2011/11 2237/2012/11
f 2211/2013/335 2210/2014/335 2208/2010/439 2209/2009/439
f 2213/2015/334 2212/2016/334 2210/2014/335 2211/2013/335
f 2215/2017/12 2214/2018/12 2212/2016/334 2213/2015/334
f 2217/2019/440 2216/2020/440 2214/2018/12 2215/2017/12
f 2219/2021/332 2218/2022/332 2216/2020/440 2217/2019/440
f 2221/2023/441 2220/2024/442 2218/2022/332 2219/2021/332
f 2225/2025/343 2224/2026/343 2222/2027/443 2223/2028/444
f 2227/2029/342 2226/2030/342 2224/2026/343 2225/2025/343
f 2229/2031/1 2228/2032/1 2226/2030/342 2227/2029/342
f 2231/2033/341 2230/2034/341 2228/2032/1 2229/2031/1
f 2233/2035/338 2232/2036/338 2230/2034/341 2231/2033/341
f 2235/2037/445 2234/2038/445 2232/2036/338 2233/2035/338
f 2237/2012/11 2236/2011/11 2234/2038/445 2235/2037/445
f 2238/2039/446 2240/2040/446 2223/2028/444 2222/2027/443
f 2220/2024/442 2221/2023/441 2241/2041/447 2239/2042/447
f 2239/2043/32 2244/2044/32 2242/2045/32 2238/2046/32
f 2241/2047/12 2245/2048/12 2244/2044/12 2239/2043/12
f 2240/2049/31 2243/2050/31 2245/2051/31 2241/2052/31
f 2238/2046/1 2242/2045/1 2243/2050/1 2240/2049/1
f 2246/2053/1 2247/2054/1 2249/2055/1 2248/2056/1
f 2252/2057/12 2253/2058/12 2251/2059/12 2250/2060/12
f 2250/2060/11 2251/2059/11 2247/2054/11 2246/2053/11
f 2248/2061/31 2252/2062/31 2250/2060/31 2246/2053/31
f 2253/2063/32 2249/2064/32 2247/2054/32 2251/2059/32
f 2255/2009/439 2254/2010/439 2282/2011/11 2283/2012/11
f 2257/2013/335 2256/2014/335 2254/2010/439 2255/2009/439
f 2259/2015/334 2258/2016/334 2256/2014/335 2257/2013/335
f 2261/2017/12 2260/2018/12 2258/2016/334 2259/2015/334
f 2263/2019/440 2262/2020/440 2260/2018/12 2261/2017/12
f 2265/2021/332 2264/2022/332 2262/2020/440 2263/2019/440
f 2267/2023/441 2266/2024/442 2264/2022/332 2265/2021/332
f 2271/2025/343 2270/2026/343 2268/2027/448 2269/2028/444
f 2273/2029/342 2272/2030/342 2270/2026/343 2271/2025/343
f 2275/2031/1 2274/2032/1 2272/2030/342 2273/2029/342
f 2277/2033/341 2276/2034/341 2274/2032/1 2275/2031/1
f 2279/2035/338 2278/2036/338 2276/2034/341 2277/2033/341
f 2281/2037/445 2280/2038/445 2278/2036/338 2279/2035/338
f 2283/2012/11 2282/2011/11 2280/2038/445 2281/2037/445
f 2284/2039/446 2286/2040/446 2269/2028/444 2268/2027/448
f 2266/2024/442 2267/2023/441 2287/2041/447 2285/2042/447
f 2285/2043/32 2290/2044/32 2288/2045/32 2284/2046/32
f 2287/2047/12 2291/2048/12 2290/2044/12 2285/2043/12
f 2286/2049/31 2289/2050/31 2291/2051/31 2287/2052/31
f 2284/2046/1 2288/2045/1 2289/2050/1 2286/2049/1
f 2292/2053/1 2293/2054/1 2295/2055/1 2294/2056/1
f 2298/2057/12 2299/2058/12 2297/2059/12 2296/2060/12
f 2296/2060/11 2297/2059/11 2293/2054/11 2292/2053/11
f 2294/2061/31 2298/2062/31 2296/2060/31 2292/2053/31
f 2299/2063/32 2295/2064/32 2293/2054/32 2297/2059/32
f 2301/2009/445 2329/2012/11 2328/2011/11 2300/2010/445
f 2303/2013/338 2301/2009/445 2300/2010/445 2302/2014/338
f 2305/2015/341 2303/2013/338 2302/2014/338 2304/2016/341
f 2307/2017/1 2305/2015/341 2304/2016/341 2306/2018/1
f 2309/2019/342 2307/2017/1 2306/2018/1 2308/2020/342
f 2311/2021/343 2309/2019/342 2308/2020/342 2310/2022/343
f 2313/2023/444 2311/2021/343 2310/2022/343 2312/2024/443
f 2317/2025/332 2315/2028/441 2314/2027/449 2316/2026/332
f 2319/2029/440 2317/2025/332 2316/2026/332 2318/2030/440
f 2321/2031/12 2319/2029/440 2318/2030/440 2320/2032/12
f 2323/2033/334 2321/2031/12 2320/2032/12 2322/2034/334
f 2325/2035/335 2323/2033/334 2322/2034/334 2324/2036/335
f 2327/2037/439 2325/2035/335 2324/2036/335 2326/2038/439
f 2329/2012/11 2327/2037/439 2326/2038/439 2328/2011/11
f 2330/2039/450 2314/2027/449 2315/2028/441 2332/2040/450
f 2312/2024/443 2331/2042/446 2333/2041/446 2313/2023/444
f 2331/2043/32 2330/2046/32 2334/2045/32 2336/2044/32
f 2333/2047/1 2331/2043/1 2336/2044/1 2337/2048/1
f 2332/2049/31 2333/2052/31 2337/2051/31 2335/2050/31
f 2330/2046/12 2332/2049/12 2335/2050/12 2334/2045/12
f 2338/2053/12 2340/2056/12 2341/2055/12 2339/2054/12
f 2344/2057/1 2342/2060/1 2343/2059/1 2345/2058/1
f 2342/2060/11 2338/2053/11 2339/2054/11 2343/2059/11
f 2340/2061/31 2338/2053/31 2342/2060/31 2344/2062/31
f 2345/2063/32 2343/2059/32 2339/2054/32 2341/2064/32
f 2347/2009/445 2375/2012/11 2374/2011/11 2346/2010/445
f 2349/2013/338 2347/2009/445 2346/2010/445 2348/2014/338
f 2351/2015/341 2349/2013/338 2348/2014/338 2350/2016/341
f 2353/2017/1 2351/2015/341 2350/2016/341 2352/2018/1
f 2355/2019/342 2353/2017/1 2352/2018/1 2354/2020/342
f 2357/2021/343 2355/2019/342 2354/2020/342 2356/2022/343
f 2359/2023/444 2357/2021/343 2356/2022/343 2358/2024/443
f 2363/2025/332 2361/2028/441 2360/2027/449 2362/2026/332
f 2365/2029/440 2363/2025/332 2362/2026/332 2364/2030/440
f 2367/2031/12 2365/2029/440 2364/2030/440 2366/2032/12
f 2369/2033/334 2367/2031/12 2366/2032/12 2368/2034/334
f 2371/2035/335 2369/2033/334 2368/2034/334 2370/2036/335
f 2373/2037/439 2371/2035/335 2370/2036/335 2372/2038/439
f 2375/2012/11 2373/2037/439 2372/2038/439 2374/2011/11
f 2376/2039/450 2360/2027/449 2361/2028/441 2378/2040/450
f 2358/2024/443 2377/2042/446 2379/2041/446 2359/2023/444
f 2377/2043/32 2376/2046/32 2380/2045/32 2382/2044/32
f 2379/2047/1 2377/2043/1 2382/2044/1 2383/2048/1
f 2378/2049/31 2379/2052/31 2383/2051/31 2381/2050/31
f 2376/2046/12 2378/2049/12 2381/2050/12 2380/2045/12
f 2384/2053/12 2386/2056/12 2387/2055/12 2385/2054/12
f 2390/2057/1 2388/2060/1 2389/2059/1 2391/2058/1
f 2388/2060/11 2384/2053/11 2385/2054/11 2389/2059/11
f 2386/2061/31 2384/2053/31 2388/2060/31 2390/2062/31
f 2391/2063/32 2389/2059/32 2385/2054/32 2387/2064/32
f 2395/2065/451 2392/2066/451 2394/2067/451 2393/2068/451
f 2402/2069/452 2397/2070/452 2393/2068/452 2394/2067/452
f 2400/2071/453 2397/2070/453 2402/2069/453 2401/2072/453
f 2398/2073/454 2403/2074/454 2400/2071/454 2401/2072/454
f 2392/2075/12 2399/2076/12 2402/2077/12 2394/2078/12
f 2403/2079/1 2396/2080/1 2397/2081/1 2400/2082/1
f 2396/2080/1 2395/2083/1 2393/2084/1 2397/2081/1
f 2401/2085/12 2402/2077/12 2399/2076/12 2398/2086/12
f 2407/2065/451 2404/2066/451 2406/2067/451 2405/2068/451
f 2414/2069/452 2409/2070/452 2405/2068/452 2406/2067/452
f 2412/2071/453 2409/2070/453 2414/2069/453 2413/2072/453
f 2410/2073/454 2415/2074/454 2412/2071/454 2413/2072/454
f 2404/2075/12 2411/2076/12 2414/2077/12 2406/2078/12
f 2415/2079/1 2408/2080/1 2409/2081/1 2412/2082/1
f 2408/2080/1 2407/2083/1 2405/2084/1 2409/2081/1
f 2413/2085/12 2414/2077/12 2411/2076/12 2410/2086/12
f 2419/2065/451 2416/2066/451 2418/2067/451 2417/2068/451
f 2426/2069/452 2421/2070/452 2417/2068/452 2418/2067/452
f 2424/2071/453 2421/2070/453 2426/2069/453 2425/2072/453
f 2422/2073/454 2427/2074/454 2424/2071/454 2425/2072/454
f 2416/2075/12 2423/2076/12 2426/2077/12 2418/2078/12
f 2427/2079/1 2420/2080/1 2421/2081/1 2424/2082/1
f 2420/2080/1 2419/2083/1 2417/2084/1 2421/2081/1
f 2425/2085/12 2426/2077/12 2423/2076/12 2422/2086/12
f 2431/2065/451 2428/2066/451 2430/2067/451 2429/2068/451
f 2438/2069/452 2433/2070/452 2429/2068/452 2430/2067/452
f 2436/2071/453 2433/2070/453 2438/2069/453 2437/2072/453
f 2434/2073/454 2439/2074/454 2436/2071/454 2437/2072/454
f 2428/2075/12 2435/2076/12 2438/2077/12 2430/2078/12
f 2439/2079/1 2432/2080/1 2433/2081/1 2436/2082/1
f 2432/2080/1 2431/2083/1 2429/2084/1 2433/2081/1
f 2437/2085/12 2438/2077/12 2435/2076/12 2434/2086/12
f 2443/2065/451 2440/2066/451 2442/2067/451 2441/2068/451
f 2450/2069/452 2445/2070/452 2441/2068/452 2442/2067/452
f 2448/2071/453 2445/2070/453 2450/2069/453 2449/2072/453
f 2446/2073/454 2451/2074/454 2448/2071/454 2449/2072/454
f 2440/2075/12 2447/2076/12 2450/2077/12 2442/2078/12
f 2451/2079/1 2444/2080/1 2445/2081/1 2448/2082/1
f 2444/2080/1 2443/2083/1 2441/2084/1 2445/2081/1
f 2449/2085/12 2450/2077/12 2447/2076/12 2446/2086/12
f 2455/2065/451 2452/2066/451 2454/2067/451 2453/2068/451
f 2462/2069/452 2457/2070/452 2453/2068/452 2454/2067/452
f 2460/2071/453 2457/2070/453 2462/2069/453 2461/2072/453
f 2458/2073/454 2463/2074/454 2460/2071/454 2461/2072/454
f 2452/2075/12 2459/2076/12 2462/2077/12 2454/2078/12
f 2463/2079/1 2456/2080/1 2457/2081/1 2460/2082/1
f 2456/2080/1 2455/2083/1 2453/2084/1 2457/2081/1
f 2461/2085/12 2462/2077/12 2459/2076/12 2458/2086/12
f 2467/2065/451 2464/2066/451 2466/2067/451 2465/2068/451
f 2474/2069/452 2469/2070/452 2465/2068/452 2466/2067/452
f 2472/2071/453 2469/2070/453 2474/2069/453 2473/2072/453
f 2470/2073/454 2475/2074/454 2472/2071/454 2473/2072/454
f 2464/2075/12 2471/2076/12 2474/2077/12 2466/2078/12
f 2475/2079/1 2468/2080/1 2469/2081/1 2472/2082/1
f 2468/2080/1 2467/2083/1 2465/2084/1 2469/2081/1
f 2473/2085/12 2474/2077/12 2471/2076/12 2470/2086/12
f 2479/2065/451 2476/2066/451 2478/2067/451 2477/2068/451
f 2486/2069/452 2481/2070/452 2477/2068/452 2478/2067/452
f 2484/2071/453 2481/2070/453 2486/2069/453 2485/2072/453
f 2482/2073/454 2487/2074/454 2484/2071/454 2485/2072/454
f 2476/2075/12 2483/2076/12 2486/2077/12 2478/2078/12
f 2487/2079/1 2480/2080/1 2481/2081/1 2484/2082/1
f 2480/2080/1 2479/2083/1 2477/2084/1 2481/2081/1
f 2485/2085/12 2486/2077/12 2483/2076/12 2482/2086/12
f 2491/2065/451 2488/2066/451 2490/2067/451 2489/2068/451
f 2498/2069/452 2493/2070/452 2489/2068/452 2490/2067/452
f 2496/2071/453 2493/2070/453 2498/2069/453 2497/2072/453
f 2494/2073/454 2499/2074/454 2496/2071/454 2497/2072/454
f 2488/2075/12 2495/2076/12 2498/2077/12 2490/2078/12
f 2499/2079/1 2492/2080/1 2493/2081/1 2496/2082/1
f 2492/2080/1 2491/2083/1 2489/2084/1 2493/2081/1
f 2497/2085/12 2498/2077/12 2495/2076/12 2494/2086/12
f 2502/2087/32 2503/2088/32 2501/2089/455 2500/2090/455
f 2502/2087/32 2504/2090/456 2505/2089/456 2503/2088/32
f 2513/2091/32 2506/2092/18 2507/2093/18 2515/2094/32
f 2506/2092/12 2513/2091/12 2517/2095/12 2508/2096/12
f 2519/2091/32 2521/2094/32 2510/2093/18 2509/2092/18
f 2509/2092/1 2511/2096/1 2523/2095/1 2519/2091/1
f 2513/2091/32 2515/2094/32 2514/2093/23 2512/2092/23
f 2512/2092/12 2516/2096/12 2517/2095/12 2513/2091/12
f 2519/2091/32 2518/2092/23 2520/2093/23 2521/2094/32
f 2518/2092/1 2519/2091/1 2523/2095/1 2522/2096/1
f 2524/2097/457 2525/2098/457 2527/2099/457 2526/2100/457
f 2525/2098/12 2524/2097/12 2528/2101/12 2529/2102/12
f 2530/2097/457 2532/2100/457 2533/2099/457 2531/2098/457
f 2531/2098/1 2535/2102/1 2534/2101/1 2530/2097/1
f 2537/2103/458 2536/2104/458 2538/2105/458 2539/2106/458
f 2536/2104/11 2537/2103/11 2541/2107/11 2540/2108/11
f 2546/2109/12 2550/2110/12 2551/2111/12 2547/2112/12
f 2547/2113/11 2551/2114/11 2553/2115/11 2549/2116/11
f 2548/2117/3 2552/2118/3 2550/2119/3 2546/2120/3
f 2549/2121/1 2553/2122/1 2552/2123/1 2548/2124/1
f 2546/2120/459 2545/2125/459 2543/2126/459 2548/2117/459
f 2549/2116/460 2542/2127/460 2544/2128/460 2547/2113/460
f 2547/2112/460 2544/2129/460 2545/2130/459 2546/2109/459
f 2548/2124/459 2543/2131/459 2542/2132/460 2549/2121/460
f 2561/2133/1 2565/2134/1 2564/2135/1 2560/2136/1
f 2558/2137/12 2562/2138/12 2563/2139/12 2559/2140/12
f 2559/2141/11 2563/2142/11 2565/2143/11 2561/2144/11
f 2560/2145/3 2564/2146/3 2562/2147/3 2558/2148/3
f 2559/2140/461 2556/2149/461 2557/2150/461 2558/2137/461
f 2560/2136/461 2555/2151/461 2554/2152/461 2561/2133/461
f 2558/2148/461 2557/2153/461 2555/2154/461 2560/2145/461
f 2561/2144/461 2554/2155/461 2556/2156/461 2559/2141/461
f 2566/2157/462 2568/2158/462 2569/2159/462 2567/2160/462
f 2567/2160/11 2571/2161/11 2570/2162/11 2566/2157/11
f 2573/2163/463 2575/2164/463 2574/2165/463 2572/2166/463
f 2572/2166/3 2576/2167/3 2577/2168/3 2573/2163/3
f 2578/2169/464 2580/2170/464 2581/2171/464 2579/2172/464
f 2579/2172/3 2583/2173/3 2582/2174/3 2578/2169/3
f 2584/2175/12 2588/2176/12 2590/2177/12 2585/2178/12
f 2588/2176/32 2584/2175/465 2586/2179/465 2592/2180/32
f 2587/2181/12 2589/2182/12 2590/2183/12 2588/2184/12
f 2588/2184/32 2592/2185/32 2591/2186/466 2587/2181/466
f 2593/2187/467 2594/2188/467 2596/2189/467 2595/2190/467
f 2594/2188/11 2593/2187/11 2597/2191/11 2598/2192/11
f 2599/2193/17 2601/2194/17 2602/2195/17 2600/2196/17
f 2600/2196/12 2604/2197/12 2603/2198/12 2599/2193/12
f 2605/2199/467 2606/2200/467 2610/2201/467 2609/2202/467
f 2607/2203/3 2608/2204/3 2606/2200/3 2605/2199/3
f 2611/2193/17 2612/2196/17 2614/2195/17 2613/2194/17
f 2612/2196/1 2611/2193/1 2615/2198/1 2616/2197/1
f 2617/2199/467 2621/2202/467 2622/2201/467 2618/2200/467
f 2619/2203/3 2617/2199/3 2618/2200/3 2620/2204/3
f 2623/2205/1 2624/2206/1 2629/2207/1 2627/2208/1
f 2627/2208/32 2631/2209/32 2625/2210/465 2623/2205/465
f 2626/2205/1 2627/2208/1 2629/2207/1 2628/2206/1
f 2627/2208/32 2626/2205/466 2630/2210/466 2631/2209/32
f 2632/2211/1 2634/2212/1 2635/2213/1 2633/2214/1
f 2638/2215/12 2636/2216/12 2637/2217/12 2639/2218/12
f 2634/2212/31 2632/2211/31 2636/2219/31 2638/2220/31
f 2639/2218/32 2637/2217/32 2633/2214/32 2635/2213/32
f 2640/2221/1 2642/2222/1 2643/2223/1 2641/2224/1
f 2646/2225/12 2644/2226/12 2645/2227/12 2647/2228/12
f 2642/2222/31 2640/2221/31 2644/2229/31 2646/2230/31
f 2647/2228/32 2645/2227/32 2641/2224/32 2643/2223/32
f 2648/2231/1 2650/2232/1 2651/2233/1 2649/2234/1
f 2654/2235/12 2652/2236/12 2653/2237/12 2655/2238/12
f 2650/2232/31 2648/2231/31 2652/2239/31 2654/2240/31
f 2655/2238/32 2653/2237/32 2649/2234/32 2651/2233/32
f 2656/2211/1 2658/2212/1 2659/2213/1 2657/2214/1
f 2662/2215/12 2660/2216/12 2661/2217/12 2663/2218/12
f 2658/2212/31 2656/2211/31 2660/2219/31 2662/2220/31
f 2663/2218/32 2661/2217/32 2657/2214/32 2659/2213/32
f 2664/2221/1 2666/2222/1 2667/2223/1 2665/2224/1
f 2670/2225/12 2668/2226/12 2669/2227/12 2671/2228/12
f 2666/2222/31 2664/2221/31 2668/2229/31 2670/2230/31
f 2671/2228/32 2669/2227/32 2665/2224/32 2667/2223/32
f 2672/2231/1 2674/2232/1 2675/2233/1 2673/2234/1
f 2678/2235/12 2676/2236/12 2677/2237/12 2679/2238/12
f 2674/2232/31 2672/2231/31 2676/2239/31 2678/2240/31
f 2679/2238/32 2677/2237/32 2673/2234/32 2675/2233/32
f 2680/2211/1 2682/2212/1 2683/2213/1 2681/2214/1
f 2686/2215/12 2684/2216/12 2685/2217/12 2687/2218/12
f 2682/2212/31 2680/2211/31 2684/2219/31 2686/2220/31
f 2687/2218/32 2685/2217/32 2681/2214/32 2683/2213/32
f 2688/2221/1 2690/2222/1 2691/2223/1 2689/2224/1
f 2694/2225/12 2692/2226/12 2693/2227/12 2695/2228/12
f 2690/2222/31 2688/2221/31 2692/2229/31 2694/2230/31
f 2695/2228/32 2693/2227/32 2689/2224/32 2691/2223/32
f 2696/2231/1 2698/2232/1 2699/2233/1 2697/2234/1
f 2702/2235/12 2700/2236/12 2701/2237/12 2703/2238/12
f 2698/2232/31 2696/2231/31 2700/2239/31 2702/2240/31
f 2703/2238/32 2701/2237/32 2697/2234/32 2699/2233/32
f 2704/2211/1 2706/2212/1 2707/2213/1 2705/2214/1
f 2710/2215/12 2708/2216/12 2709/2217/12 2711/2218/12
f 2706/2212/31 2704/2211/31 2708/2219/31 2710/2220/31
f 2711/2218/32 2709/2217/32 2705/2214/32 2707/2213/32
f 2712/2221/1 2714/2222/1 2715/2223/1 2713/2224/1
f 2718/2225/12 2716/2226/12 2717/2227/12 2719/2228/12
f 2714/2222/31 2712/2221/31 2716/2229/31 2718/2230/31
f 2719/2228/32 2717/2227/32 2713/2224/32 2715/2223/32
f 2720/2231/1 2722/2232/1 2723/2233/1 2721/2234/1
f 2726/2235/12 2724/2236/12 2725/2237/12 2727/2238/12
f 2722/2232/31 2720/2231/31 2724/2239/31 2726/2240/31
f 2727/2238/32 2725/2237/32 2721/2234/32 2723/2233/32
f 2728/2211/1 2730/2212/1 2731/2213/1 2729/2214/1
f 2734/2215/12 2732/2216/12 2733/2217/12 2735/2218/12
f 2730/2212/31 2728/2211/31 2732/2219/31 2734/2220/31
f 2735/2218/32 2733/2217/32 2729/2214/32 2731/2213/32
f 2736/2221/1 2738/2222/1 2739/2223/1 2737/2224/1
f 2742/2225/12 2740/2226/12 2741/2227/12 2743/2228/12
f 2738/2222/31 2736/2221/31 2740/2229/31 2742/2230/31
f 2743/2228/32 2741/2227/32 2737/2224/32 2739/2223/32
f 2744/2231/1 2746/2232/1 2747/2233/1 2745/2234/1
f 2750/2235/12 2748/2236/12 2749/2237/12 2751/2238/12
f 2746/2232/31 2744/2231/31 2748/2239/31 2750/2240/31
f 2751/2238/32 2749/2237/32 2745/2234/32 2747/2233/32
f 2752/2211/1 2754/2212/1 2755/2213/1 2753/2214/1
f 2758/2215/12 2756/2216/12 2757/2217/12 2759/2218/12
f 2754/2212/31 2752/2211/31 2756/2219/31 2758/2220/31
f 2759/2218/32 2757/2217/32 2753/2214/32 2755/2213/32
f 2760/2221/1 2762/2222/1 2763/2223/1 2761/2224/1
f 2766/2225/12 2764/2226/12 2765/2227/12 2767/2228/12
f 2762/2222/31 2760/2221/31 2764/2229/31 2766/2230/31
f 2767/2228/32 2765/2227/32 2761/2224/32 2763/2223/32
f 2768/2231/1 2770/2232/1 2771/2233/1 2769/2234/1
f 2774/2235/12 2772/2236/12 2773/2237/12 2775/2238/12
f 2770/2232/31 2768/2231/31 2772/2239/31 2774/2240/31
f 2775/2238/32 2773/2237/32 2769/2234/32 2771/2233/32
f 2776/2211/1 2778/2212/1 2779/2213/1 2777/2214/1
f 2782/2215/12 2780/2216/12 2781/2217/12 2783/2218/12
f 2778/2212/31 2776/2211/31 2780/2219/31 2782/2220/31
f 2783/2218/32 2781/2217/32 2777/2214/32 2779/2213/32
f 2784/2221/1 2786/2222/1 2787/2223/1 2785/2224/1
f 2790/2225/12 2788/2226/12 2789/2227/12 2791/2228/12
f 2786/2222/31 2784/2221/31 2788/2229/31 2790/2230/31
f 2791/2228/32 2789/2227/32 2785/2224/32 2787/2223/32
f 2792/2231/1 2794/2232/1 2795/2233/1 2793/2234/1
f 2798/2235/12 2796/2236/12 2797/2237/12 2799/2238/12
f 2794/2232/31 2792/2231/31 2796/2239/31 2798/2240/31
f 2799/2238/32 2797/2237/32 2793/2234/32 2795/2233/32
f 2800/2211/1 2802/2212/1 2803/2213/1 2801/2214/1
f 2806/2215/12 2804/2216/12 2805/2217/12 2807/2218/12
f 2802/2212/31 2800/2211/31 2804/2219/31 2806/2220/31
f 2807/2218/32 2805/2217/32 2801/2214/32 2803/2213/32
f 2808/2221/1 2810/2222/1 2811/2223/1 2809/2224/1
f 2814/2225/12 2812/2226/12 2813/2227/12 2815/2228/12
f 2810/2222/31 2808/2221/31 2812/2229/31 2814/2230/31
f 2815/2228/32 2813/2227/32 2809/2224/32 2811/2223/32
f 2816/2231/1 2818/2232/1 2819/2233/1 2817/2234/1
f 2822/2235/12 2820/2236/12 2821/2237/12 2823/2238/12
f 2818/2232/31 2816/2231/31 2820/2239/31 2822/2240/31
f 2823/2238/32 2821/2237/32 2817/2234/32 2819/2233/32
f 2824/2211/1 2826/2212/1 2827/2213/1 2825/2214/1
f 2830/2215/12 2828/2216/12 2829/2217/12 2831/2218/12
f 2826/2212/31 2824/2211/31 2828/2219/31 2830/2220/31
f 2831/2218/32 2829/2217/32 2825/2214/32 2827/2213/32
f 2832/2221/1 2834/2222/1 2835/2223/1 2833/2224/1
f 2838/2225/12 2836/2226/12 2837/2227/12 2839/2228/12
f 2834/2222/31 2832/2221/31 2836/2229/31 2838/2230/31
f 2839/2228/32 2837/2227/32 2833/2224/32 2835/2223/32
f 2840/2231/1 2842/2232/1 2843/2233/1 2841/2234/1
f 2846/2235/12 2844/2236/12 2845/2237/12 2847/2238/12
f 2842/2232/31 2840/2231/31 2844/2239/31 2846/2240/31
f 2847/2238/32 2845/2237/32 2841/2234/32 2843/2233/32
f 2848/2211/1 2850/2212/1 2851/2213/1 2849/2214/1
f 2854/2215/12 2852/2216/12 2853/2217/12 2855/2218/12
f 2850/2212/31 2848/2211/31 2852/2219/31 2854/2220/31
f 2855/2218/32 2853/2217/32 2849/2214/32 2851/2213/32
f 2856/2221/1 2858/2222/1 2859/2223/1 2857/2224/1
f 2862/2225/12 2860/2226/12 2861/2227/12 2863/2228/12
f 2858/2222/31 2856/2221/31 2860/2229/31 2862/2230/31
f 2863/2228/32 2861/2227/32 2857/2224/32 2859/2223/32
f 2864/2231/1 2866/2232/1 2867/2233/1 2865/2234/1
f 2870/2235/12 2868/2236/12 2869/2237/12 2871/2238/12
f 2866/2232/31 2864/2231/31 2868/2239/31 2870/2240/31
f 2871/2238/32 2869/2237/32 2865/2234/32 2867/2233/32
f 2872/2241/1 2874/2242/1 2875/2243/1 2873/2244/1
f 2874/2242/11 2872/2241/11 2876/2245/11 2878/2246/11
f 2879/2247/3 2877/2248/3 2873/2244/3 2875/2243/3
f 2880/2241/1 2881/2244/1 2883/2243/1 2882/2242/1
f 2882/2242/3 2886/2246/3 2884/2245/3 2880/2241/3
f 2887/2247/11 2883/2243/11 2881/2244/11 2885/2248/11
f 2895/2249/468 2888/2250/469 2889/2251/469 2901/2252/468
f 2903/2253/214 2894/2254/214 2891/2255/12 2889/2256/12
f 2901/2257/12 2889/2256/12 2891/2255/12 2900/2258/12
f 2888/2250/469 2898/2259/470 2903/2253/470 2889/2251/469
f 2898/2260/471 2888/2261/1 2896/2262/1 2892/2263/471
f 2896/2264/472 2897/2265/473 2890/2266/473 2900/2267/474
f 2893/2268/475 2892/2269/476 2891/2270/476 2894/2271/477
f 2899/2272/478 2893/2268/475 2894/2271/477 2902/2273/478
f 2898/2259/470 2899/2272/478 2902/2273/478 2903/2253/470
f 2888/2261/1 2895/2274/1 2897/2275/1 2896/2262/1
f 2890/2276/12 2901/2257/12 2900/2258/12
f 2902/2273/479 2894/2254/214 2903/2253/214
f 2892/2269/476 2896/2264/472 2900/2267/474 2891/2270/476
f 2897/2277/473 2895/2249/468 2901/2252/468 2890/2278/473
f 2898/2260/471 2892/2263/471 2893/2268/2 2899/2272/2
f 2911/2249/468 2904/2250/469 2905/2251/469 2917/2252/468
f 2919/2253/214 2910/2254/214 2907/2255/12 2905/2256/12
f 2917/2257/12 2905/2256/12 2907/2255/12 2916/2258/12
f 2904/2250/469 2914/2259/470 2919/2253/470 2905/2251/469
f 2914/2260/471 2904/2261/1 2912/2262/1 2908/2263/471
f 2912/2264/474 2913/2265/473 2906/2266/473 2916/2267/474
f 2909/2268/475 2908/2269/476 2907/2270/476 2910/2271/477
f 2915/2272/478 2909/2268/475 2910/2271/477 2918/2273/478
f 2914/2259/470 2915/2272/478 2918/2273/478 2919/2253/470
f 2904/2261/1 2911/2274/1 2913/2275/1 2912/2262/1
f 2906/2276/12 2917/2257/12 2916/2258/12
f 2918/2273/479 2910/2254/214 2919/2253/214
f 2908/2269/476 2912/2264/474 2916/2267/474 2907/2270/476
f 2913/2277/473 2911/2249/468 2917/2252/468 2906/2278/473
f 2914/2260/471 2908/2263/471 2909/2268/2 2915/2272/2
f 2920/2279/32 2922/2280/32 2923/2281/32 2921/2282/32
f 2922/2280/1 2926/2283/1 2927/2284/1 2923/2281/1
f 2926/2285/31 2924/2286/31 2925/2287/31 2927/2288/31
f 2924/2286/12 2920/2279/12 2921/2282/12 2925/2287/12
f 2928/2289/32 2930/2290/32 2931/2291/32 2929/2292/32
f 2930/2290/3 2934/2293/3 2935/2294/3 2931/2291/3
f 2934/2295/31 2932/2296/31 2933/2297/31 2935/2298/31
f 2932/2296/11 2928/2289/11 2929/2292/11 2933/2297/11
f 2936/2299/3 2938/2300/3 2939/2301/3 2937/2302/3
f 2938/2303/1 2942/2304/1 2943/2305/1 2939/2306/1
f 2942/2304/11 2940/2307/11 2941/2308/11 2943/2305/11
f 2940/2307/12 2936/2299/12 2937/2302/12 2941/2308/12
f 2944/2309/3 2946/2310/3 2947/2311/3 2945/2312/3
f 2946/2313/1 2950/2314/1 2951/2315/1 2947/2316/1
f 2950/2314/11 2948/2317/11 2949/2318/11 2951/2315/11
f 2948/2317/12 2944/2309/12 2945/2312/12 2949/2318/12
f 2952/2319/3 2954/2320/3 2955/2321/3 2953/2322/3
f 2954/2323/1 2958/2324/1 2959/2325/1 2955/2326/1
f 2958/2324/11 2956/2327/11 2957/2328/11 2959/2325/11
f 2956/2327/12 2952/2319/12 2953/2322/12 2957/2328/12
f 2960/2329/480 2962/2330/480 2963/2331/480 2961/2332/480
f 2962/2330/1 2966/2333/1 2967/2334/1 2963/2331/1
f 2966/2335/481 2964/2336/481 2965/2337/481 2967/2338/481
f 2964/2336/12 2960/2329/12 2961/2332/12 2965/2337/12
f 2962/2330/482 2960/2329/482 2964/2339/482 2966/2340/482
f 2961/2332/483 2963/2331/483 2967/2341/483 2965/2342/483
f 2968/2343/484 2970/2344/484 2971/2345/484 2969/2346/484
f 2970/2344/1 2974/2347/1 2975/2348/1 2971/2345/1
f 2974/2349/485 2972/2350/485 2973/2351/485 2975/2352/485
f 2972/2350/12 2968/2343/12 2969/2346/12 2973/2351/12
f 2976/2343/484 2978/2344/484 2979/2345/484 2977/2346/484
f 2978/2344/1 2982/2347/1 2983/2348/1 2979/2345/1
f 2982/2349/485 2980/2350/485 2981/2351/485 2983/2352/485
f 2980/2350/12 2976/2343/12 2977/2346/12 2981/2351/12
f 2984/2343/484 2986/2344/484 2987/2345/484 2985/2346/484
f 2986/2344/1 2990/2347/1 2991/2348/1 2987/2345/1
f 2990/2349/485 2988/2350/485 2989/2351/485 2991/2352/485
f 2988/2350/12 2984/2343/12 2985/2346/12 2989/2351/12
f 2992/2343/484 2994/2344/484 2995/2345/484 2993/2346/484
f 2994/2344/1 2998/2347/1 2999/2348/1 2995/2345/1
f 2998/2349/485 2996/2350/485 2997/2351/485 2999/2352/485
f 2996/2350/12 2992/2343/12 2993/2346/12 2997/2351/12
f 3000/2279/32 3001/2282/32 3003/2281/32 3002/2280/32
f 3002/2280/12 3003/2281/12 3007/2284/12 3006/2283/12
f 3006/2285/31 3007/2288/31 3005/2287/31 3004/2286/31
f 3004/2286/1 3005/2287/1 3001/2282/1 3000/2279/1
f 3008/2289/32 3009/2292/32 3011/2291/32 3010/2290/32
f 3010/2290/3 3011/2291/3 3015/2294/3 3014/2293/3
f 3014/2295/31 3015/2298/31 3013/2297/31 3012/2296/31
f 3012/2296/11 3013/2297/11 3009/2292/11 3008/2289/11
f 3016/2299/3 3017/2302/3 3019/2301/3 3018/2300/3
f 3018/2303/12 3019/2306/12 3023/2305/12 3022/2304/12
f 3022/2304/11 3023/2305/11 3021/2308/11 3020/2307/11
f 3020/2307/1 3021/2308/1 3017/2302/1 3016/2299/1
f 3024/2309/3 3025/2312/3 3027/2311/3 3026/2310/3
f 3026/2313/12 3027/2316/12 3031/2315/12 3030/2314/12
f 3030/2314/11 3031/2315/11 3029/2318/11 3028/2317/11
f 3028/2317/1 3029/2318/1 3025/2312/1 3024/2309/1
f 3032/2319/3 3033/2322/3 3035/2321/3 3034/2320/3
f 3034/2323/12 3035/2326/12 3039/2325/12 3038/2324/12
f 3038/2324/11 3039/2325/11 3037/2328/11 3036/2327/11
f 3036/2327/1 3037/2328/1 3033/2322/1 3032/2319/1
f 3040/2329/480 3041/2332/480 3043/2331/480 3042/2330/480
f 3042/2330/12 3043/2331/12 3047/2334/12 3046/2333/12
f 3046/2335/481 3047/2338/481 3045/2337/481 3044/2336/481
f 3044/2336/1 3045/2337/1 3041/2332/1 3040/2329/1
f 3042/2330/482 3046/2340/482 3044/2339/482 3040/2329/482
f 3041/2332/486 3045/2342/486 3047/2341/486 3043/2331/486
f 3048/2343/484 3049/2346/484 3051/2345/484 3050/2344/484
f 3050/2344/12 3051/2345/12 3055/2348/12 3054/2347/12
f 3054/2349/485 3055/2352/485 3053/2351/485 3052/2350/485
f 3052/2350/1 3053/2351/1 3049/2346/1 3048/2343/1
f 3056/2343/484 3057/2346/484 3059/2345/484 3058/2344/484
f 3058/2344/12 3059/2345/12 3063/2348/12 3062/2347/12
f 3062/2349/485 3063/2352/485 3061/2351/485 3060/2350/485
f 3060/2350/1 3061/2351/1 3057/2346/1 3056/2343/1
f 3064/2343/484 3065/2346/484 3067/2345/484 3066/2344/484
f 3066/2344/12 3067/2345/12 3071/2348/12 3070/2347/12
f 3070/2349/485 3071/2352/485 3069/2351/485 3068/2350/485
f 3068/2350/1 3069/2351/1 3065/2346/1 3064/2343/1
f 3072/2343/484 3073/2346/484 3075/2345/484 3074/2344/484
f 3074/2344/12 3075/2345/12 3079/2348/12 3078/2347/12
f 3078/2349/485 3079/2352/485 3077/2351/485 3076/2350/485
f 3076/2350/1 3077/2351/1 3073/2346/1 3072/2343/1
f 3081/2353/11 3085/2354/11 3080/2355/11 3086/2356/11
f 3081/2353/1 3086/2356/1 3083/2357/1 3082/2358/1
f 3083/2357/3 3087/2359/3 3084/2360/3 3082/2358/3
f 3089/2353/3 3094/2356/3 3088/2355/3 3093/2354/3
f 3089/2353/1 3090/2358/1 3091/2357/1 3094/2356/1
f 3091/2357/11 3090/2358/11 3092/2360/11 3095/2359/11
f 3097/1740/11 3099/1741/11 3098/1742/11 3096/1743/11
f 3096/1744/12 3100/1745/12 3101/1746/12 3097/1747/12
f 3100/1748/3 3102/1749/3 3103/1750/3 3101/1751/3
f 3098/1742/32 3105/1752/32 3104/1753/32 3096/1743/32
f 3100/1748/31 3106/1754/31 3107/1755/31 3102/1749/31
f 3100/1745/12 3096/1744/12 3104/1756/12 3106/1757/12
f 3105/1758/3 3109/1759/3 3108/1760/3 3104/1761/3
f 3106/1762/11 3110/1763/11 3111/1764/11 3107/1765/11
f 3106/1757/12 3104/1756/12 3108/1766/12 3110/1767/12
f 3101/1751/32 3103/1750/32 3111/1764/32 3110/1763/32
f 3099/1741/31 3097/1740/31 3108/1760/31 3109/1759/31
f 3101/1746/12 3110/1767/12 3108/1766/12 3097/1747/12
f 3112/1768/11 3113/1769/11 3119/1770/11 3118/1771/11
f 3118/1772/12 3119/1773/12 3117/1774/12 3116/1775/12
f 3133/1776/31 3131/1777/31 3125/1778/31 3129/1779/31
f 3115/1780/31 3112/1781/31 3118/1782/31 3121/1783/31
f 3120/1784/3 3127/1785/3 3128/1786/3 3123/1787/3
f 3113/1788/12 3112/1789/12 3115/1790/12 3114/1791/12
f 3114/1792/3 3115/1780/3 3121/1783/3 3122/1793/3
f 3120/1794/12 3123/1795/12 3122/1796/12 3121/1797/12
f 3127/1798/12 3129/1799/12 3126/1800/12 3128/1801/12
f 3125/1802/11 3124/1803/11 3126/1804/11 3129/1805/11
f 3131/1777/3 3133/1776/3 3132/1806/3 3130/1807/3
f 3126/1804/32 3124/1803/32 3130/1807/32 3132/1806/32
f 3133/1808/12 3129/1799/12 3127/1798/12 3134/1809/12
f 3126/1800/12 3132/1810/12 3135/1811/12 3128/1801/12
f 3132/1810/12 3133/1808/12 3134/1809/12 3135/1811/12
f 3119/1770/32 3113/1769/32 3114/1792/32 3122/1793/32
f 3120/1794/12 3121/1797/12 3118/1772/12 3116/1775/12
f 3117/1774/12 3119/1773/12 3122/1796/12 3123/1795/12
f 3124/1812/12 3125/1813/12 3131/1814/12 3130/1815/12
f 3136/1670/3 3138/1671/3 3139/1672/3 3137/1673/3
f 3138/1674/1 3142/1675/1 3143/1676/1 3139/1677/1
f 3142/1675/11 3140/1678/11 3141/1679/11 3143/1676/11
f 3140/1678/12 3136/1670/12 3137/1673/12 3141/1679/12
f 3144/1670/3 3146/1671/3 3147/1672/3 3145/1673/3
f 3146/1674/1 3150/1675/1 3151/1676/1 3147/1677/1
f 3150/1675/11 3148/1678/11 3149/1679/11 3151/1676/11
f 3148/1678/12 3144/1670/12 3145/1673/12 3149/1679/12
f 3152/1670/3 3154/1671/3 3155/1672/3 3153/1673/3
f 3154/1674/1 3158/1675/1 3159/1676/1 3155/1677/1
f 3158/1675/11 3156/1678/11 3157/1679/11 3159/1676/11
f 3156/1678/12 3152/1670/12 3153/1673/12 3157/1679/12
f 3160/1670/3 3162/1671/3 3163/1672/3 3161/1673/3
f 3162/1674/1 3166/1675/1 3167/1676/1 3163/1677/1
f 3166/1675/11 3164/1678/11 3165/1679/11 3167/1676/11
f 3164/1678/12 3160/1670/12 3161/1673/12 3165/1679/12
f 3168/1670/3 3170/1671/3 3171/1672/3 3169/1673/3
f 3170/1674/1 3174/1675/1 3175/1676/1 3171/1677/1
f 3174/1675/11 3172/1678/11 3173/1679/11 3175/1676/11
f 3172/1678/12 3168/1670/12 3169/1673/12 3173/1679/12
f 3176/1670/3 3177/1673/3 3179/1672/3 3178/1671/3
f 3178/1674/12 3179/1677/12 3183/1676/12 3182/1675/12
f 3182/1675/11 3183/1676/11 3181/1679/11 3180/1678/11
f 3180/1678/1 3181/1679/1 3177/1673/1 3176/1670/1
f 3184/1670/3 3185/1673/3 3187/1672/3 3186/1671/3
f 3186/1674/12 3187/1677/12 3191/1676/12 3190/1675/12
f 3190/1675/11 3191/1676/11 3189/1679/11 3188/1678/11
f 3188/1678/1 3189/1679/1 3185/1673/1 3184/1670/1
f 3192/1670/3 3193/1673/3 3195/1672/3 3194/1671/3
f 3194/1674/12 3195/1677/12 3199/1676/12 3198/1675/12
f 3198/1675/11 3199/1676/11 3197/1679/11 3196/1678/11
f 3196/1678/1 3197/1679/1 3193/1673/1 3192/1670/1
f 3200/1670/3 3201/1673/3 3203/1672/3 3202/1671/3
f 3202/1674/12 3203/1677/12 3207/1676/12 3206/1675/12
f 3206/1675/11 3207/1676/11 3205/1679/11 3204/1678/11
f 3204/1678/1 3205/1679/1 3201/1673/1 3200/1670/1
f 3208/1670/3 3209/1673/3 3211/1672/3 3210/1671/3
f 3210/1674/12 3211/1677/12 3215/1676/12 3214/1675/12
f 3214/1675/11 3215/1676/11 3213/1679/11 3212/1678/11
f 3212/1678/1 3213/1679/1 3209/1673/1 3208/1670/1
f 3219/2065/487 3217/2068/487 3218/2067/487 3216/2066/487
f 3226/2069/488 3218/2067/488 3217/2068/488 3221/2070/488
f 3224/2071/489 3225/2072/489 3226/2069/489 3221/2070/489
f 3222/2073/490 3225/2072/490 3224/2071/490 3227/2074/490
f 3216/2075/12 3218/2078/12 3226/2077/12 3223/2076/12
f 3227/2079/1 3224/2082/1 3221/2081/1 3220/2080/1
f 3220/2080/1 3221/2081/1 3217/2084/1 3219/2083/1
f 3225/2085/12 3222/2086/12 3223/2076/12 3226/2077/12
f 3231/2065/487 3229/2068/487 3230/2067/487 3228/2066/487
f 3238/2069/488 3230/2067/488 3229/2068/488 3233/2070/488
f 3236/2071/489 3237/2072/489 3238/2069/489 3233/2070/489
f 3234/2073/490 3237/2072/490 3236/2071/490 3239/2074/490
f 3228/2075/12 3230/2078/12 3238/2077/12 3235/2076/12
f 3239/2079/1 3236/2082/1 3233/2081/1 3232/2080/1
f 3232/2080/1 3233/2081/1 3229/2084/1 3231/2083/1
f 3237/2085/12 3234/2086/12 3235/2076/12 3238/2077/12
f 3243/2065/487 3241/2068/487 3242/2067/487 3240/2066/487
f 3250/2069/488 3242/2067/488 3241/2068/488 3245/2070/488
f 3248/2071/489 3249/2072/489 3250/2069/489 3245/2070/489
f 3246/2073/490 3249/2072/490 3248/2071/490 3251/2074/490
f 3240/2075/12 3242/2078/12 3250/2077/12 3247/2076/12
f 3251/2079/1 3248/2082/1 3245/2081/1 3244/2080/1
f 3244/2080/1 3245/2081/1 3241/2084/1 3243/2083/1
f 3249/2085/12 3246/2086/12 3247/2076/12 3250/2077/12
f 3255/2065/487 3253/2068/487 3254/2067/487 3252/2066/487
f 3262/2069/488 3254/2067/488 3253/2068/488 3257/2070/488
f 3260/2071/489 3261/2072/489 3262/2069/489 3257/2070/489
f 3258/2073/490 3261/2072/490 3260/2071/490 3263/2074/490
f 3252/2075/12 3254/2078/12 3262/2077/12 3259/2076/12
f 3263/2079/1 3260/2082/1 3257/2081/1 3256/2080/1
f 3256/2080/1 3257/2081/1 3253/2084/1 3255/2083/1
f 3261/2085/12 3258/2086/12 3259/2076/12 3262/2077/12
f 3267/2065/487 3265/2068/487 3266/2067/487 3264/2066/487
f 3274/2069/488 3266/2067/488 3265/2068/488 3269/2070/488
f 3272/2071/489 3273/2072/489 3274/2069/489 3269/2070/489
f 3270/2073/490 3273/2072/490 3272/2071/490 3275/2074/490
f 3264/2075/12 3266/2078/12 3274/2077/12 3271/2076/12
f 3275/2079/1 3272/2082/1 3269/2081/1 3268/2080/1
f 3268/2080/1 3269/2081/1 3265/2084/1 3267/2083/1
f 3273/2085/12 3270/2086/12 3271/2076/12 3274/2077/12
f 3279/2065/487 3277/2068/487 3278/2067/487 3276/2066/487
f 3286/2069/488 3278/2067/488 3277/2068/488 3281/2070/488
f 3284/2071/489 3285/2072/489 3286/2069/489 3281/2070/489
f 3282/2073/490 3285/2072/490 3284/2071/490 3287/2074/490
f 3276/2075/12 3278/2078/12 3286/2077/12 3283/2076/12
f 3287/2079/1 3284/2082/1 3281/2081/1 3280/2080/1
f 3280/2080/1 3281/2081/1 3277/2084/1 3279/2083/1
f 3285/2085/12 3282/2086/12 3283/2076/12 3286/2077/12
f 3288/1576/1 3290/1577/1 3291/1578/1 3289/1579/1
f 3290/1580/11 3294/1581/11 3295/1582/11 3291/1583/11
f 3294/1581/12 3292/1584/12 3293/1585/12 3295/1582/12
f 3292/1584/3 3288/1576/3 3289/1579/3 3293/1585/3
f 3296/1576/12 3297/1579/12 3299/1578/12 3298/1577/12
f 3298/1580/11 3299/1583/11 3303/1582/11 3302/1581/11
f 3302/1581/1 3303/1582/1 3301/1585/1 3300/1584/1
f 3300/1584/3 3301/1585/3 3297/1579/3 3296/1576/3
f 3304/1576/1 3305/1579/1 3307/1578/1 3306/1577/1
f 3306/1580/3 3307/1583/3 3311/1582/3 3310/1581/3
f 3310/1581/12 3311/1582/12 3309/1585/12 3308/1584/12
f 3308/1584/11 3309/1585/11 3305/1579/11 3304/1576/11
f 3312/1576/12 3314/1577/12 3315/1578/12 3313/1579/12
f 3314/1580/3 3318/1581/3 3319/1582/3 3315/1583/3
f 3318/1581/1 3316/1584/1 3317/1585/1 3319/1582/1
f 3316/1584/11 3312/1576/11 3313/1579/11 3317/1585/11
f 3327/2361/491 3320/2362/492 3321/2363/492 3333/2364/491
f 3335/2365/214 3326/2366/214 3323/2367/214 3321/2368/214
f 3333/2369/493 3321/2368/214 3323/2367/214 3332/2370/493
f 3320/2362/492 3330/2371/494 3335/2365/494 3321/2363/492
f 3330/2372/471 3320/2373/1 3328/2374/1 3324/2375/471
f 3328/2376/495 3329/2377/496 3322/2378/496 3332/2379/495
f 3325/2380/497 3324/2381/498 3323/2382/499 3326/2383/497
f 3331/2384/500 3325/2380/497 3326/2383/497 3334/2385/500
f 3330/2371/494 3331/2384/500 3334/2385/500 3335/2365/494
f 3320/2373/1 3327/2386/1 3329/2387/1 3328/2374/1
f 3322/2388/12 3333/2369/493 3332/2370/493
f 3334/2385/501 3326/2366/214 3335/2365/214
f 3324/2381/498 3328/2376/495 3332/2379/495 3323/2382/499
f 3329/2389/496 3327/2361/491 3333/2364/491 3322/2390/496
f 3330/2372/471 3324/2375/471 3325/2380/2 3331/2384/2
f 3343/2361/502 3336/2362/492 3337/2363/492 3349/2364/502
f 3351/2365/214 3342/2366/214 3339/2367/214 3337/2368/214
f 3349/2369/493 3337/2368/214 3339/2367/214 3348/2370/493
f 3336/2362/492 3346/2371/494 3351/2365/494 3337/2363/492
f 3346/2372/471 3336/2373/1 3344/2374/1 3340/2375/471
f 3344/2376/495 3345/2377/503 3338/2378/503 3348/2379/495
f 3341/2380/504 3340/2381/498 3339/2382/498 3342/2383/497
f 3347/2384/500 3341/2380/504 3342/2383/497 3350/2385/500
f 3346/2371/494 3347/2384/500 3350/2385/500 3351/2365/494
f 3336/2373/1 3343/2386/1 3345/2387/1 3344/2374/1
f 3338/2388/12 3349/2369/493 3348/2370/493
f 3350/2385/501 3342/2366/214 3351/2365/214
f 3340/2381/498 3344/2376/495 3348/2379/495 3339/2382/498
f 3345/2389/503 3343/2361/502 3349/2364/502 3338/2390/503
f 3346/2372/471 3340/2375/471 3341/2380/2 3347/2384/2
usemtl Material
f 1/21/505 52/154/505 54/38/505 7/42/505 9/173/505 67/185/505 79/199/505 78/202/505 65/168/505 61/45/505 2/22/505
