# Blender 5.1.1
# www.blender.org
mtllib painted_wooden_cabinet_4k.mtl
o painted_wooden_cabinet
v -0.526471 0.152683 0.240592
v -0.565486 0.009875 0.239632
v -0.568253 0.024269 0.240592
v -0.568253 0.109598 0.240592
v -0.558240 0.152683 0.240592
v -0.568254 0.152683 0.220440
v -0.568254 0.152683 0.207329
v -0.568254 0.147016 0.228445
v -0.568253 0.116109 0.240592
v -0.555466 0.146277 0.240592
v -0.562857 0.147227 0.236605
v -0.557619 0.002692 0.240592
v -0.549046 0.000115 0.240592
v -0.536411 -0.000361 0.240592
v -0.568254 0.010164 0.233710
v -0.568254 0.003604 0.228216
v -0.568254 -0.000037 0.220716
v -0.568254 0.003280 0.118704
v -0.561766 -0.000177 0.232040
v -0.564768 0.002749 0.235608
v -0.568254 0.056279 0.071451
v -0.568254 0.062946 0.061743
v -0.568254 0.067889 0.051345
v -0.568254 0.071027 0.036207
v -0.568254 0.071796 0.021728
v -0.568254 0.003280 -0.185943
v -0.568254 0.056279 -0.138690
v -0.568254 0.062946 -0.128982
v -0.568254 0.067889 -0.118584
v -0.568254 0.071027 -0.103446
v -0.568254 0.071796 -0.088967
v -0.568254 0.031312 0.095538
v -0.568254 0.030581 -0.163460
v -0.568254 0.000143 -0.194581
v -0.568254 0.000164 -0.274610
v -0.566869 1.141155 -0.274543
v -0.594705 1.141903 -0.281799
v -0.594705 1.171795 -0.282392
v -0.594705 1.177474 -0.280300
v -0.594705 1.178970 -0.261608
v -0.594705 1.177178 0.243689
v -0.594705 1.169878 0.257133
v -0.594705 1.156917 0.260776
v -0.594705 1.144055 0.261300
v -0.594705 1.141903 0.233318
v -0.592433 1.141903 0.259826
v -0.584133 1.141903 0.263642
v -0.560609 1.141903 0.263562
v -0.591940 1.143694 0.262955
v -0.591363 1.157448 0.263137
v -0.588202 1.167555 0.263159
v -0.577014 1.175153 0.263477
v -0.553991 1.178629 0.263299
v -0.554990 1.180945 0.261353
v -0.577762 1.179588 0.260603
v -0.586569 1.179130 0.256926
v -0.591880 1.179956 0.243372
v -0.553918 1.181499 0.257761
v -0.576352 1.181499 0.256313
v -0.582745 1.181499 0.250367
v -0.587999 1.181499 0.242400
v -0.591602 1.168632 0.261264
v -0.590380 1.174820 0.258974
v -0.594534 1.180347 -0.262126
v -0.590489 1.181499 -0.279236
v -0.593374 1.180319 -0.279734
v -0.592624 1.178329 -0.281958
v -0.576196 1.181499 -0.282158
v 0.598432 1.176637 0.243020
v 0.599260 1.169839 0.257173
v 0.599449 1.157358 0.261503
v 0.598539 1.144931 0.259752
v 0.599040 1.141903 0.232895
v 0.594744 1.141903 0.257196
v 0.577088 1.141903 0.262625
v 0.563443 1.141903 0.263497
v 0.596249 1.144454 0.262587
v 0.596319 1.157254 0.264085
v 0.593009 1.167428 0.263462
v 0.580979 1.175481 0.263420
v 0.557955 1.178449 0.262926
v 0.558384 1.180136 0.261322
v 0.581520 1.179183 0.260634
v 0.591409 1.179220 0.256966
v 0.596665 1.178846 0.243063
v 0.558238 1.181499 0.259238
v 0.580946 1.181499 0.256291
v 0.588341 1.181499 0.252570
v 0.594216 1.181499 0.241795
v 0.595930 1.168601 0.261877
v 0.595301 1.174375 0.259533
v 0.599116 1.171395 -0.281695
v 0.599275 1.177474 -0.280300
v 0.599970 1.177985 -0.257995
v 0.598202 1.180194 -0.257951
v 0.595194 1.181499 -0.280342
v 0.597746 1.180319 -0.279734
v 0.596840 1.178972 -0.281813
v 0.578556 1.181499 -0.282326
v 0.599294 1.141903 -0.281991
v 0.595754 1.181499 -0.259219
v -0.566869 0.152683 0.207329
v -0.566869 0.880491 0.207329
v -0.566869 0.880491 0.232168
v -0.566869 1.141368 0.232168
v -0.534510 1.141368 0.232168
v -0.534510 0.913021 0.232168
v -0.534510 0.913021 -0.240476
v -0.534510 1.141204 -0.240476
v -0.018072 0.913021 0.232168
v -0.018072 1.141388 0.232168
v -0.018072 1.141388 -0.240476
v -0.018072 0.913021 -0.240476
v 0.563752 0.880491 0.232168
v 0.563752 1.141410 0.232168
v 0.532665 1.141410 0.232168
v 0.532665 0.913021 0.232168
v 0.014850 1.141410 0.232168
v 0.014850 0.913021 0.232168
v 0.563752 0.880491 0.207933
v 0.563751 0.152683 0.207933
v -0.568254 0.152683 -0.274543
v -0.566869 0.152683 -0.274543
v -0.534113 0.880491 0.207329
v -0.534113 0.880491 -0.240476
v -0.534113 0.168729 0.207329
v -0.534113 0.168729 -0.240476
v -0.012869 0.880491 -0.240476
v -0.012869 0.168729 -0.240476
v -0.012869 0.880491 0.208491
v -0.012869 0.168729 0.208491
v 0.010505 0.880491 0.208491
v 0.010505 0.168729 0.208491
v 0.532665 0.880491 -0.240476
v 0.532665 0.880491 0.207933
v 0.532665 0.168729 0.207933
v -0.390741 0.000096 0.240592
v -0.374181 0.003376 0.240592
v -0.309249 0.039797 0.240592
v -0.279338 0.053066 0.240592
v -0.251493 0.062582 0.240592
v -0.226657 0.067769 0.240592
v -0.198825 0.070476 0.240592
v 0.001782 0.071830 0.240592
v 0.537476 0.152683 0.240592
v 0.562063 0.009875 0.240592
v 0.566202 0.024269 0.240592
v 0.566202 0.108103 0.240592
v 0.558874 0.151598 0.237010
v 0.566202 0.151598 0.226368
v 0.566202 0.147225 0.234493
v 0.565484 0.134538 0.240592
v 0.555471 0.148085 0.240592
v 0.563820 0.147935 0.237727
v 0.554979 0.002692 0.240592
v 0.541232 0.000115 0.240592
v 0.566202 0.010164 0.235692
v 0.566202 0.003604 0.229772
v 0.566202 -0.000037 0.220716
v 0.559864 -0.000177 0.232040
v 0.562866 0.002749 0.235608
v 0.394368 -0.000371 0.240592
v 0.374691 0.003272 0.240592
v 0.347400 0.017300 0.240592
v 0.291692 0.047577 0.240592
v 0.262674 0.059448 0.240592
v 0.234181 0.066757 0.240592
v 0.203088 0.070282 0.240592
v 0.566202 -0.000027 0.127850
v 0.566202 0.003244 0.118582
v 0.566202 0.041857 0.086605
v 0.566202 0.057564 0.070014
v 0.566202 0.066618 0.055142
v 0.566202 0.070553 0.039321
v 0.566202 0.072037 0.003286
v 0.566202 0.071808 -0.095752
v 0.566202 0.068135 -0.118052
v 0.566202 0.060834 -0.132814
v 0.566202 0.049385 -0.146579
v 0.566202 0.024701 -0.168297
v 0.566202 0.004814 -0.184082
v 0.566202 0.000168 -0.193104
v 0.566202 0.000092 -0.273667
v 0.566202 0.152683 -0.272469
v 0.564336 0.152683 -0.272469
v 0.566202 0.152683 0.221905
v 0.564336 1.141798 -0.272469
v -0.538393 0.000111 0.204040
v -0.526122 -0.000352 0.204157
v -0.390741 0.000096 0.204379
v -0.374181 0.003376 0.203886
v -0.309249 0.039797 0.205040
v -0.279338 0.053066 0.204547
v -0.251493 0.062582 0.204516
v -0.226657 0.067769 0.204630
v -0.198825 0.070476 0.204648
v 0.001782 0.071830 0.204844
v 0.535806 0.000111 0.204040
v 0.394368 -0.000371 0.203770
v 0.374691 0.003272 0.204927
v 0.347400 0.017300 0.204966
v 0.291692 0.047577 0.205057
v 0.262674 0.059448 0.204998
v 0.234181 0.066757 0.204844
v 0.203088 0.070282 0.204700
v -0.539292 0.000162 -0.230741
v 0.535806 0.000093 -0.229846
v -0.540244 0.003280 0.118704
v -0.540618 0.056279 0.071451
v -0.540546 0.062946 0.061743
v -0.540577 0.067889 0.051345
v -0.540589 0.071027 0.036207
v -0.540550 0.071796 0.021728
v -0.540244 0.003280 -0.185943
v -0.540618 0.056279 -0.138690
v -0.540546 0.062946 -0.128982
v -0.540577 0.067889 -0.118584
v -0.540589 0.071027 -0.103446
v -0.540550 0.071796 -0.088967
v -0.540619 0.031312 0.095538
v -0.540733 0.030581 -0.163460
v -0.540522 0.000143 -0.194581
v 0.535806 -0.000027 0.127850
v 0.535806 0.003244 0.118582
v 0.535806 0.041857 0.086605
v 0.535806 0.057564 0.070014
v 0.535806 0.066618 0.055142
v 0.535806 0.070553 0.039321
v 0.535806 0.072037 0.003286
v 0.535806 0.071808 -0.095752
v 0.535806 0.068135 -0.118052
v 0.535806 0.060834 -0.132814
v 0.535806 0.049385 -0.146579
v 0.535806 0.024701 -0.168297
v 0.535806 0.004814 -0.184082
v 0.535806 0.000168 -0.193104
v -0.538393 0.119625 0.204040
v -0.526122 0.119625 0.204156
v -0.390741 0.119625 0.204379
v -0.374181 0.119625 0.203886
v -0.309249 0.119625 0.205040
v -0.279338 0.119625 0.204547
v -0.251493 0.119625 0.204516
v -0.226657 0.119625 0.204630
v -0.198825 0.119625 0.204648
v 0.001782 0.119625 0.204844
v 0.535806 0.119625 0.204040
v 0.394368 0.119625 0.203770
v 0.374691 0.119625 0.204927
v 0.347400 0.119625 0.204966
v 0.291692 0.119625 0.205057
v 0.262674 0.119625 0.204998
v 0.234181 0.119625 0.204844
v 0.203088 0.119625 0.204700
v -0.539292 0.119625 -0.230741
v 0.535806 0.119625 -0.229846
v -0.540244 0.119625 0.118704
v -0.540618 0.119625 0.071451
v -0.540546 0.119625 0.061743
v -0.540577 0.119625 0.051345
v -0.540589 0.119625 0.036207
v -0.540550 0.119625 0.021728
v -0.540244 0.119625 -0.185943
v -0.540618 0.119625 -0.138690
v -0.540546 0.119625 -0.128982
v -0.540577 0.119625 -0.118584
v -0.540589 0.119625 -0.103446
v -0.540550 0.119625 -0.088967
v -0.540619 0.119625 0.095538
v -0.540733 0.119625 -0.163460
v -0.540522 0.119625 -0.194581
v 0.535806 0.119625 0.127850
v 0.535806 0.119625 0.118582
v 0.535806 0.119625 0.086605
v 0.535806 0.119625 0.070014
v 0.535806 0.119625 0.055142
v 0.535806 0.119625 0.039321
v 0.535806 0.119625 0.003286
v 0.535806 0.119625 -0.095752
v 0.535806 0.119625 -0.118052
v 0.535806 0.119625 -0.132814
v 0.535806 0.119625 -0.146579
v 0.535806 0.119625 -0.168297
v 0.535806 0.119625 -0.184082
v 0.535806 0.119625 -0.193104
v -0.546114 0.150888 0.240592
v 0.010505 0.168729 -0.240476
v 0.531287 0.913021 -0.240476
v 0.531287 1.141204 -0.240476
v 0.010505 0.880491 -0.240476
v 0.014850 1.141388 -0.240476
v 0.014850 0.913021 -0.240476
v 0.531750 0.880491 -0.240476
v 0.531750 0.168729 -0.240476
v 0.567788 0.731701 0.216733
v 0.569802 0.731701 0.216333
v 0.571509 0.731701 0.215192
v 0.572650 0.731701 0.213485
v 0.573050 0.731701 0.211471
v 0.572650 0.731701 0.209457
v 0.571509 0.731701 0.207750
v 0.569802 0.731701 0.206610
v 0.567788 0.731701 0.206209
v 0.565774 0.731701 0.206610
v 0.564067 0.731701 0.207750
v 0.562926 0.731701 0.209457
v 0.562526 0.731701 0.211471
v 0.562926 0.731701 0.213485
v 0.564067 0.731701 0.215192
v 0.565774 0.731701 0.216333
v 0.567788 0.693489 0.216733
v 0.569802 0.693489 0.216333
v 0.571509 0.693489 0.215192
v 0.572650 0.693489 0.213485
v 0.573050 0.693489 0.211471
v 0.572650 0.693489 0.209457
v 0.571509 0.693489 0.207750
v 0.569802 0.693489 0.206610
v 0.567788 0.693489 0.206209
v 0.565774 0.693489 0.206610
v 0.564067 0.693489 0.207750
v 0.562926 0.693489 0.209457
v 0.562526 0.693489 0.211471
v 0.562926 0.693489 0.213485
v 0.564067 0.693489 0.215192
v 0.565774 0.693489 0.216333
v 0.567788 0.690461 0.214139
v 0.568809 0.690461 0.213936
v 0.569674 0.690461 0.213357
v 0.570252 0.690461 0.212492
v 0.570456 0.690461 0.211471
v 0.570252 0.690461 0.210450
v 0.569674 0.690461 0.209585
v 0.568809 0.690461 0.209007
v 0.567788 0.690461 0.208804
v 0.566767 0.690461 0.209007
v 0.565902 0.690461 0.209585
v 0.565324 0.690461 0.210450
v 0.565121 0.690461 0.211471
v 0.565324 0.690461 0.212492
v 0.565902 0.690461 0.213357
v 0.566767 0.690461 0.213936
v 0.567788 0.734983 0.213897
v 0.568716 0.734983 0.213712
v 0.569503 0.734983 0.213186
v 0.570029 0.734983 0.212399
v 0.570214 0.734983 0.211471
v 0.570029 0.734983 0.210543
v 0.569503 0.734983 0.209756
v 0.568716 0.734983 0.209230
v 0.567788 0.734983 0.209045
v 0.566860 0.734983 0.209230
v 0.566073 0.734983 0.209756
v 0.565547 0.734983 0.210543
v 0.565362 0.734983 0.211471
v 0.565547 0.734983 0.212399
v 0.566073 0.734983 0.213186
v 0.566860 0.734983 0.213712
v 0.567788 0.373089 0.216733
v 0.569802 0.373089 0.216333
v 0.571509 0.373089 0.215192
v 0.572650 0.373089 0.213485
v 0.573050 0.373089 0.211471
v 0.572650 0.373089 0.209457
v 0.571509 0.373089 0.207750
v 0.569802 0.373089 0.206610
v 0.567788 0.373089 0.206209
v 0.565774 0.373089 0.206610
v 0.564067 0.373089 0.207750
v 0.562926 0.373089 0.209457
v 0.562526 0.373089 0.211471
v 0.562926 0.373089 0.213485
v 0.564067 0.373089 0.215192
v 0.565774 0.373089 0.216333
v 0.567788 0.334877 0.216733
v 0.569802 0.334877 0.216333
v 0.571509 0.334877 0.215192
v 0.572650 0.334877 0.213485
v 0.573050 0.334877 0.211471
v 0.572650 0.334877 0.209457
v 0.571509 0.334877 0.207750
v 0.569802 0.334877 0.206610
v 0.567788 0.334877 0.206209
v 0.565774 0.334877 0.206610
v 0.564067 0.334877 0.207750
v 0.562926 0.334877 0.209457
v 0.562526 0.334877 0.211471
v 0.562926 0.334877 0.213485
v 0.564067 0.334877 0.215192
v 0.565774 0.334877 0.216333
v 0.567788 0.331849 0.214139
v 0.568809 0.331849 0.213936
v 0.569674 0.331849 0.213357
v 0.570252 0.331849 0.212492
v 0.570456 0.331849 0.211471
v 0.570252 0.331849 0.210450
v 0.569674 0.331849 0.209585
v 0.568809 0.331849 0.209007
v 0.567788 0.331849 0.208804
v 0.566767 0.331849 0.209007
v 0.565902 0.331849 0.209585
v 0.565324 0.331849 0.210450
v 0.565121 0.331849 0.211471
v 0.565324 0.331849 0.212492
v 0.565902 0.331849 0.213357
v 0.566767 0.331849 0.213936
v 0.567788 0.376371 0.213897
v 0.568716 0.376371 0.213712
v 0.569503 0.376371 0.213186
v 0.570029 0.376371 0.212399
v 0.570214 0.376371 0.211471
v 0.570029 0.376371 0.210543
v 0.569503 0.376371 0.209756
v 0.568716 0.376371 0.209230
v 0.567788 0.376371 0.209045
v 0.566860 0.376371 0.209230
v 0.566073 0.376371 0.209756
v 0.565547 0.376371 0.210543
v 0.565362 0.376371 0.211471
v 0.565547 0.376371 0.212399
v 0.566073 0.376371 0.213186
v 0.566860 0.376371 0.213712
v -0.568228 0.370060 0.216733
v -0.570242 0.370060 0.216333
v -0.571949 0.370060 0.215192
v -0.573090 0.370060 0.213485
v -0.573491 0.370060 0.211471
v -0.573090 0.370060 0.209457
v -0.571949 0.370060 0.207750
v -0.570242 0.370060 0.206610
v -0.568228 0.370060 0.206209
v -0.566215 0.370060 0.206610
v -0.564507 0.370060 0.207750
v -0.563367 0.370060 0.209457
v -0.562966 0.370060 0.211471
v -0.563367 0.370060 0.213485
v -0.564507 0.370060 0.215192
v -0.566215 0.370060 0.216333
v -0.568228 0.331848 0.216733
v -0.570242 0.331848 0.216333
v -0.571949 0.331848 0.215192
v -0.573090 0.331848 0.213485
v -0.573491 0.331848 0.211471
v -0.573090 0.331848 0.209457
v -0.571949 0.331848 0.207750
v -0.570242 0.331848 0.206610
v -0.568228 0.331848 0.206209
v -0.566215 0.331848 0.206610
v -0.564507 0.331848 0.207750
v -0.563367 0.331848 0.209457
v -0.562966 0.331848 0.211471
v -0.563367 0.331848 0.213485
v -0.564507 0.331848 0.215192
v -0.566215 0.331848 0.216333
v -0.568228 0.328820 0.214139
v -0.569249 0.328820 0.213936
v -0.570115 0.328820 0.213357
v -0.570693 0.328820 0.212492
v -0.570896 0.328820 0.211471
v -0.570693 0.328820 0.210450
v -0.570115 0.328820 0.209585
v -0.569249 0.328820 0.209007
v -0.568228 0.328820 0.208804
v -0.567208 0.328820 0.209007
v -0.566342 0.328820 0.209585
v -0.565764 0.328820 0.210450
v -0.565561 0.328820 0.211471
v -0.565764 0.328820 0.212492
v -0.566342 0.328820 0.213357
v -0.567208 0.328820 0.213936
v -0.568228 0.373342 0.213897
v -0.569157 0.373342 0.213712
v -0.569944 0.373342 0.213186
v -0.570469 0.373342 0.212399
v -0.570654 0.373342 0.211471
v -0.570469 0.373342 0.210543
v -0.569944 0.373342 0.209756
v -0.569157 0.373342 0.209230
v -0.568228 0.373342 0.209045
v -0.567300 0.373342 0.209230
v -0.566513 0.373342 0.209756
v -0.565987 0.373342 0.210543
v -0.565803 0.373342 0.211471
v -0.565987 0.373342 0.212399
v -0.566513 0.373342 0.213186
v -0.567300 0.373342 0.213712
v -0.568228 0.732785 0.216733
v -0.570242 0.732785 0.216333
v -0.571949 0.732785 0.215192
v -0.573090 0.732785 0.213485
v -0.573491 0.732785 0.211471
v -0.573090 0.732785 0.209457
v -0.571949 0.732785 0.207750
v -0.570242 0.732785 0.206610
v -0.568228 0.732785 0.206209
v -0.566215 0.732785 0.206610
v -0.564507 0.732785 0.207750
v -0.563367 0.732785 0.209457
v -0.562966 0.732785 0.211471
v -0.563367 0.732785 0.213485
v -0.564507 0.732785 0.215192
v -0.566215 0.732785 0.216333
v -0.568228 0.694574 0.216733
v -0.570242 0.694574 0.216333
v -0.571949 0.694574 0.215192
v -0.573090 0.694574 0.213485
v -0.573491 0.694574 0.211471
v -0.573090 0.694574 0.209457
v -0.571949 0.694574 0.207750
v -0.570242 0.694574 0.206610
v -0.568228 0.694574 0.206209
v -0.566215 0.694574 0.206610
v -0.564507 0.694574 0.207750
v -0.563367 0.694574 0.209457
v -0.562966 0.694574 0.211471
v -0.563367 0.694574 0.213485
v -0.564507 0.694574 0.215192
v -0.566215 0.694574 0.216333
v -0.568228 0.691546 0.214139
v -0.569249 0.691546 0.213936
v -0.570115 0.691546 0.213357
v -0.570693 0.691546 0.212492
v -0.570896 0.691546 0.211471
v -0.570693 0.691546 0.210450
v -0.570115 0.691546 0.209585
v -0.569249 0.691546 0.209007
v -0.568228 0.691546 0.208804
v -0.567208 0.691546 0.209007
v -0.566342 0.691546 0.209585
v -0.565764 0.691546 0.210450
v -0.565561 0.691546 0.211471
v -0.565764 0.691546 0.212492
v -0.566342 0.691546 0.213357
v -0.567208 0.691546 0.213936
v -0.568228 0.736067 0.213897
v -0.569157 0.736067 0.213712
v -0.569944 0.736067 0.213186
v -0.570469 0.736067 0.212399
v -0.570654 0.736067 0.211471
v -0.570469 0.736067 0.210543
v -0.569944 0.736067 0.209756
v -0.569157 0.736067 0.209230
v -0.568228 0.736067 0.209045
v -0.567300 0.736067 0.209230
v -0.566513 0.736067 0.209756
v -0.565987 0.736067 0.210543
v -0.565803 0.736067 0.211471
v -0.565987 0.736067 0.212399
v -0.566513 0.736067 0.213186
v -0.567300 0.736067 0.213712
v -0.568228 0.373342 0.211471
v -0.568228 0.328820 0.211471
v -0.568228 0.736067 0.211471
v -0.568228 0.691546 0.211471
v 0.567788 0.376371 0.211471
v 0.567788 0.331849 0.211471
v 0.567788 0.734983 0.211471
v 0.567788 0.690461 0.211471
v -0.001267 1.141477 -0.273506
v -0.001267 0.152683 -0.273506
v -0.001026 0.000128 -0.274139
v -0.001743 0.000128 -0.230293
v -0.001743 0.119625 -0.230293
v -0.001448 0.119625 -0.193841
v 0.000167 0.119625 0.005502
vn -0.2788 -0.8616 0.4242
vn -0.3447 -0.5777 0.7399
vn -0.5939 -0.6640 0.4542
vn -0.4338 -0.8238 0.3648
vn -0.0010 0.9477 0.3191
vn 0.0016 0.9459 0.3244
vn -0.0000 1.0000 0.0018
vn 0.0001 0.0567 0.9984
vn 0.0004 0.0567 0.9984
vn 0.0019 0.6626 0.7489
vn -0.0018 0.6608 0.7506
vn -0.9885 0.1502 -0.0198
vn -0.9992 0.0387 0.0001
vn -0.8157 0.5784 0.0019
vn -0.9411 0.3352 -0.0441
vn -0.1433 0.6985 -0.7011
vn -0.2877 0.6288 -0.7223
vn -0.1468 0.6994 -0.6995
vn -0.4080 0.6075 -0.6815
vn -0.6672 0.3147 -0.6751
vn -0.6647 0.2583 -0.7011
vn -0.9969 0.0783 0.0028
vn -0.8042 0.5936 0.0301
vn -0.0222 0.9998 0.0001
vn -0.2715 0.9624 0.0006
vn -0.3186 0.9479 0.0016
vn -0.1378 0.9905 0.0030
vn -0.3650 0.9309 0.0132
vn -0.9939 0.0828 0.0730
vn -0.5749 0.5417 0.6132
vn -0.4690 0.6437 0.6047
vn -0.2535 0.9407 0.2254
vn -0.0099 0.9999 0.0088
vn -0.0012 1.0000 0.0033
vn -0.1029 0.9538 0.2822
vn -0.0425 0.1062 0.9934
vn -0.1633 0.5632 0.8100
vn -0.5107 0.2884 0.8099
vn -0.1253 0.0932 0.9877
vn -0.9811 0.0333 0.1908
vn -0.2852 0.0352 0.9578
vn -0.9952 0.0027 0.0980
vn -0.2152 0.0082 0.9765
vn -0.6668 -0.7431 0.0571
vn -0.5672 -0.7969 0.2077
vn -0.6467 -0.7554 0.1060
vn -0.2348 -0.8271 0.5106
vn -0.2786 -0.8138 0.5099
vn 0.0419 0.1061 0.9935
vn 0.1512 0.6099 0.7779
vn 0.0987 0.8826 0.4597
vn 0.0016 1.0000 0.0076
vn 0.3665 0.8779 0.3082
vn 0.0028 1.0000 0.0024
vn 0.4745 0.6653 0.5764
vn 0.5556 0.5866 0.5892
vn 0.7797 0.6257 0.0227
vn 0.6241 0.7812 0.0110
vn 0.1400 0.9902 0.0025
vn 0.9989 0.0465 0.0022
vn 0.9963 0.0717 0.0478
vn 0.0234 0.0290 0.9993
vn 0.5116 0.3081 0.8021
vn 0.9871 -0.0108 0.1599
vn 0.1473 -0.0283 0.9887
vn 0.0874 -0.0587 0.9944
vn 0.9957 -0.0402 0.0837
vn 0.3866 -0.8874 0.2512
vn 0.1790 -0.9077 0.3795
vn 0.1219 -0.9099 0.3965
vn 0.5775 -0.8100 0.1021
vn 0.5668 -0.8146 0.1233
vn 0.8359 0.5482 -0.0266
vn 0.7836 0.6213 0.0027
vn 0.9990 0.0455 0.0011
vn 0.0990 0.5480 -0.8306
vn 0.1444 0.5664 -0.8114
vn 0.3056 0.4863 -0.8186
vn 0.5605 0.5618 -0.6084
vn 0.6194 0.2580 -0.7415
vn 0.5919 0.1655 -0.7888
vn 0.6215 0.7834 0.0026
vn 0.1361 0.9907 0.0006
vn 1.0000 -0.0019 0.0011
vn 1.0000 -0.0017 0.0009
vn 0.4472 0.8944 -0.0080
vn 0.1157 0.9933 -0.0021
vn 0.9993 0.0023 -0.0367
vn -0.0068 -0.0157 0.9999
vn 0.0003 0.0111 0.9999
vn -0.0087 0.0059 0.9999
vn 0.0003 0.0113 0.9999
vn -1.0000 -0.0000 -0.0000
vn -0.0000 1.0000 -0.0000
vn 0.0001 -0.0086 -1.0000
vn 0.0342 0.0071 -0.9994
vn -0.0001 -0.0087 -1.0000
vn 0.0154 -0.0052 -0.9999
vn -0.0000 -1.0000 -0.0000
vn 1.0000 -0.0000 -0.0000
vn -0.0000 -0.0000 1.0000
vn -0.0005 -0.0159 0.9999
vn -0.0000 -0.0162 0.9999
vn -0.0000 -0.0136 0.9999
vn 0.0002 0.0004 1.0000
vn -0.0004 -0.0129 0.9999
vn -0.0003 0.0007 1.0000
vn -0.3802 0.1041 0.9190
vn -0.7006 0.2531 0.6672
vn -0.6675 0.2074 0.7151
vn -0.8093 0.3175 0.4943
vn -0.5573 0.2590 0.7889
vn -0.7753 0.4730 0.4185
vn -0.6496 -0.2699 0.7108
vn -0.7198 -0.6138 0.3243
vn -0.6013 -0.7481 0.2807
vn -0.8816 -0.2595 0.3943
vn -0.6168 -0.1699 0.7686
vn 0.0018 -0.0000 -1.0000
vn 0.0018 0.0008 -1.0000
vn 0.0018 0.0006 -1.0000
vn 0.2034 -0.8874 0.4138
vn 0.3468 -0.8632 0.3669
vn 0.4887 -0.7257 0.4843
vn 0.2943 -0.7943 0.5315
vn 0.2570 0.4421 0.8594
vn 0.4942 0.2401 0.8355
vn 0.5222 0.4700 0.7116
vn 0.6802 0.5836 0.4435
vn 0.3669 0.6908 0.6230
vn 0.5661 0.7425 0.3581
vn 0.1596 0.6248 0.7643
vn 0.6623 -0.3355 0.6699
vn 0.6661 -0.6699 0.3278
vn 0.5629 -0.7804 0.2721
vn 0.7719 -0.2914 0.5650
vn 0.7522 -0.2163 0.6224
vn 0.9848 0.0267 0.1714
vn 0.9999 0.0018 0.0113
vn 0.9980 0.0097 0.0619
vn 0.0004 1.0000 0.0005
vn 0.0007 1.0000 0.0009
vn 0.0954 0.9885 0.1173
vn -0.0000 0.0078 -1.0000
vn 0.0013 0.0060 -1.0000
vn -0.0000 0.0004 -1.0000
vn 0.0019 0.0002 -1.0000
vn 0.0013 0.0023 -1.0000
vn 0.0013 0.0041 -1.0000
vn -0.1788 -0.9839 -0.0000
vn -0.0219 -0.9998 -0.0000
vn -0.0218 -0.9998 0.0002
vn -0.1787 -0.9839 -0.0000
vn 0.0178 -0.9998 -0.0000
vn 0.1483 -0.9889 -0.0000
vn -0.0005 -1.0000 -0.0000
vn 0.0238 -0.9997 0.0002
vn -0.0001 -1.0000 -0.0006
vn 0.0238 -0.9997 0.0003
vn 0.0022 -1.0000 -0.0000
vn -0.0191 -0.9998 -0.0002
vn -0.0191 -0.9998 -0.0000
vn 0.0007 -1.0000 -0.0001
vn 0.4376 -0.8992 -0.0000
vn 0.4375 -0.8992 -0.0000
vn -0.3510 -0.9364 -0.0000
vn -0.3511 -0.9364 -0.0000
vn -0.4709 -0.8822 -0.0000
vn 0.4642 -0.8857 -0.0000
vn 0.3668 -0.9303 -0.0000
vn 0.3669 -0.9303 -0.0000
vn -0.4454 -0.8953 -0.0000
vn -0.3162 -0.9487 -0.0000
vn -0.3163 -0.9487 -0.0000
vn 0.2689 -0.9632 -0.0000
vn -0.0161 -0.9999 -0.0046
vn -0.0088 -0.9996 -0.0272
vn -0.0001 -1.0000 -0.0000
vn 0.0001 -1.0000 -0.0002
vn -0.0000 -1.0000 -0.0001
vn -0.0000 -0.9534 0.3018
vn -0.0000 -0.8660 0.5000
vn -0.0000 -0.8661 0.4999
vn -0.0000 -0.9589 0.2839
vn -0.0000 -0.9995 0.0322
vn -0.0000 -1.0000 -0.0061
vn -0.0000 -1.0000 0.0061
vn -0.0000 -1.0000 0.0062
vn -0.0001 -1.0000 -0.0062
vn -0.0000 -0.9914 0.1308
vn -0.0000 -0.8357 0.5492
vn -0.0000 -0.7007 0.7135
vn -0.0058 -0.9678 -0.2515
vn -0.0000 -0.6654 -0.7465
vn -0.0058 -0.9678 -0.2516
vn -0.0000 -0.6438 0.7652
vn -0.0000 -0.6654 0.7465
vn -0.0000 -0.7152 0.6990
vn -0.0000 -0.6653 0.7466
vn -0.0000 -0.7110 0.7032
vn 0.0001 -0.9990 0.0457
vn 0.0002 -0.9990 0.0457
vn 0.0008 -0.9976 0.0696
vn 0.0005 -0.9976 0.0696
vn -0.0014 -0.9994 -0.0342
vn -0.0023 -1.0000 -0.0003
vn -0.0024 -0.9994 -0.0342
vn -0.0000 -1.0000 0.0001
vn 0.0001 -1.0000 0.0002
vn -0.0000 -0.7301 -0.6833
vn -0.0000 -0.7017 -0.7125
vn -0.0000 -0.8660 -0.5001
vn -0.0000 -0.8660 -0.5000
vn -0.0000 -0.6665 -0.7455
vn -0.0000 -0.9534 -0.3018
vn -0.0000 -0.7858 -0.6184
vn -0.0000 -0.9914 -0.1308
vn -0.0000 -0.9209 -0.3897
vn -0.0000 -0.9946 -0.1039
vn -0.0000 -0.7292 0.6843
vn 0.0003 -0.7292 0.6843
vn -0.0000 -1.0000 -0.0093
vn -0.0069 -0.9994 -0.0328
vn -0.0085 -1.0000 -0.0030
vn 0.0098 -1.0000 -0.0021
vn 1.0000 -0.0000 -0.0054
vn 1.0000 -0.0000 0.0099
vn 1.0000 -0.0000 -0.0053
vn -0.0099 -0.0000 -1.0000
vn 0.0090 -0.0000 -1.0000
vn -0.0097 -0.0000 -1.0000
vn 1.0000 -0.0000 -0.0023
vn 1.0000 -0.0000 -0.0022
vn 0.0013 -0.0000 -1.0000
vn 0.9998 -0.0000 -0.0217
vn 0.9998 -0.0000 -0.0206
vn 0.9998 -0.0000 -0.0207
vn 1.0000 -0.0000 0.0021
vn 1.0000 -0.0000 0.0019
vn 0.0025 -0.0000 -1.0000
vn 0.0026 -0.0000 -1.0000
vn 0.9998 -0.0000 0.0214
vn 0.9994 -0.0000 0.0340
vn 0.9998 -0.0000 0.0213
vn 1.0000 -0.0000 -0.0008
vn 1.0000 -0.0000 -0.0009
vn 0.0008 -0.0000 -1.0000
vn 1.0000 -0.0000 -0.0003
vn 0.0001 -0.0000 -1.0000
vn -0.0008 -0.0000 1.0000
vn 1.0000 -0.0000 -0.0091
vn 1.0000 -0.0000 -0.0092
vn 0.0019 -0.0000 -1.0000
vn -0.0054 -0.0000 -1.0000
vn 1.0000 -0.0000 0.0052
vn -0.0266 -0.0000 -0.9996
vn -0.0265 -0.0000 -0.9996
vn -0.0015 -0.0000 -1.0000
vn -0.0003 -0.0000 -1.0000
vn -0.0005 -0.0000 -1.0000
vn 1.0000 -0.0000 0.0017
vn 1.0000 -0.0000 0.0018
vn 1.0000 -0.0000 0.0003
vn 0.0034 -0.0000 -1.0000
vn 1.0000 -0.0000 0.0023
vn 1.0000 -0.0000 0.0022
vn 0.0023 -0.0000 -1.0000
vn 0.0095 -0.0000 -1.0000
vn 0.0051 -0.0000 -1.0000
vn 0.0050 -0.0000 -1.0000
vn 1.0000 -0.0000 -0.0016
vn 1.0000 -0.0000 -0.0019
vn -0.0017 -0.0000 -1.0000
vn -0.0000 -0.0000 -1.0000
vn 1.0000 -0.0000 0.0008
vn 1.0000 -0.0000 0.0009
vn 0.0066 -0.0000 -1.0000
vn -1.0000 -0.0000 0.0029
vn -1.0000 -0.0000 0.0020
vn 1.0000 -0.0001 0.0012
vn 1.0000 -0.0000 0.0012
vn 1.0000 -0.0001 0.0011
vn 0.9987 0.0510 -0.0000
vn 0.9988 -0.0483 -0.0000
vn 0.9228 -0.0483 -0.3822
vn 0.9227 0.0510 -0.3822
vn -0.9987 0.0510 -0.0000
vn -0.9988 -0.0483 -0.0000
vn -0.9228 -0.0483 0.3822
vn -0.9227 0.0510 0.3822
vn 0.7063 -0.0483 -0.7063
vn 0.7062 0.0510 -0.7062
vn -0.7063 -0.0483 0.7063
vn -0.7062 0.0510 0.7062
vn 0.3822 -0.0483 -0.9228
vn 0.3822 0.0510 -0.9227
vn -0.3822 -0.0483 0.9228
vn -0.3822 0.0510 0.9227
vn -0.0000 -0.0483 -0.9988
vn -0.0000 0.0510 -0.9987
vn -0.0000 0.0510 0.9987
vn -0.0000 -0.0483 0.9988
vn 0.3822 -0.0483 0.9228
vn 0.3822 0.0510 0.9227
vn -0.3822 -0.0483 -0.9228
vn -0.3822 0.0510 -0.9227
vn 0.7063 -0.0483 0.7063
vn 0.7062 0.0510 0.7062
vn -0.7063 -0.0483 -0.7063
vn -0.7062 0.0510 -0.7062
vn 0.9228 -0.0483 0.3822
vn 0.9227 0.0510 0.3822
vn -0.9228 -0.0483 -0.3822
vn -0.9227 0.0510 -0.3822
vn -0.4632 -0.7556 -0.4632
vn -0.6052 -0.7556 -0.2507
vn 0.6052 -0.7556 0.2507
vn 0.6551 -0.7556 -0.0000
vn -0.6551 -0.7556 -0.0000
vn 0.6052 -0.7555 -0.2507
vn -0.6052 -0.7556 0.2507
vn 0.4632 -0.7555 -0.4632
vn -0.4632 -0.7556 0.4632
vn 0.2507 -0.7555 -0.6052
vn -0.2507 -0.7556 0.6052
vn -0.0000 -0.7556 -0.6551
vn -0.0000 -0.7556 0.6551
vn 0.2507 -0.7555 0.6052
vn -0.2507 -0.7556 -0.6052
vn 0.4632 -0.7556 0.4632
vn 0.6222 0.7392 -0.2577
vn 0.6735 0.7392 -0.0000
vn -0.6222 0.7392 0.2577
vn -0.6735 0.7392 -0.0000
vn 0.4762 0.7392 -0.4763
vn -0.4762 0.7392 0.4762
vn 0.2577 0.7392 -0.6222
vn -0.2577 0.7392 0.6223
vn -0.0000 0.7392 -0.6735
vn 0.2577 0.7392 0.6222
vn -0.0000 0.7392 0.6735
vn -0.2577 0.7392 -0.6222
vn 0.4762 0.7392 0.4762
vn -0.4762 0.7392 -0.4762
vn 0.6223 0.7392 0.2577
vn -0.6222 0.7392 -0.2577
vn -0.4632 -0.7555 -0.4632
vn 0.6551 -0.7555 -0.0000
vn 0.4633 -0.7555 -0.4632
vn 0.4762 0.7392 -0.4762
vn -0.2577 0.7392 0.6222
vn 0.2578 0.7392 0.6222
vn -0.9228 -0.0483 0.3823
vn 0.6052 -0.7556 -0.2507
vn 0.4632 -0.7555 0.4632
vn -0.2507 -0.7555 -0.6052
vn 0.2507 -0.7556 0.6052
vn 0.6222 0.7392 0.2577
vn 0.2577 0.7392 -0.6223
vn 0.6223 0.7392 -0.2577
vn -0.3823 -0.0483 -0.9228
vn 0.4632 -0.7556 -0.4632
vt 0.143575 0.260047
vt 0.145103 0.258502
vt 0.147134 0.258278
vt 0.147264 0.259565
vt 0.289497 0.003962
vt 0.705379 0.003773
vt 0.705314 0.004755
vt 0.289901 0.005398
vt 0.936446 0.582481
vt 0.936605 0.282801
vt 0.937796 0.282659
vt 0.938141 0.582843
vt 0.985769 0.191550
vt 0.985409 0.182445
vt 0.986277 0.182710
vt 0.987338 0.191167
vt 0.122992 0.331355
vt 0.129016 0.329633
vt 0.128503 0.331353
vt 0.129508 0.330736
vt 0.130072 0.329667
vt 0.130234 0.327333
vt 0.984523 0.012846
vt 0.986798 0.012919
vt 0.276270 0.216140
vt 0.275105 0.216337
vt 0.274698 0.209425
vt 0.277171 0.011433
vt 0.275613 0.011017
vt 0.981394 0.006976
vt 0.984213 0.005585
vt 0.987175 0.006090
vt 0.277592 0.005620
vt 0.279134 0.008309
vt 0.281521 0.005976
vt 0.280932 0.004148
vt 0.938576 0.594268
vt 0.936263 0.595477
vt 0.935673 0.590722
vt 0.938084 0.591003
vt 0.933192 0.595786
vt 0.932538 0.594520
vt 0.975949 0.005427
vt 0.981131 0.004746
vt 0.928124 0.595688
vt 0.976290 0.003780
vt 0.970503 0.005150
vt 0.970394 0.003822
vt 0.970097 0.217338
vt 0.971280 0.227226
vt 0.970090 0.227873
vt 0.974152 0.229176
vt 0.971094 0.228585
vt 0.935747 0.275060
vt 0.937748 0.274843
vt 0.714082 0.003981
vt 0.713800 0.005916
vt 0.717836 0.005492
vt 0.716558 0.007377
vt 0.938431 0.271453
vt 0.935934 0.270286
vt 0.597330 0.962130
vt 0.589850 0.962625
vt 0.589183 0.959133
vt 0.720050 0.011002
vt 0.718737 0.011603
vt 0.597343 0.960212
vt 0.590901 0.956481
vt 0.932536 0.271174
vt 0.933203 0.270156
vt 0.588248 0.956077
vt 0.589393 0.950908
vt 0.928270 0.269994
vt 0.587664 0.950722
vt 0.588941 0.945021
vt 0.590472 0.945473
vt 0.058387 0.253865
vt 0.057461 0.251672
vt 0.064889 0.251279
vt 0.056563 0.262975
vt 0.056567 0.252715
vt 0.789434 0.956572
vt 0.788854 0.960136
vt 0.765989 0.959918
vt 0.766008 0.956797
vt 0.181962 0.323146
vt 0.181963 0.329452
vt 0.180787 0.329961
vt 0.181676 0.330489
vt 0.180632 0.331163
vt 0.178257 0.331572
vt 0.720393 0.207719
vt 0.719356 0.208216
vt 0.602054 0.945569
vt 0.773911 0.944072
vt 0.720199 0.216270
vt 0.719148 0.216506
vt 0.773455 0.956552
vt 0.773904 0.954416
vt 0.921682 0.276184
vt 0.922807 0.270043
vt 0.921730 0.280555
vt 0.921996 0.596010
vt 0.921103 0.593404
vt 0.921107 0.585433
vt 0.970125 0.016643
vt 0.970096 0.193573
vt 0.983120 0.192712
vt 0.281608 0.217286
vt 0.712933 0.217286
vt 0.011833 0.868949
vt 0.004744 0.867957
vt 0.003861 0.864984
vt 0.003796 0.853409
vt 0.466565 0.853409
vt 0.466566 0.865142
vt 0.465760 0.867712
vt 0.459391 0.868949
vt 0.146927 0.759021
vt 0.149830 0.759011
vt 0.150854 0.759505
vt 0.151134 0.762942
vt 0.003814 0.762978
vt 0.004345 0.759827
vt 0.006524 0.759123
vt 0.008208 0.759011
vt 0.003775 0.829738
vt 0.151126 0.829733
vt 0.819848 0.604183
vt 0.819846 0.604637
vt 0.793807 0.604874
vt 0.793810 0.604420
vt 0.639058 0.707574
vt 0.471729 0.707574
vt 0.471729 0.602299
vt 0.639058 0.602298
vt 0.844593 0.595923
vt 0.722053 0.595923
vt 0.722053 0.428594
vt 0.844593 0.428594
vt 0.747184 0.226573
vt 0.852733 0.226573
vt 0.852733 0.393903
vt 0.747184 0.393903
vt 0.009579 0.200730
vt 0.009579 0.192746
vt 0.267172 0.192746
vt 0.267172 0.200730
vt 0.911812 0.075136
vt 0.911681 0.139538
vt 0.861256 0.139538
vt 0.861256 0.075136
vt 0.911696 0.007678
vt 0.910835 0.072148
vt 0.860316 0.071276
vt 0.861240 0.006808
vt 0.914478 0.003887
vt 0.914478 0.143585
vt 0.911681 0.143585
vt 0.911751 0.003840
vt 0.003772 0.003772
vt 0.267172 0.003772
vt 0.267172 0.014390
vt 0.009579 0.014390
vt 0.267172 0.389961
vt 0.003772 0.389961
vt 0.009579 0.378773
vt 0.267172 0.378773
vt 0.727942 0.419745
vt 0.739628 0.407839
vt 0.821662 0.407839
vt 0.821662 0.419745
vt 0.727942 0.003773
vt 0.739628 0.205722
vt 0.739628 0.217834
vt 0.739628 0.015210
vt 0.821677 0.003773
vt 0.821677 0.015210
vt 0.821677 0.205722
vt 0.821669 0.217834
vt 0.122441 0.931642
vt 0.122441 0.877955
vt 0.233556 0.877955
vt 0.233556 0.931642
vt 0.913972 0.152934
vt 0.913972 0.274344
vt 0.860285 0.274344
vt 0.860328 0.152934
vt 0.352362 0.841803
vt 0.243287 0.841803
vt 0.243287 0.730688
vt 0.352362 0.730688
vt 0.241107 0.931640
vt 0.241107 0.877957
vt 0.352223 0.877957
vt 0.352223 0.931601
vt 0.201693 0.185018
vt 0.199702 0.185092
vt 0.199800 0.177567
vt 0.197398 0.184973
vt 0.201035 0.186487
vt 0.195737 0.186578
vt 0.203836 0.186108
vt 0.146620 0.256545
vt 0.149041 0.258520
vt 0.150424 0.260019
vt 0.148156 0.256604
vt 0.146682 0.253147
vt 0.847911 0.880664
vt 0.837895 0.876721
vt 0.850021 0.880665
vt 0.836060 0.874125
vt 0.882251 0.878453
vt 0.877678 0.880681
vt 0.884378 0.876673
vt 0.885559 0.874243
vt 0.836062 0.869876
vt 0.836152 0.713693
vt 0.862334 0.773856
vt 0.862314 0.809735
vt 0.863288 0.814332
vt 0.863575 0.819334
vt 0.865175 0.822705
vt 0.867334 0.825853
vt 0.875422 0.833665
vt 0.884503 0.841179
vt 0.862586 0.769164
vt 0.863606 0.764259
vt 0.865210 0.760889
vt 0.867373 0.757744
vt 0.875707 0.749720
vt 0.884560 0.742438
vt 0.885578 0.739639
vt 0.885587 0.713700
vt 0.708657 0.397668
vt 0.595373 0.458949
vt 0.595373 0.226567
vt 0.708658 0.226566
vt 0.714497 0.397668
vt 0.714497 0.458999
vt 0.591336 0.851225
vt 0.486061 0.851225
vt 0.485788 0.745788
vt 0.591336 0.745788
vt 0.430878 0.226648
vt 0.587041 0.226573
vt 0.587060 0.432172
vt 0.430896 0.432180
vt 0.829443 0.410769
vt 0.830338 0.406021
vt 0.831605 0.406028
vt 0.831460 0.408163
vt 0.198787 0.368260
vt 0.195525 0.370585
vt 0.196820 0.367714
vt 0.195976 0.367292
vt 0.198019 0.366967
vt 0.195605 0.365179
vt 0.203357 0.367687
vt 0.833451 0.406808
vt 0.831350 0.404493
vt 0.829540 0.403045
vt 0.833305 0.405264
vt 0.836887 0.405678
vt 0.765400 0.832859
vt 0.765381 0.841430
vt 0.763402 0.828750
vt 0.760769 0.827333
vt 0.824382 0.851252
vt 0.828538 0.844869
vt 0.827752 0.849633
vt 0.825402 0.851283
vt 0.780207 0.852589
vt 0.820079 0.850700
vt 0.780245 0.853285
vt 0.824150 0.604206
vt 0.538365 0.737673
vt 0.383717 0.727763
vt 0.694551 0.725575
vt 0.593330 0.738043
vt 0.483208 0.738096
vt 0.474689 0.739059
vt 0.466882 0.741056
vt 0.458932 0.744299
vt 0.443668 0.752571
vt 0.436190 0.756404
vt 0.430799 0.757399
vt 0.390559 0.757266
vt 0.383717 0.750667
vt 0.384851 0.754600
vt 0.386792 0.756562
vt 0.765383 0.868602
vt 0.763795 0.873174
vt 0.759322 0.826982
vt 0.761877 0.875300
vt 0.688467 0.853128
vt 0.656367 0.853206
vt 0.599087 0.826998
vt 0.700146 0.853607
vt 0.705275 0.854882
vt 0.710095 0.857816
vt 0.715473 0.862907
vt 0.725839 0.875421
vt 0.728843 0.876481
vt 0.758942 0.876481
vt 0.649139 0.854397
vt 0.644355 0.856763
vt 0.639894 0.860475
vt 0.632855 0.868476
vt 0.627740 0.874923
vt 0.624816 0.876429
vt 0.598704 0.876456
vt 0.600956 0.738783
vt 0.607761 0.740200
vt 0.615390 0.742800
vt 0.623586 0.746425
vt 0.641377 0.756375
vt 0.645914 0.757271
vt 0.685827 0.757397
vt 0.689289 0.757266
vt 0.694551 0.727354
vt 0.691638 0.756562
vt 0.694551 0.750667
vt 0.587796 0.432173
vt 0.587578 0.463891
vt 0.273997 0.432188
vt 0.274732 0.432188
vt 0.274353 0.463891
vt 0.430965 0.463891
vt 0.947029 0.761663
vt 0.946721 0.759874
vt 0.948774 0.759550
vt 0.949068 0.761323
vt 0.942963 0.735213
vt 0.942778 0.732718
vt 0.945669 0.732803
vt 0.945686 0.735188
vt 0.945064 0.748187
vt 0.947251 0.747865
vt 0.944922 0.717970
vt 0.944527 0.704471
vt 0.947817 0.705294
vt 0.948482 0.718064
vt 0.950148 0.780729
vt 0.948201 0.771934
vt 0.950388 0.771544
vt 0.952292 0.779917
vt 0.944832 0.719574
vt 0.948306 0.720067
vt 0.948019 0.770708
vt 0.950095 0.770430
vt 0.947836 0.768857
vt 0.949940 0.768646
vt 0.943895 0.725537
vt 0.946710 0.726121
vt 0.943373 0.728008
vt 0.946214 0.728487
vt 0.947523 0.765123
vt 0.949631 0.764879
vt 0.947298 0.763326
vt 0.949371 0.763019
vt 0.942919 0.730445
vt 0.945859 0.730704
vt 0.944506 0.703365
vt 0.947785 0.704106
vt 0.990111 0.740433
vt 0.986922 0.740380
vt 0.986904 0.702852
vt 0.990111 0.700735
vt 0.975536 0.700505
vt 0.976598 0.700480
vt 0.976669 0.702978
vt 0.975535 0.702992
vt 0.976497 0.780102
vt 0.974885 0.780104
vt 0.974859 0.777923
vt 0.976469 0.777889
vt 0.964106 0.700951
vt 0.972900 0.700618
vt 0.972924 0.702982
vt 0.964212 0.703302
vt 0.974153 0.700563
vt 0.974204 0.702981
vt 0.977705 0.780109
vt 0.977723 0.777873
vt 0.979017 0.780120
vt 0.979040 0.777879
vt 0.954009 0.701548
vt 0.956611 0.701372
vt 0.956737 0.703487
vt 0.954115 0.703619
vt 0.981410 0.780164
vt 0.981425 0.777872
vt 0.980575 0.700553
vt 0.983345 0.700526
vt 0.983280 0.702873
vt 0.980575 0.702794
vt 0.983322 0.780229
vt 0.983296 0.777826
vt 0.984126 0.700536
vt 0.984192 0.702853
vt 0.984145 0.780239
vt 0.984242 0.777814
vt 0.957398 0.780822
vt 0.951674 0.781988
vt 0.957057 0.778885
vt 0.990111 0.780132
vt 0.986940 0.777908
vt 0.959362 0.701092
vt 0.959361 0.703491
vt 0.958000 0.780727
vt 0.957687 0.778743
vt 0.960428 0.701027
vt 0.960496 0.703489
vt 0.961310 0.780466
vt 0.961165 0.778363
vt 0.961480 0.700990
vt 0.961620 0.703448
vt 0.962886 0.780406
vt 0.962770 0.778250
vt 0.962856 0.700967
vt 0.962940 0.703368
vt 0.964131 0.780369
vt 0.964045 0.778178
vt 0.965319 0.780335
vt 0.965280 0.778134
vt 0.977679 0.700475
vt 0.977821 0.702924
vt 0.967889 0.780252
vt 0.967833 0.778086
vt 0.946202 0.701664
vt 0.950905 0.781748
vt 0.945237 0.702243
vt 0.146989 0.282627
vt 0.146336 0.281554
vt 0.150815 0.281554
vt 0.150815 0.282627
vt 0.228233 0.485622
vt 0.231942 0.489197
vt 0.219089 0.489197
vt 0.219089 0.485622
vt 0.176449 0.294847
vt 0.177407 0.297007
vt 0.171645 0.297007
vt 0.171645 0.294847
vt 0.147273 0.283769
vt 0.150815 0.283769
vt 0.142187 0.303198
vt 0.142193 0.300546
vt 0.150815 0.300546
vt 0.150815 0.303198
vt 0.227270 0.484220
vt 0.219089 0.484220
vt 0.175762 0.292838
vt 0.171645 0.292838
vt 0.142179 0.277379
vt 0.142189 0.271880
vt 0.150815 0.271880
vt 0.150815 0.277379
vt 0.147380 0.286370
vt 0.150815 0.286370
vt 0.236340 0.436147
vt 0.235883 0.448468
vt 0.219089 0.448468
vt 0.219089 0.436147
vt 0.226557 0.482719
vt 0.219089 0.482719
vt 0.175388 0.291045
vt 0.171645 0.291045
vt 0.236336 0.493691
vt 0.236333 0.498913
vt 0.219089 0.498913
vt 0.219089 0.493691
vt 0.147364 0.293519
vt 0.150815 0.293519
vt 0.226104 0.480534
vt 0.219089 0.480534
vt 0.175192 0.289036
vt 0.171645 0.289036
vt 0.147099 0.295129
vt 0.150815 0.295129
vt 0.225993 0.478444
vt 0.219089 0.478445
vt 0.175094 0.274556
vt 0.171645 0.274556
vt 0.980510 0.625997
vt 0.989136 0.625997
vt 0.989136 0.664798
vt 0.980513 0.664798
vt 0.146572 0.296194
vt 0.150815 0.296194
vt 0.231836 0.451812
vt 0.219089 0.451812
vt 0.180271 0.236006
vt 0.180306 0.246215
vt 0.171645 0.246215
vt 0.171645 0.236006
vt 0.145745 0.297188
vt 0.150815 0.297188
vt 0.235883 0.492443
vt 0.219089 0.492443
vt 0.180043 0.247638
vt 0.171645 0.247638
vt 0.143964 0.298756
vt 0.150815 0.298756
vt 0.179031 0.249608
vt 0.171645 0.249608
vt 0.142528 0.299895
vt 0.150815 0.299895
vt 0.176845 0.253629
vt 0.171645 0.253629
vt 0.228233 0.455289
vt 0.219089 0.455289
vt 0.225993 0.462466
vt 0.219089 0.462466
vt 0.175988 0.255724
vt 0.171645 0.255724
vt 0.227270 0.456690
vt 0.219089 0.456690
vt 0.180305 0.312662
vt 0.180271 0.313548
vt 0.171645 0.313548
vt 0.171645 0.312662
vt 0.142415 0.278048
vt 0.150815 0.278048
vt 0.175461 0.257780
vt 0.171645 0.257780
vt 0.226557 0.458191
vt 0.219089 0.458191
vt 0.180272 0.302890
vt 0.171645 0.302890
vt 0.145202 0.280356
vt 0.150815 0.280356
vt 0.175206 0.260025
vt 0.171645 0.260025
vt 0.226104 0.460376
vt 0.219089 0.460376
vt 0.180036 0.301694
vt 0.171645 0.301694
vt 0.974804 0.826350
vt 0.977313 0.826328
vt 0.977313 0.863335
vt 0.974784 0.863337
vt 0.828538 0.606388
vt 0.828536 0.613307
vt 0.208358 0.186578
vt 0.386657 0.716839
vt 0.391588 0.715583
vt 0.683103 0.715583
vt 0.688485 0.716074
vt 0.383914 0.720540
vt 0.691048 0.717333
vt 0.474122 0.912766
vt 0.585238 0.912766
vt 0.585238 0.859079
vt 0.474122 0.859079
vt 0.860283 0.404624
vt 0.913927 0.404624
vt 0.913970 0.283214
vt 0.860283 0.283214
vt 0.112851 0.751172
vt 0.112851 0.640056
vt 0.003777 0.640056
vt 0.003777 0.751172
vt 0.003777 0.931640
vt 0.114893 0.931601
vt 0.114893 0.877957
vt 0.003777 0.877957
vt 0.235734 0.577752
vt 0.235734 0.745082
vt 0.130459 0.745082
vt 0.130459 0.577752
vt 0.473240 0.594559
vt 0.473240 0.472019
vt 0.640570 0.472019
vt 0.640570 0.594559
vt 0.747182 0.024543
vt 0.852730 0.024543
vt 0.852730 0.191873
vt 0.747182 0.191873
vt 0.807622 0.819130
vt 0.702347 0.819130
vt 0.702074 0.713693
vt 0.807622 0.713693
vt 0.117061 0.569485
vt 0.117061 0.398383
vt 0.003777 0.398383
vt 0.003777 0.630766
vt 0.122901 0.630816
vt 0.122901 0.569485
vt 0.936669 0.678786
vt 0.935967 0.625411
vt 0.932883 0.624982
vt 0.933594 0.679349
vt 0.959789 0.678624
vt 0.959509 0.625276
vt 0.956498 0.625559
vt 0.956841 0.678281
vt 0.929659 0.624421
vt 0.930362 0.680081
vt 0.953551 0.625785
vt 0.953943 0.678055
vt 0.926254 0.623546
vt 0.926921 0.681158
vt 0.950630 0.625885
vt 0.951082 0.677961
vt 0.922672 0.622427
vt 0.923206 0.682577
vt 0.948243 0.677922
vt 0.947729 0.625957
vt 0.944829 0.625919
vt 0.945404 0.678004
vt 0.972957 0.682120
vt 0.972957 0.622085
vt 0.969265 0.623300
vt 0.969391 0.680813
vt 0.941912 0.625853
vt 0.942542 0.678144
vt 0.965838 0.624215
vt 0.966007 0.679796
vt 0.938971 0.625661
vt 0.939645 0.678420
vt 0.962604 0.624812
vt 0.962820 0.679123
vt 0.963140 0.616382
vt 0.960767 0.617048
vt 0.939700 0.617785
vt 0.937172 0.617423
vt 0.958180 0.617254
vt 0.934596 0.617258
vt 0.955647 0.617658
vt 0.932233 0.616635
vt 0.952983 0.617602
vt 0.929828 0.615951
vt 0.950347 0.617888
vt 0.927718 0.614805
vt 0.947667 0.617716
vt 0.944991 0.617930
vt 0.967674 0.614461
vt 0.965554 0.615654
vt 0.942356 0.617687
vt 0.925565 0.610706
vt 0.926221 0.612963
vt 0.931742 0.610234
vt 0.936177 0.687953
vt 0.938582 0.687641
vt 0.955712 0.687112
vt 0.958124 0.687220
vt 0.933995 0.688713
vt 0.953230 0.687126
vt 0.931760 0.689551
vt 0.950784 0.686842
vt 0.929837 0.690827
vt 0.945821 0.686861
vt 0.948303 0.687019
vt 0.964765 0.688992
vt 0.966644 0.690211
vt 0.943389 0.687163
vt 0.962583 0.688200
vt 0.940917 0.687173
vt 0.960456 0.687493
vt 0.928132 0.694942
vt 0.928611 0.697155
vt 0.934105 0.694881
vt 0.078375 0.976549
vt 0.025000 0.977252
vt 0.024570 0.980336
vt 0.078937 0.979624
vt 0.078213 0.953430
vt 0.024864 0.953709
vt 0.025147 0.956721
vt 0.077870 0.956377
vt 0.024009 0.983560
vt 0.079669 0.982857
vt 0.025373 0.959668
vt 0.077643 0.959275
vt 0.023134 0.986964
vt 0.080746 0.986297
vt 0.025473 0.962588
vt 0.077549 0.962136
vt 0.022015 0.990546
vt 0.082165 0.990012
vt 0.077511 0.964976
vt 0.025546 0.965490
vt 0.025507 0.968390
vt 0.077592 0.967815
vt 0.081708 0.940261
vt 0.021673 0.940261
vt 0.022888 0.943953
vt 0.080401 0.943827
vt 0.025441 0.971307
vt 0.077732 0.970677
vt 0.023804 0.947380
vt 0.079385 0.947211
vt 0.025249 0.974247
vt 0.078008 0.973574
vt 0.024401 0.950614
vt 0.078711 0.950398
vt 0.015970 0.950078
vt 0.016636 0.952451
vt 0.017374 0.973518
vt 0.017012 0.976046
vt 0.016842 0.955038
vt 0.016846 0.978622
vt 0.017247 0.957572
vt 0.016223 0.980986
vt 0.017190 0.960236
vt 0.015539 0.983391
vt 0.017476 0.962871
vt 0.014394 0.985500
vt 0.017305 0.965551
vt 0.017519 0.968228
vt 0.014050 0.945544
vt 0.015242 0.947664
vt 0.017275 0.970863
vt 0.010294 0.987653
vt 0.012552 0.986997
vt 0.009822 0.981477
vt 0.087542 0.977041
vt 0.087230 0.974636
vt 0.086700 0.957506
vt 0.086809 0.955095
vt 0.088302 0.979224
vt 0.086714 0.959988
vt 0.089139 0.981458
vt 0.086431 0.962435
vt 0.090416 0.983382
vt 0.086450 0.967398
vt 0.086607 0.964915
vt 0.088580 0.948453
vt 0.089800 0.946574
vt 0.086751 0.969830
vt 0.087789 0.950635
vt 0.086761 0.972301
vt 0.087081 0.952763
vt 0.094531 0.985086
vt 0.096743 0.984607
vt 0.094469 0.979114
vt 0.559509 0.957674
vt 0.560072 0.960749
vt 0.505704 0.961460
vt 0.506134 0.958376
vt 0.559347 0.934554
vt 0.559004 0.937502
vt 0.506282 0.937845
vt 0.505998 0.934834
vt 0.560804 0.963982
vt 0.505143 0.964684
vt 0.558777 0.940400
vt 0.506508 0.940793
vt 0.561880 0.967422
vt 0.504269 0.968089
vt 0.558684 0.943261
vt 0.506608 0.943713
vt 0.563300 0.971137
vt 0.503149 0.971671
vt 0.558645 0.946100
vt 0.558727 0.948939
vt 0.506641 0.949514
vt 0.506680 0.946615
vt 0.562843 0.921386
vt 0.561536 0.924952
vt 0.504022 0.925078
vt 0.502808 0.921386
vt 0.558866 0.951801
vt 0.506575 0.952431
vt 0.560519 0.928336
vt 0.504938 0.928505
vt 0.559142 0.954699
vt 0.506384 0.955372
vt 0.559846 0.931523
vt 0.505535 0.931739
vt 0.497770 0.933576
vt 0.497104 0.931203
vt 0.498146 0.957171
vt 0.498508 0.954643
vt 0.497977 0.936163
vt 0.497981 0.959747
vt 0.498381 0.938696
vt 0.497358 0.962111
vt 0.498325 0.941361
vt 0.496673 0.964515
vt 0.498611 0.943996
vt 0.495528 0.966625
vt 0.498653 0.949352
vt 0.498439 0.946676
vt 0.496376 0.928789
vt 0.495184 0.926669
vt 0.498409 0.951987
vt 0.496949 0.962114
vt 0.490957 0.962601
vt 0.568364 0.955761
vt 0.568676 0.958166
vt 0.567943 0.936220
vt 0.567834 0.938631
vt 0.569436 0.960348
vt 0.567849 0.941113
vt 0.570274 0.962583
vt 0.567565 0.943560
vt 0.571550 0.964507
vt 0.567741 0.946040
vt 0.567584 0.948522
vt 0.570934 0.927699
vt 0.569714 0.929578
vt 0.567885 0.950955
vt 0.568923 0.931760
vt 0.567896 0.953426
vt 0.568215 0.933888
vt 0.575665 0.966211
vt 0.573443 0.965781
vt 0.575604 0.960238
vt 0.118401 0.954274
vt 0.117839 0.951198
vt 0.172206 0.950487
vt 0.171776 0.953571
vt 0.118564 0.977393
vt 0.118907 0.974445
vt 0.171629 0.974102
vt 0.171912 0.977114
vt 0.117107 0.947966
vt 0.172767 0.947263
vt 0.119133 0.971548
vt 0.171403 0.971155
vt 0.116030 0.944526
vt 0.173642 0.943859
vt 0.119227 0.968687
vt 0.171303 0.968235
vt 0.114610 0.940811
vt 0.174761 0.940276
vt 0.119265 0.965847
vt 0.119184 0.963008
vt 0.171269 0.962433
vt 0.171230 0.965333
vt 0.115068 0.990561
vt 0.116375 0.986996
vt 0.173888 0.986869
vt 0.175103 0.990561
vt 0.119044 0.960146
vt 0.171335 0.959516
vt 0.117391 0.983612
vt 0.172972 0.983442
vt 0.118768 0.957249
vt 0.171527 0.956576
vt 0.118064 0.980425
vt 0.172376 0.980209
vt 0.180140 0.978372
vt 0.180806 0.980744
vt 0.179764 0.954777
vt 0.179402 0.957304
vt 0.179933 0.975784
vt 0.179930 0.952200
vt 0.179529 0.973251
vt 0.180553 0.949837
vt 0.179586 0.970587
vt 0.181237 0.947432
vt 0.179300 0.967951
vt 0.182383 0.945323
vt 0.179257 0.962595
vt 0.179471 0.965271
vt 0.181534 0.983159
vt 0.182726 0.985278
vt 0.179501 0.959960
vt 0.180961 0.949833
vt 0.186954 0.949346
vt 0.109547 0.956187
vt 0.109234 0.953781
vt 0.109967 0.975728
vt 0.110076 0.973317
vt 0.108475 0.951599
vt 0.110062 0.970834
vt 0.107637 0.949365
vt 0.110345 0.968388
vt 0.106361 0.947441
vt 0.110169 0.965907
vt 0.110326 0.963425
vt 0.106976 0.984249
vt 0.108196 0.982370
vt 0.110025 0.960993
vt 0.108987 0.980188
vt 0.110015 0.958522
vt 0.109695 0.978060
vt 0.102245 0.945736
vt 0.104467 0.946167
vt 0.102307 0.951709
vt 0.580981 0.962466
vt 0.579744 0.964417
vt 0.569809 0.960302
vt 0.570226 0.958011
vt 0.575542 0.954266
vt 0.573329 0.954744
vt 0.577878 0.965732
vt 0.579657 0.955970
vt 0.580933 0.957894
vt 0.581398 0.960175
vt 0.571463 0.956060
vt 0.577764 0.954696
vt 0.484964 0.963088
vt 0.485240 0.960687
vt 0.491429 0.968778
vt 0.489100 0.968494
vt 0.492814 0.956708
vt 0.494860 0.957889
vt 0.496312 0.959788
vt 0.486385 0.958578
vt 0.487053 0.967313
vt 0.485601 0.965414
vt 0.493686 0.968122
vt 0.488227 0.957081
vt 0.490484 0.956424
vt 0.108101 0.951646
vt 0.107684 0.953936
vt 0.096930 0.949482
vt 0.098166 0.947530
vt 0.102368 0.957682
vt 0.104581 0.957203
vt 0.100033 0.946215
vt 0.106448 0.955888
vt 0.098253 0.955977
vt 0.096977 0.954054
vt 0.096512 0.951773
vt 0.100146 0.957251
vt 0.192946 0.948860
vt 0.192671 0.951261
vt 0.186482 0.943169
vt 0.188811 0.943453
vt 0.185097 0.955239
vt 0.183050 0.954058
vt 0.181598 0.952160
vt 0.191525 0.953370
vt 0.190857 0.944635
vt 0.192309 0.946533
vt 0.184224 0.943826
vt 0.189683 0.954867
vt 0.187426 0.955523
vt 0.088675 0.979177
vt 0.100264 0.979050
vt 0.099799 0.976769
vt 0.092195 0.973620
vt 0.090328 0.974935
vt 0.098610 0.983292
vt 0.092309 0.984656
vt 0.089092 0.976886
vt 0.098523 0.974845
vt 0.099846 0.981341
vt 0.096630 0.973571
vt 0.094408 0.973141
vt 0.015815 0.980990
vt 0.015178 0.978663
vt 0.004467 0.984290
vt 0.005919 0.986188
vt 0.009350 0.975300
vt 0.011679 0.975584
vt 0.007965 0.987369
vt 0.013726 0.976765
vt 0.005251 0.977453
vt 0.004105 0.979562
vt 0.003830 0.981963
vt 0.007093 0.975956
vt 0.934042 0.689086
vt 0.934168 0.700675
vt 0.936449 0.700211
vt 0.939599 0.692607
vt 0.938283 0.690740
vt 0.929926 0.699022
vt 0.928562 0.692720
vt 0.936332 0.689504
vt 0.938373 0.698935
vt 0.931877 0.700258
vt 0.939647 0.697042
vt 0.940078 0.694819
vt 0.932229 0.616226
vt 0.934555 0.615589
vt 0.928929 0.604878
vt 0.927030 0.606331
vt 0.937919 0.609762
vt 0.937635 0.612091
vt 0.925849 0.608377
vt 0.936454 0.614137
vt 0.935766 0.605663
vt 0.933656 0.604517
vt 0.931255 0.604242
vt 0.937262 0.607504
vt 0.980508 0.587196
vt 0.989136 0.587196
vt 0.274714 0.226722
vt 0.974824 0.789225
vt 0.977313 0.789320
vt 0.961122 0.863433
vt 0.961080 0.826473
vt 0.967940 0.863470
vt 0.970156 0.789241
vt 0.969371 0.789241
vt 0.947350 0.809173
vt 0.947337 0.807265
vt 0.947335 0.844556
vt 0.947356 0.842595
vt 0.952547 0.863388
vt 0.953185 0.863391
vt 0.955386 0.863403
vt 0.974022 0.863502
vt 0.972935 0.863496
vt 0.956528 0.863409
vt 0.957552 0.863415
vt 0.971440 0.863488
vt 0.970492 0.863483
vt 0.958641 0.863420
vt 0.969476 0.863478
vt 0.953115 0.789357
vt 0.954702 0.789323
vt 0.956352 0.789313
vt 0.957017 0.789314
vt 0.957730 0.789308
vt 0.958767 0.789302
vt 0.959759 0.789298
vt 0.974229 0.789257
vt 0.967342 0.789255
vt 0.972681 0.789225
vt 0.970976 0.789234
vt 0.968334 0.789247
vt 0.947266 0.790358
vt 0.947270 0.789518
vt 0.947291 0.805216
vt 0.947356 0.826595
vt 0.947358 0.812784
vt 0.947352 0.810874
vt 0.947304 0.799633
vt 0.947345 0.800767
vt 0.947378 0.840454
vt 0.947320 0.846554
vt 0.947302 0.863360
vt 0.947372 0.853623
vt 0.947299 0.852268
vt 0.947307 0.850389
s 1
usemtl painted_wooden_cabinet
f 13/1/1 12/2/2 20/3/3 19/4/4
f 54/5/5 82/6/6 86/7/7 58/8/7
f 53/9/8 81/10/9 82/11/10 54/12/11
f 39/13/12 40/14/13 64/15/14 66/16/15
f 68/17/16 67/18/17 65/19/18
f 66/20/19 65/19/18 67/18/17
f 66/20/19 67/18/17 39/21/20
f 38/22/21 39/21/20 67/18/17
f 40/14/13 41/23/22 57/24/23 64/15/14
f 65/25/24 66/26/25 64/27/26 61/28/27
f 64/27/26 57/29/28 61/28/27
f 42/30/29 63/31/30 57/24/23 41/23/22
f 57/24/23 63/31/30 56/32/31
f 57/29/28 56/33/32 60/34/33 61/28/27
f 59/35/34 60/34/33 56/33/32 55/36/35
f 58/8/7 59/35/34 55/36/35 54/5/5
f 56/37/31 63/38/30 52/39/36 55/40/37
f 54/12/11 55/40/37 52/39/36 53/9/8
f 52/39/36 63/38/30 62/41/38 51/42/39
f 42/30/29 43/43/40 62/44/38 63/31/30
f 51/42/39 62/41/38 50/45/41
f 62/44/38 43/43/40 50/46/41
f 43/43/40 44/47/42 49/48/43 50/46/41
f 45/49/44 46/50/45 44/51/46
f 46/50/45 47/52/47 49/53/48
f 44/51/46 46/50/45 49/53/48
f 80/54/49 83/55/50 82/11/10 81/10/9
f 83/56/51 87/57/52 86/7/7 82/6/6
f 84/58/53 88/59/54 87/57/52 83/56/51
f 84/60/55 83/55/50 80/54/49 91/61/56
f 85/62/57 84/63/55 91/64/56
f 85/65/58 89/66/59 88/59/54 84/58/53
f 69/67/60 85/62/57 91/64/56 70/68/61
f 80/54/49 79/69/62 90/70/63 91/61/56
f 91/64/56 90/71/63 70/68/61
f 70/68/61 90/71/63 71/72/64
f 79/69/62 78/73/65 90/70/63
f 90/71/63 78/74/65 71/72/64
f 71/72/64 78/74/65 77/75/66 72/76/67
f 74/77/68 77/78/69 75/79/70
f 73/80/71 72/81/72 74/77/68
f 77/78/69 74/77/68 72/81/72
f 93/82/73 97/83/73 95/84/74 94/85/75
f 99/86/76 96/87/77 98/88/78
f 97/89/79 98/88/78 96/87/77
f 97/89/79 93/90/80 98/88/78
f 92/91/81 98/88/78 93/90/80
f 69/67/60 94/85/75 95/84/74 85/62/57
f 85/65/58 95/92/82 101/93/83 89/66/59
f 73/94/84 70/68/61 71/72/64 72/76/67
f 69/67/60 70/68/61 73/94/84
f 73/94/84 100/95/85 94/85/75 69/67/60
f 95/92/82 97/96/86 96/97/87 101/93/83
f 93/98/88 94/85/75 100/95/85 92/99/88
f 75/100/89 77/101/66 78/73/65 79/69/62
f 80/54/49 75/100/89 79/69/62
f 76/102/90 75/100/89 80/54/49 81/10/9
f 51/42/39 50/45/41 49/103/43 47/104/91
f 51/42/39 47/104/91 52/39/36
f 48/105/92 53/9/8 52/39/36 47/104/91
f 48/105/92 76/102/90 81/10/9 53/9/8
f 45/106/93 44/47/42 43/43/40 42/30/29
f 41/23/22 45/106/93 42/30/29
f 37/107/93 40/14/13 38/108/93
f 39/13/12 38/108/93 40/14/13
f 40/14/13 45/106/93 41/23/22
f 65/25/24 61/28/27 60/34/33 59/35/34
f 68/109/94 65/25/24 59/35/34 58/8/7
f 99/110/94 101/93/83 96/97/87
f 88/59/54 89/66/59 101/93/83 99/110/94
f 87/57/52 88/59/54 99/110/94 86/7/7
f 68/109/94 58/8/7 86/7/7 99/110/94
f 99/111/95 98/112/96 92/113/96 100/114/95
f 37/115/97 38/116/98 67/117/98 68/118/97
f 48/119/99 47/120/99 46/121/99 45/122/99
f 73/123/99 74/124/99 75/125/99 76/126/99
f 73/123/99 76/126/99 48/119/99 45/122/99
f 100/127/99 73/123/99 45/122/99 37/128/99
f 99/111/95 100/114/95 37/115/97 68/118/97
f 7/129/94 102/130/94 123/131/94 122/132/94
f 124/133/100 126/134/100 127/135/100 125/136/100
f 127/137/101 129/138/101 128/139/101 125/140/101
f 129/141/93 131/142/93 130/143/93 128/144/93
f 131/145/102 133/146/103 132/147/101 130/148/101
f 130/149/99 124/150/99 125/151/99 128/152/99
f 135/153/99 132/154/99 290/155/99 134/156/99
f 114/157/99 104/158/99 130/149/99 132/154/99
f 130/149/99 104/158/99 124/150/99
f 104/158/99 103/159/99 124/150/99
f 132/154/99 135/153/99 114/157/99
f 120/160/99 114/157/99 135/153/99
f 121/161/104 120/162/101 135/163/101 136/164/105
f 103/165/101 102/166/106 126/167/107 124/168/101
f 104/169/101 107/170/101 106/171/101 105/172/101
f 114/173/101 119/174/101 110/175/101 104/169/101
f 107/170/101 104/169/101 110/175/101
f 117/176/101 119/174/101 114/173/101
f 115/177/101 116/178/101 117/176/101 114/173/101
f 110/175/101 119/174/101 118/179/101 111/180/101
f 112/181/93 113/182/93 110/183/93 111/184/93
f 108/185/101 113/186/101 112/187/101 109/188/101
f 107/189/94 110/190/94 113/191/94 108/192/94
f 106/193/100 107/194/100 108/195/100 109/196/100
f 10/197/108 11/198/109 9/199/110
f 9/199/110 11/198/109 8/200/111
f 5/201/112 6/202/113 8/200/111 11/198/109
f 5/201/112 10/197/108 286/203/101
f 11/198/109 10/197/108 5/201/112
f 12/2/2 2/204/114 20/3/3
f 16/205/115 17/206/116 19/4/4 20/3/3
f 15/207/117 16/205/115 20/3/3
f 2/204/114 3/208/118 15/207/117
f 20/3/3 2/204/114 15/207/117
f 9/209/93 8/210/93 4/211/93
f 8/210/93 6/212/93 4/211/93
f 4/211/93 6/212/93 15/213/93 3/214/93
f 16/215/93 15/213/93 6/212/93
f 17/216/93 16/215/93 6/212/93
f 6/212/93 7/217/93 17/216/93
f 122/218/93 31/219/93 25/220/93 7/217/93
f 24/221/93 23/222/93 7/217/93 25/220/93
f 23/222/93 22/223/93 7/217/93
f 22/223/93 21/224/93 7/217/93
f 21/224/93 32/225/93 7/217/93
f 32/225/93 18/226/93 7/217/93
f 17/216/93 7/217/93 18/226/93
f 31/219/93 122/218/93 30/227/93
f 30/227/93 122/218/93 29/228/93
f 29/228/93 122/218/93 28/229/93
f 28/229/93 122/218/93 27/230/93
f 27/230/93 122/218/93 33/231/93
f 33/231/93 122/218/93 26/232/93
f 26/232/93 122/218/93 34/233/93
f 35/234/93 34/233/93 122/218/93
f 103/235/93 36/236/93 123/237/93 102/238/93
f 36/236/93 103/235/93 104/239/93 105/240/93
f 127/241/94 126/242/94 131/243/94 129/244/94
f 559/245/119 187/246/119 185/247/120 560/248/121
f 133/146/103 131/145/102 102/166/106 121/161/104
f 121/161/104 136/164/105 133/146/103
f 126/167/107 102/166/106 131/145/102
f 156/249/122 160/250/123 161/251/124 155/252/125
f 153/253/126 152/254/127 154/255/128
f 152/254/127 151/256/129 154/255/128
f 149/257/130 154/255/128 151/256/129 150/258/131
f 149/257/130 145/259/132 153/253/126
f 154/255/128 149/257/130 153/253/126
f 155/252/125 161/251/124 146/260/133
f 158/261/134 161/251/124 160/250/123 159/262/135
f 157/263/136 161/251/124 158/261/134
f 146/260/133 157/263/136 147/264/137
f 161/251/124 157/263/136 146/260/133
f 152/265/138 148/266/139 151/267/140
f 151/267/140 148/266/139 150/268/100
f 186/269/141 145/270/142 149/271/143 150/272/143
f 185/273/94 121/274/94 186/269/141 184/275/94
f 7/129/94 6/276/94 102/130/94
f 102/130/94 6/276/94 186/269/141 121/274/94
f 144/277/101 148/278/101 9/279/101 143/280/101
f 168/281/101 148/278/101 144/277/101
f 168/281/101 167/282/101 148/278/101
f 167/282/101 166/283/101 148/278/101
f 166/283/101 165/284/101 148/278/101
f 165/284/101 164/285/101 148/278/101
f 164/285/101 163/286/101 148/278/101
f 163/286/101 162/287/101 148/278/101
f 162/287/101 156/288/101 148/278/101
f 147/289/101 148/278/101 156/288/101 146/290/101
f 155/291/101 146/290/101 156/288/101
f 150/268/100 148/266/139 147/292/100 157/293/100
f 186/294/100 150/268/100 157/293/100 158/295/100
f 175/296/100 176/297/100 184/298/100 186/294/100
f 175/296/100 186/294/100 174/299/100
f 174/299/100 186/294/100 173/300/100
f 173/300/100 186/294/100 172/301/100
f 172/301/100 186/294/100 171/302/100
f 171/302/100 186/294/100 170/303/100
f 170/303/100 186/294/100 169/304/100
f 159/305/100 169/304/100 186/294/100 158/295/100
f 177/306/100 184/298/100 176/297/100
f 178/307/100 184/298/100 177/306/100
f 179/308/100 184/298/100 178/307/100
f 180/309/100 184/298/100 179/308/100
f 181/310/100 184/298/100 180/309/100
f 182/311/100 184/298/100 181/310/100
f 184/298/100 182/311/100 183/312/100
f 143/280/101 9/279/101 142/313/101
f 142/313/101 9/279/101 141/314/101
f 141/314/101 9/279/101 140/315/101
f 140/315/101 9/279/101 139/316/101
f 139/316/101 9/279/101 138/317/101
f 138/317/101 9/279/101 137/318/101
f 137/318/101 9/279/101 14/319/101
f 13/320/101 14/319/101 9/279/101 4/321/101
f 12/322/101 13/320/101 4/321/101 3/323/101
f 12/2/2 3/208/118 2/204/114
f 184/324/144 183/325/145 185/247/120
f 122/326/146 123/327/147 35/328/148
f 560/248/121 561/329/149 35/328/148 123/327/147
f 167/330/150 168/331/151 205/332/152 204/333/153
f 143/334/154 142/335/155 195/336/155 196/337/154
f 168/331/151 144/338/156 197/339/156 205/332/152
f 144/338/156 143/334/154 196/337/154 197/339/156
f 137/340/157 14/341/158 189/342/158 190/343/159
f 156/344/160 162/345/161 199/346/162 198/347/163
f 138/348/164 137/340/157 190/343/159 191/349/165
f 162/345/161 163/350/166 200/351/167 199/346/162
f 163/350/166 164/352/168 201/353/168 200/351/167
f 139/354/169 138/348/164 191/349/165 192/355/169
f 140/356/170 139/354/169 192/355/169 193/357/171
f 164/352/168 165/358/172 202/359/172 201/353/168
f 165/358/172 166/360/173 203/361/174 202/359/172
f 141/362/175 140/356/170 193/357/171 194/363/175
f 166/360/173 167/330/150 204/333/153 203/361/174
f 142/335/155 141/362/175 194/363/175 195/336/155
f 14/341/158 13/364/176 188/365/177 189/342/158
f 561/366/178 562/367/178 206/368/179 35/369/180
f 29/370/181 28/371/182 216/372/183 217/373/181
f 177/374/184 176/375/185 230/376/185 231/377/184
f 25/378/186 31/379/187 219/380/188 213/381/189
f 30/382/190 29/370/181 217/373/181 218/383/190
f 178/384/191 177/374/184 231/377/184 232/385/191
f 31/379/187 30/382/190 218/383/190 219/380/188
f 179/386/192 178/384/191 232/385/191 233/387/192
f 18/388/193 32/389/194 220/390/194 208/391/195
f 180/392/196 179/386/192 233/387/192 234/393/196
f 33/394/197 26/395/198 214/396/198 221/397/199
f 181/398/200 180/392/196 234/393/196 235/399/200
f 26/395/198 34/400/201 222/401/202 214/396/198
f 182/402/203 181/398/200 235/399/200 236/403/204
f 169/404/205 159/405/206 198/347/163 223/406/207
f 34/400/201 35/369/180 206/368/179 222/401/202
f 183/407/208 182/402/203 236/403/204 207/408/209
f 32/389/194 21/409/210 209/410/210 220/390/194
f 170/411/211 169/404/205 223/406/207 224/412/211
f 21/409/210 22/413/212 210/414/213 209/410/210
f 171/415/214 170/411/211 224/412/211 225/416/214
f 22/413/212 23/417/215 211/418/215 210/414/213
f 172/419/216 171/415/214 225/416/214 226/420/216
f 23/417/215 24/421/217 212/422/217 211/418/215
f 173/423/218 172/419/216 226/420/216 227/424/218
f 24/421/217 25/378/186 213/381/189 212/422/217
f 174/425/219 173/423/218 227/424/218 228/426/219
f 27/427/220 33/394/197 221/397/199 215/428/221
f 175/429/222 174/425/219 228/426/219 229/430/222
f 17/431/223 18/388/193 208/391/195 188/365/177
f 28/371/182 27/427/220 215/428/221 216/372/183
f 176/375/185 175/429/222 229/430/222 230/376/185
f 159/405/206 160/432/224 198/347/163
f 156/344/160 198/347/163 160/432/224
f 19/433/225 188/365/177 13/364/176
f 188/365/177 19/433/225 17/431/223
f 227/434/93 226/435/93 275/436/93 276/437/93
f 215/438/226 221/439/227 270/440/227 264/441/228
f 193/442/229 192/443/230 241/444/230 242/445/231
f 228/446/93 227/434/93 276/437/93 277/447/93
f 207/448/93 236/449/93 285/450/93 256/451/93
f 216/452/232 215/438/226 264/441/228 265/453/233
f 194/454/234 193/442/229 242/445/231 243/455/234
f 223/456/93 198/457/93 247/458/93 272/459/93
f 229/460/93 228/446/93 277/447/93 278/461/93
f 188/462/235 208/463/236 257/464/237 237/465/235
f 217/466/238 216/452/232 265/453/233 266/467/239
f 195/468/240 194/454/234 243/455/234 244/469/241
f 222/470/242 206/471/243 255/472/243 271/473/244
f 230/474/93 229/460/93 278/461/93 279/475/93
f 218/476/245 217/466/238 266/467/239 267/477/246
f 196/478/247 195/468/240 244/469/241 245/479/247
f 231/480/93 230/474/93 279/475/93 280/481/93
f 219/482/248 218/476/245 267/477/246 268/483/248
f 197/484/249 196/478/247 245/479/247 246/485/249
f 562/486/250 563/487/250 255/488/250 206/489/250
f 232/490/93 231/480/93 280/481/93 281/491/93
f 208/463/236 220/492/251 269/493/252 257/464/237
f 198/494/253 199/495/254 248/496/254 247/497/253
f 233/498/93 232/490/93 281/491/93 282/499/93
f 221/439/227 214/500/255 263/501/255 270/440/227
f 199/495/254 200/502/256 249/503/257 248/496/254
f 234/504/93 233/498/93 282/499/93 283/505/93
f 214/500/255 222/470/242 271/473/244 263/501/255
f 200/502/256 201/506/258 250/507/258 249/503/257
f 235/508/93 234/504/93 283/505/93 284/509/93
f 201/506/258 202/510/259 251/511/260 250/507/258
f 220/492/251 209/512/261 258/513/262 269/493/252
f 236/449/93 235/508/93 284/509/93 285/450/93
f 213/514/263 219/482/248 268/483/248 262/515/263
f 202/510/259 203/516/264 252/517/264 251/511/260
f 209/512/261 210/518/265 259/519/266 258/513/262
f 189/520/267 188/521/268 237/522/268 238/523/267
f 224/524/93 223/456/93 272/459/93 273/525/93
f 203/516/264 204/526/269 253/527/270 252/517/264
f 210/518/265 211/528/271 260/529/272 259/519/266
f 190/530/273 189/520/267 238/523/267 239/531/273
f 225/532/93 224/524/93 273/525/93 274/533/93
f 204/526/269 205/534/274 254/535/274 253/527/270
f 211/528/271 212/536/275 261/537/276 260/529/272
f 191/538/277 190/530/273 239/531/273 240/539/277
f 226/435/93 225/532/93 274/533/93 275/436/93
f 205/534/274 197/484/249 246/485/249 254/535/274
f 212/536/275 213/514/263 262/515/263 261/537/276
f 192/443/230 191/538/277 240/539/277 241/444/230
f 564/540/99 563/541/99 256/542/99 285/543/99
f 5/544/94 1/545/94 6/276/94
f 286/203/101 1/546/101 5/201/112
f 186/269/141 6/276/94 1/545/94 145/270/142
f 153/547/101 145/548/101 1/549/101 286/550/101
f 152/551/101 153/547/101 286/550/101 10/552/101
f 148/278/101 152/551/101 10/552/101 9/279/101
f 40/14/13 37/107/93 45/106/93
f 291/553/100 118/554/100 119/555/100 292/556/100
f 288/557/101 289/558/101 291/559/101 292/560/101
f 117/561/94 288/562/94 292/563/94 119/564/94
f 116/565/278 289/566/278 288/567/278 117/568/278
f 132/569/100 133/570/100 287/571/100 290/572/100
f 287/573/101 294/574/101 293/575/101 290/576/101
f 294/577/279 136/578/279 135/579/279 293/580/279
f 287/581/94 133/582/94 136/583/94 294/584/94
f 120/585/280 121/586/281 185/587/281 187/588/281
f 187/588/281 115/589/282 114/590/282 120/585/280
f 299/591/283 315/592/284 316/593/285 300/594/286
f 307/595/287 323/596/288 324/597/289 308/598/290
f 300/594/286 316/593/285 317/599/291 301/600/292
f 308/598/290 324/597/289 325/601/293 309/602/294
f 301/600/292 317/599/291 318/603/295 302/604/296
f 309/602/294 325/601/293 326/605/297 310/606/298
f 302/604/296 318/603/295 319/607/299 303/608/300
f 295/609/301 311/610/302 312/611/303 296/612/304
f 310/606/298 326/605/297 311/610/302 295/609/301
f 303/613/300 319/614/299 320/615/305 304/616/306
f 296/612/304 312/611/303 313/617/307 297/618/308
f 304/616/306 320/615/305 321/619/309 305/620/310
f 297/618/308 313/617/307 314/621/311 298/622/312
f 305/620/310 321/619/309 322/623/313 306/624/314
f 298/622/312 314/621/311 315/592/284 299/591/283
f 306/624/314 322/623/313 323/596/288 307/595/287
f 321/619/309 337/625/315 338/626/316 322/623/313
f 314/621/311 330/627/317 331/628/318 315/592/284
f 322/623/313 338/626/316 339/629/319 323/596/288
f 315/592/284 331/628/318 332/630/320 316/593/285
f 323/596/288 339/629/319 340/631/321 324/597/289
f 316/593/285 332/630/320 333/632/322 317/599/291
f 324/597/289 340/631/321 341/633/323 325/601/293
f 317/599/291 333/632/322 334/634/324 318/603/295
f 325/601/293 341/633/323 342/635/325 326/605/297
f 318/603/295 334/634/324 335/636/326 319/607/299
f 311/610/302 327/637/327 328/638/328 312/611/303
f 326/605/297 342/635/325 327/637/327 311/610/302
f 319/614/299 335/639/326 336/640/329 320/615/305
f 312/611/303 328/638/328 329/641/330 313/617/307
f 320/615/305 336/640/329 337/625/315 321/619/309
f 313/617/307 329/641/330 330/627/317 314/621/311
f 337/642/315 336/643/329 558/644/99
f 300/594/286 348/645/331 347/646/332 299/591/283
f 308/598/290 356/647/333 355/648/334 307/595/287
f 301/600/292 349/649/335 348/645/331 300/594/286
f 309/602/294 357/650/336 356/647/333 308/598/290
f 302/604/296 350/651/337 349/649/335 301/600/292
f 310/606/298 358/652/338 357/650/336 309/602/294
f 303/608/300 351/653/339 350/651/337 302/604/296
f 296/612/304 344/654/340 343/655/341 295/609/301
f 295/609/301 343/655/341 358/652/338 310/606/298
f 304/616/306 352/656/342 351/657/339 303/613/300
f 297/618/308 345/658/343 344/654/340 296/612/304
f 305/620/310 353/659/344 352/656/342 304/616/306
f 298/622/312 346/660/345 345/658/343 297/618/308
f 306/624/314 354/661/346 353/659/344 305/620/310
f 299/591/283 347/646/332 346/660/345 298/622/312
f 307/595/287 355/648/334 354/661/346 306/624/314
f 353/662/344 354/663/346 557/664/94
f 363/665/283 379/666/284 380/667/285 364/668/286
f 371/669/287 387/670/288 388/671/289 372/672/290
f 364/668/286 380/667/285 381/673/291 365/674/292
f 372/672/290 388/671/289 389/675/293 373/676/294
f 365/674/292 381/673/291 382/677/295 366/678/296
f 373/676/294 389/675/293 390/679/297 374/680/298
f 366/678/296 382/677/295 383/681/299 367/682/300
f 359/683/301 375/684/302 376/685/303 360/686/304
f 374/680/298 390/679/297 375/684/302 359/683/301
f 367/687/300 383/688/299 384/689/305 368/690/306
f 360/686/304 376/685/303 377/691/307 361/692/308
f 368/690/306 384/689/305 385/693/309 369/694/310
f 361/692/308 377/691/307 378/695/311 362/696/312
f 369/694/310 385/693/309 386/697/313 370/698/314
f 362/696/312 378/695/311 379/666/284 363/665/283
f 370/698/314 386/697/313 387/670/288 371/669/287
f 385/693/309 401/699/347 402/700/316 386/697/313
f 378/695/311 394/701/317 395/702/348 379/666/284
f 386/697/313 402/700/316 403/703/319 387/670/288
f 379/666/284 395/702/348 396/704/320 380/667/285
f 387/670/288 403/703/319 404/705/321 388/671/289
f 380/667/285 396/704/320 397/706/349 381/673/291
f 388/671/289 404/705/321 405/707/323 389/675/293
f 381/673/291 397/706/349 398/708/324 382/677/295
f 389/675/293 405/707/323 406/709/325 390/679/297
f 382/677/295 398/708/324 399/710/326 383/681/299
f 375/684/302 391/711/327 392/712/328 376/685/303
f 390/679/297 406/709/325 391/711/327 375/684/302
f 383/688/299 399/713/326 400/714/329 384/689/305
f 376/685/303 392/712/328 393/715/330 377/691/307
f 384/689/305 400/714/329 401/699/347 385/693/309
f 377/691/307 393/715/330 394/701/317 378/695/311
f 401/716/347 400/717/329 556/718/99
f 364/668/286 412/719/331 411/720/332 363/665/283
f 372/672/290 420/721/333 419/722/334 371/669/287
f 365/674/292 413/723/350 412/719/331 364/668/286
f 373/676/294 421/724/336 420/721/333 372/672/290
f 366/678/296 414/725/337 413/723/350 365/674/292
f 374/680/298 422/726/351 421/724/336 373/676/294
f 367/682/300 415/727/339 414/725/337 366/678/296
f 360/686/304 408/728/352 407/729/341 359/683/301
f 359/683/301 407/729/341 422/726/351 374/680/298
f 368/690/306 416/730/342 415/731/339 367/687/300
f 361/692/308 409/732/343 408/728/352 360/686/304
f 369/694/310 417/733/344 416/730/342 368/690/306
f 362/696/312 410/734/345 409/732/343 361/692/308
f 370/698/314 418/735/346 417/733/344 369/694/310
f 363/665/283 411/720/332 410/734/345 362/696/312
f 371/669/287 419/722/334 418/735/346 370/698/314
f 417/736/344 418/737/346 555/738/94
f 427/739/287 428/740/314 444/741/313 443/742/288
f 435/743/283 436/744/312 452/745/311 451/746/284
f 428/740/314 429/747/310 445/748/309 444/741/313
f 436/744/312 437/749/308 453/750/307 452/745/311
f 429/747/310 430/751/306 446/752/305 445/748/309
f 437/749/308 438/753/304 454/754/303 453/750/307
f 430/751/306 431/755/300 447/756/299 446/752/305
f 423/757/301 424/758/298 440/759/297 439/760/302
f 438/753/304 423/757/301 439/760/302 454/754/303
f 431/761/300 432/762/296 448/763/295 447/764/299
f 424/758/298 425/765/294 441/766/293 440/759/297
f 432/762/296 433/767/292 449/768/291 448/763/295
f 425/765/294 426/769/290 442/770/353 441/766/293
f 433/767/292 434/771/286 450/772/285 449/768/291
f 426/769/290 427/739/287 443/742/288 442/770/353
f 434/771/286 435/743/283 451/746/284 450/772/285
f 449/768/291 450/772/285 466/773/354 465/774/322
f 442/770/353 443/742/288 459/775/319 458/776/321
f 450/772/285 451/746/284 467/777/318 466/773/354
f 443/742/288 444/741/313 460/778/316 459/775/319
f 451/746/284 452/745/311 468/779/317 467/777/318
f 444/741/313 445/748/309 461/780/347 460/778/316
f 452/745/311 453/750/307 469/781/355 468/779/317
f 445/748/309 446/752/305 462/782/356 461/780/347
f 453/750/307 454/754/303 470/783/357 469/781/355
f 446/752/305 447/756/299 463/784/326 462/782/356
f 439/760/302 440/759/297 456/785/325 455/786/327
f 454/754/303 439/760/302 455/786/327 470/783/357
f 447/764/299 448/763/295 464/787/324 463/788/326
f 440/759/297 441/766/293 457/789/323 456/785/325
f 448/763/295 449/768/291 465/774/322 464/787/324
f 441/766/293 442/770/353 458/776/321 457/789/323
f 461/790/347 462/782/356 552/791/99
f 428/740/314 427/739/287 475/792/334 476/793/346
f 436/744/312 435/743/283 483/794/332 484/795/358
f 429/747/310 428/740/314 476/793/346 477/796/344
f 437/749/308 436/744/312 484/795/358 485/797/343
f 430/751/306 429/747/310 477/796/344 478/798/342
f 438/753/304 437/749/308 485/797/343 486/799/340
f 431/755/300 430/751/306 478/798/342 479/800/339
f 424/758/298 423/757/301 471/801/341 472/802/351
f 423/757/301 438/753/304 486/799/340 471/801/341
f 432/762/296 431/761/300 479/803/339 480/804/359
f 425/765/294 424/758/298 472/802/351 473/805/336
f 433/767/292 432/762/296 480/804/359 481/806/350
f 426/769/290 425/765/294 473/805/336 474/807/333
f 434/771/286 433/767/292 481/806/350 482/808/360
f 427/739/287 426/769/290 474/807/333 475/792/334
f 435/743/283 434/771/286 482/808/360 483/794/332
f 481/809/350 480/810/359 551/811/94
f 491/812/287 492/813/314 508/814/313 507/815/288
f 499/816/283 500/817/312 516/818/311 515/819/284
f 492/813/314 493/820/310 509/821/309 508/814/313
f 500/817/312 501/822/308 517/823/307 516/818/311
f 493/820/310 494/824/306 510/825/361 509/821/309
f 501/822/308 502/826/304 518/827/303 517/823/307
f 494/824/306 495/828/300 511/829/299 510/825/361
f 487/830/301 488/831/298 504/832/297 503/833/302
f 502/826/304 487/830/301 503/833/302 518/827/303
f 495/834/300 496/835/296 512/836/295 511/837/299
f 488/831/298 489/838/294 505/839/293 504/832/297
f 496/835/296 497/840/292 513/841/291 512/836/295
f 489/838/294 490/842/290 506/843/353 505/839/293
f 497/840/292 498/844/286 514/845/285 513/841/291
f 490/842/290 491/812/287 507/815/288 506/843/353
f 498/844/286 499/816/283 515/819/284 514/845/285
f 513/841/291 514/845/285 530/846/354 529/847/362
f 506/843/353 507/815/288 523/848/319 522/849/321
f 514/845/285 515/819/284 531/850/318 530/846/354
f 507/815/288 508/814/313 524/851/316 523/848/319
f 515/819/284 516/818/311 532/852/317 531/850/318
f 508/814/313 509/821/309 525/853/347 524/851/316
f 516/818/311 517/823/307 533/854/330 532/852/317
f 509/821/309 510/825/361 526/855/356 525/853/347
f 517/823/307 518/827/303 534/856/357 533/854/330
f 510/825/361 511/829/299 527/857/326 526/855/356
f 503/833/302 504/832/297 520/858/325 519/859/327
f 518/827/303 503/833/302 519/859/327 534/856/357
f 511/837/299 512/836/295 528/860/324 527/861/326
f 504/832/297 505/839/293 521/862/323 520/858/325
f 512/836/295 513/841/291 529/847/362 528/860/324
f 505/839/293 506/843/353 522/849/321 521/862/323
f 525/863/347 526/855/356 554/864/99
f 492/813/314 491/812/287 539/865/334 540/866/346
f 500/817/312 499/816/283 547/867/332 548/868/358
f 493/820/310 492/813/314 540/866/346 541/869/344
f 501/822/308 500/817/312 548/868/358 549/870/343
f 494/824/306 493/820/310 541/869/344 542/871/342
f 502/826/304 501/822/308 549/870/343 550/872/340
f 495/828/300 494/824/306 542/871/342 543/873/339
f 488/831/298 487/830/301 535/874/341 536/875/351
f 487/830/301 502/826/304 550/872/340 535/874/341
f 496/835/296 495/834/300 543/876/339 544/877/337
f 489/838/294 488/831/298 536/875/351 537/878/336
f 497/840/292 496/835/296 544/877/337 545/879/350
f 490/842/290 489/838/294 537/878/336 538/880/333
f 498/844/286 497/840/292 545/879/350 546/881/360
f 491/812/287 490/842/290 538/880/333 539/865/334
f 499/816/283 498/844/286 546/881/360 547/867/332
f 545/882/350 544/883/337 553/884/94
f 484/885/358 483/886/332 551/811/94
f 477/887/344 476/888/346 551/811/94
f 473/889/336 551/811/94 474/890/333
f 479/800/339 551/811/94 480/810/359
f 551/811/94 483/886/332 482/891/360
f 481/809/350 551/811/94 482/891/360
f 551/811/94 471/892/341 486/893/340
f 486/893/340 485/894/343 551/811/94
f 485/894/343 484/885/358 551/811/94
f 476/888/346 475/895/334 551/811/94
f 551/811/94 479/800/339 478/798/342
f 478/798/342 477/887/344 551/811/94
f 473/889/336 472/896/351 551/811/94
f 472/896/351 471/892/341 551/811/94
f 551/811/94 475/895/334 474/890/333
f 469/897/355 470/898/357 552/791/99
f 465/899/322 466/900/354 552/791/99
f 458/901/321 459/902/319 552/791/99
f 463/784/326 552/791/99 462/782/356
f 552/791/99 459/902/319 460/903/316
f 461/790/347 552/791/99 460/903/316
f 470/898/357 455/904/327 552/791/99
f 552/791/99 467/905/318 468/906/317
f 468/906/317 469/897/355 552/791/99
f 466/900/354 467/905/318 552/791/99
f 552/791/99 463/784/326 464/907/324
f 464/907/324 465/899/322 552/791/99
f 455/904/327 456/908/325 552/791/99
f 456/908/325 457/909/323 552/791/99
f 457/909/323 458/901/321 552/791/99
f 541/910/344 540/911/346 553/884/94
f 548/912/358 547/913/332 553/884/94
f 537/914/336 553/884/94 538/915/333
f 543/873/339 553/884/94 544/883/337
f 553/884/94 547/913/332 546/916/360
f 545/882/350 553/884/94 546/916/360
f 540/911/346 539/917/334 553/884/94
f 553/884/94 543/873/339 542/871/342
f 542/871/342 541/910/344 553/884/94
f 553/884/94 535/918/341 550/919/340
f 550/919/340 549/920/343 553/884/94
f 549/920/343 548/912/358 553/884/94
f 537/914/336 536/921/351 553/884/94
f 536/921/351 535/918/341 553/884/94
f 553/884/94 539/917/334 538/915/333
f 533/922/330 534/923/357 554/864/99
f 529/924/362 530/925/354 554/864/99
f 522/926/321 523/927/319 554/864/99
f 527/857/326 554/864/99 526/855/356
f 554/864/99 523/927/319 524/928/316
f 525/863/347 554/864/99 524/928/316
f 534/923/357 519/929/327 554/864/99
f 554/864/99 531/930/318 532/931/317
f 532/931/317 533/922/330 554/864/99
f 530/925/354 531/930/318 554/864/99
f 554/864/99 527/857/326 528/932/324
f 528/932/324 529/924/362 554/864/99
f 519/929/327 520/933/325 554/864/99
f 520/933/325 521/934/323 554/864/99
f 521/934/323 522/926/321 554/864/99
f 413/935/350 414/725/337 555/738/94
f 421/936/336 422/937/351 555/738/94
f 410/938/345 411/939/332 555/738/94
f 419/940/334 555/738/94 418/737/346
f 555/738/94 415/727/339 416/941/342
f 417/736/344 555/738/94 416/941/342
f 415/727/339 555/738/94 414/725/337
f 555/738/94 411/939/332 412/942/331
f 413/935/350 555/738/94 412/942/331
f 422/937/351 407/943/341 555/738/94
f 555/738/94 419/940/334 420/944/333
f 420/944/333 421/936/336 555/738/94
f 407/943/341 408/945/352 555/738/94
f 408/945/352 409/946/343 555/738/94
f 409/946/343 410/938/345 555/738/94
f 397/947/349 396/948/320 556/718/99
f 404/949/321 403/950/319 556/718/99
f 393/951/330 556/718/99 394/952/317
f 399/710/326 556/718/99 400/717/329
f 556/718/99 403/950/319 402/953/316
f 401/716/347 556/718/99 402/953/316
f 396/948/320 395/954/348 556/718/99
f 556/718/99 399/710/326 398/708/324
f 398/708/324 397/947/349 556/718/99
f 556/718/99 391/955/327 406/956/325
f 406/956/325 405/957/323 556/718/99
f 405/957/323 404/949/321 556/718/99
f 393/951/330 392/958/328 556/718/99
f 392/958/328 391/955/327 556/718/99
f 556/718/99 395/954/348 394/952/317
f 349/959/335 350/651/337 557/664/94
f 357/960/336 358/961/338 557/664/94
f 346/962/345 347/963/332 557/664/94
f 355/964/334 557/664/94 354/663/346
f 557/664/94 351/653/339 352/965/342
f 353/662/344 557/664/94 352/965/342
f 351/653/339 557/664/94 350/651/337
f 557/664/94 347/963/332 348/966/331
f 349/959/335 557/664/94 348/966/331
f 358/961/338 343/967/341 557/664/94
f 557/664/94 355/964/334 356/968/333
f 356/968/333 357/960/336 557/664/94
f 343/967/341 344/969/340 557/664/94
f 344/969/340 345/970/343 557/664/94
f 345/970/343 346/962/345 557/664/94
f 333/971/322 332/972/320 558/644/99
f 340/973/321 339/974/319 558/644/99
f 329/975/330 558/644/99 330/976/317
f 335/636/326 558/644/99 336/643/329
f 558/644/99 339/974/319 338/977/316
f 337/642/315 558/644/99 338/977/316
f 332/972/320 331/978/318 558/644/99
f 558/644/99 335/636/326 334/634/324
f 334/634/324 333/971/322 558/644/99
f 558/644/99 327/979/327 342/980/325
f 342/980/325 341/981/323 558/644/99
f 341/981/323 340/973/321 558/644/99
f 329/975/330 328/982/328 558/644/99
f 328/982/328 327/979/327 558/644/99
f 558/644/99 331/978/318 330/976/317
f 207/983/250 256/984/250 563/487/250 562/486/250
f 183/407/208 207/408/209 562/367/178 561/366/178
f 185/247/120 183/325/145 561/329/149 560/248/121
f 36/985/119 559/245/119 560/248/121 123/327/147
f 564/540/99 271/986/99 255/987/99 563/541/99
f 278/988/99 565/989/99 279/990/99
f 265/991/99 564/540/99 266/992/99
f 565/989/99 243/993/99 242/994/99
f 252/995/99 253/996/99 565/989/99
f 272/997/99 565/989/99 273/998/99
f 565/989/99 564/540/99 279/990/99
f 273/998/99 565/989/99 274/999/99
f 564/540/99 285/543/99 284/1000/99
f 564/540/99 284/1000/99 283/1001/99
f 274/999/99 565/989/99 275/1002/99
f 275/1002/99 565/989/99 276/1003/99
f 564/540/99 283/1001/99 282/1004/99
f 564/540/99 282/1004/99 281/1005/99
f 276/1003/99 565/989/99 277/1006/99
f 277/1006/99 565/989/99 278/988/99
f 564/540/99 281/1005/99 280/1007/99
f 564/540/99 280/1007/99 279/990/99
f 565/989/99 257/1008/99 269/1009/99
f 269/1009/99 258/1010/99 565/989/99
f 258/1010/99 259/1011/99 565/989/99
f 259/1011/99 260/1012/99 565/989/99
f 260/1012/99 261/1013/99 565/989/99
f 261/1013/99 262/1014/99 565/989/99
f 271/986/99 564/540/99 263/1015/99
f 564/540/99 565/989/99 268/1016/99
f 263/1015/99 564/540/99 270/1017/99
f 264/1018/99 270/1017/99 564/540/99
f 264/1018/99 564/540/99 265/991/99
f 268/1016/99 267/1019/99 564/540/99
f 267/1019/99 266/992/99 564/540/99
f 565/989/99 262/1014/99 268/1016/99
f 238/1020/99 237/1021/99 257/1008/99
f 257/1008/99 565/989/99 241/1022/99
f 565/989/99 246/1023/99 245/1024/99
f 245/1024/99 244/1025/99 565/989/99
f 244/1025/99 243/993/99 565/989/99
f 239/1026/99 238/1020/99 257/1008/99
f 242/994/99 241/1022/99 565/989/99
f 241/1022/99 240/1027/99 257/1008/99
f 240/1027/99 239/1026/99 257/1008/99
f 254/1028/99 246/1023/99 565/989/99
f 565/989/99 272/997/99 251/1029/99
f 272/997/99 247/1030/99 248/1031/99
f 248/1031/99 249/1032/99 272/997/99
f 249/1032/99 250/1033/99 272/997/99
f 251/1029/99 272/997/99 250/1033/99
f 253/996/99 254/1028/99 565/989/99
f 251/1029/99 252/995/99 565/989/99
o painted_wooden_cabinet_door_02
v 0.563575 0.153990 0.209323
v 0.008688 0.153990 0.274398
v 0.008688 0.879590 0.274398
v 0.499030 0.219933 0.232430
v 0.075595 0.219933 0.282089
v 0.498307 0.813744 0.232514
v 0.075595 0.813744 0.282089
v 0.565909 0.154038 0.233389
v 0.011022 0.154038 0.298465
v 0.565024 0.879639 0.233493
v 0.011022 0.879639 0.298465
v 0.500048 0.219933 0.241113
v 0.076613 0.219933 0.290773
v 0.076613 0.813744 0.290773
v 0.499325 0.813744 0.241198
v 0.075653 0.814073 0.266545
v 0.497705 0.814073 0.217048
v 0.497705 0.219507 0.217048
v 0.074927 0.219507 0.266630
v 0.562689 0.879590 0.209426
v 0.076585 0.814073 0.274493
v 0.498637 0.814073 0.224996
v 0.498637 0.219507 0.224996
v 0.075859 0.219507 0.274578
v 0.042757 0.528841 0.294601
v 0.038802 0.528317 0.295065
v 0.035117 0.526780 0.295497
v 0.031952 0.524335 0.295868
v 0.029524 0.521149 0.296153
v 0.027997 0.517438 0.296332
v 0.027477 0.513457 0.296393
v 0.027997 0.509475 0.296332
v 0.029524 0.505764 0.296153
v 0.031952 0.502578 0.295868
v 0.035117 0.500133 0.295497
v 0.038802 0.498596 0.295065
v 0.042757 0.498072 0.294601
v 0.046711 0.498596 0.294137
v 0.050397 0.500133 0.293705
v 0.053561 0.502578 0.293334
v 0.055989 0.505764 0.293049
v 0.057516 0.509475 0.292870
v 0.058037 0.513457 0.292809
v 0.057516 0.517438 0.292870
v 0.055989 0.521149 0.293049
v 0.053561 0.524335 0.293334
v 0.050397 0.526780 0.293705
v 0.046711 0.528317 0.294137
v 0.042952 0.528491 0.296266
v 0.039087 0.527979 0.296720
v 0.035486 0.526477 0.297142
v 0.032393 0.524088 0.297505
v 0.030020 0.520974 0.297783
v 0.028529 0.517348 0.297958
v 0.028020 0.513457 0.298018
v 0.028529 0.509566 0.297958
v 0.030020 0.505939 0.297783
v 0.032393 0.502826 0.297505
v 0.035486 0.500437 0.297142
v 0.039087 0.498935 0.296720
v 0.042952 0.498422 0.296266
v 0.046817 0.498935 0.295813
v 0.050418 0.500437 0.295391
v 0.053510 0.502826 0.295028
v 0.055883 0.505939 0.294750
v 0.057375 0.509566 0.294575
v 0.057884 0.513457 0.294515
v 0.057375 0.517348 0.294575
v 0.055883 0.520974 0.294750
v 0.053510 0.524088 0.295028
v 0.050418 0.526477 0.295391
v 0.046817 0.527979 0.295813
v 0.044714 0.518519 0.299649
v 0.042020 0.518519 0.299965
v 0.039686 0.517163 0.300238
v 0.038339 0.514813 0.300396
v 0.038339 0.512100 0.300396
v 0.039686 0.509750 0.300238
v 0.042020 0.508394 0.299965
v 0.044714 0.508394 0.299649
v 0.047048 0.509750 0.299375
v 0.048395 0.512100 0.299217
v 0.048395 0.514813 0.299217
v 0.047048 0.517163 0.299375
v 0.044939 0.517356 0.304243
v 0.042864 0.517356 0.304487
v 0.041067 0.516311 0.304698
v 0.040029 0.514501 0.304819
v 0.040029 0.512412 0.304819
v 0.041067 0.510602 0.304698
v 0.042864 0.509557 0.304487
v 0.044939 0.509557 0.304243
v 0.046737 0.510602 0.304033
v 0.047774 0.512412 0.303911
v 0.047774 0.514501 0.303911
v 0.046737 0.516311 0.304033
v 0.046224 0.519804 0.309565
v 0.042846 0.519804 0.309961
v 0.043055 0.509087 0.307200
v 0.039920 0.518103 0.310304
v 0.048558 0.514627 0.306555
v 0.038231 0.515157 0.310502
v 0.041041 0.516655 0.307436
v 0.038231 0.511756 0.310502
v 0.048558 0.512286 0.306555
v 0.039920 0.508810 0.310304
v 0.041041 0.510258 0.307436
v 0.042846 0.507110 0.309961
v 0.043055 0.517826 0.307200
v 0.046224 0.507110 0.309565
v 0.045381 0.517826 0.306928
v 0.049150 0.508810 0.309222
v 0.047395 0.510258 0.306691
v 0.050839 0.511756 0.309023
v 0.039878 0.512286 0.307573
v 0.050839 0.515157 0.309023
v 0.047395 0.516655 0.306691
v 0.049150 0.518103 0.309222
v 0.045381 0.509087 0.306928
v 0.039878 0.514627 0.307573
v 0.044970 0.536682 0.313475
v 0.039000 0.535891 0.314176
v 0.033437 0.533570 0.314828
v 0.028659 0.529879 0.315388
v 0.024994 0.525069 0.315818
v 0.022689 0.519468 0.316088
v 0.021903 0.513457 0.316181
v 0.022689 0.507446 0.316088
v 0.024994 0.501844 0.315818
v 0.028659 0.497034 0.315388
v 0.033437 0.493343 0.314828
v 0.039000 0.491023 0.314176
v 0.044970 0.490232 0.313475
v 0.050940 0.491023 0.312775
v 0.056504 0.493343 0.312123
v 0.061281 0.497034 0.311562
v 0.064947 0.501844 0.311133
v 0.067251 0.507446 0.310862
v 0.068037 0.513457 0.310770
v 0.067251 0.519468 0.310862
v 0.064947 0.525069 0.311133
v 0.061281 0.529879 0.311562
v 0.056504 0.533570 0.312123
v 0.050940 0.535891 0.312775
v 0.045195 0.536440 0.315391
v 0.039287 0.535657 0.316084
v 0.033782 0.533360 0.316729
v 0.029054 0.529708 0.317284
v 0.025427 0.524948 0.317709
v 0.023146 0.519405 0.317977
v 0.022369 0.513457 0.318068
v 0.023146 0.507508 0.317977
v 0.025427 0.501965 0.317709
v 0.029054 0.497205 0.317284
v 0.033782 0.493553 0.316729
v 0.039287 0.491257 0.316084
v 0.045195 0.490474 0.315391
v 0.051103 0.491257 0.314698
v 0.056608 0.493553 0.314052
v 0.061336 0.497205 0.313498
v 0.064963 0.501965 0.313072
v 0.067244 0.507508 0.312805
v 0.068021 0.513457 0.312714
v 0.067244 0.519405 0.312805
v 0.064963 0.524948 0.313072
v 0.061336 0.529708 0.313498
v 0.056608 0.533360 0.314052
v 0.051103 0.535657 0.314698
v 0.045487 0.528907 0.317880
v 0.041515 0.528381 0.318345
v 0.037814 0.526837 0.318779
v 0.034636 0.524382 0.319152
v 0.032197 0.521182 0.319438
v 0.030664 0.517456 0.319618
v 0.030141 0.513457 0.319679
v 0.030664 0.509458 0.319618
v 0.032197 0.505731 0.319438
v 0.034636 0.502531 0.319152
v 0.037814 0.500076 0.318779
v 0.041515 0.498533 0.318345
v 0.045487 0.498006 0.317880
v 0.049458 0.498533 0.317414
v 0.053160 0.500076 0.316980
v 0.056338 0.502531 0.316607
v 0.058776 0.505731 0.316321
v 0.060309 0.509458 0.316141
v 0.060832 0.513457 0.316080
v 0.060309 0.517456 0.316141
v 0.058776 0.521182 0.316321
v 0.056338 0.524382 0.316607
v 0.053160 0.526837 0.316980
v 0.049458 0.528381 0.317414
v 0.045830 0.526030 0.320806
v 0.042598 0.525602 0.321185
v 0.039586 0.524346 0.321538
v 0.036999 0.522348 0.321841
v 0.035015 0.519744 0.322074
v 0.033767 0.516711 0.322220
v 0.033342 0.513457 0.322270
v 0.033767 0.510202 0.322220
v 0.035015 0.507170 0.322074
v 0.036999 0.504566 0.321841
v 0.039586 0.502568 0.321538
v 0.042598 0.501311 0.321185
v 0.045830 0.500883 0.320806
v 0.049062 0.501311 0.320427
v 0.052074 0.502568 0.320073
v 0.054660 0.504566 0.319770
v 0.056645 0.507170 0.319537
v 0.057892 0.510202 0.319391
v 0.058318 0.513457 0.319341
v 0.057892 0.516711 0.319391
v 0.056645 0.519744 0.319537
v 0.054660 0.522348 0.319770
v 0.052074 0.524346 0.320073
v 0.049062 0.525602 0.320427
v 0.046057 0.513456 0.322747
vn -0.0000 -1.0000 -0.0000
vn -0.0000 1.0000 -0.0000
vn 0.9932 -0.0000 -0.1165
vn 0.1165 -0.0000 0.9932
vn -0.9932 -0.0012 0.1165
vn 0.9953 0.0012 -0.0966
vn 0.0002 -1.0000 0.0020
vn -0.0002 1.0000 -0.0020
vn -0.9953 -0.0000 0.0965
vn -0.1165 -0.0000 -0.9932
vn 0.9932 -0.0012 -0.1165
vn -0.9932 -0.0000 0.1165
vn 0.0238 -0.9789 0.2031
vn 0.2754 -0.9455 0.1736
vn 0.2111 -0.4919 0.8446
vn 0.1004 -0.5060 0.8567
vn -0.9153 0.2533 0.3132
vn -0.9484 -0.0000 0.3171
vn -0.4021 -0.0000 0.9156
vn -0.3778 0.1497 0.9137
vn 0.8658 0.4894 0.1044
vn 0.7113 0.6922 0.1225
vn 0.4684 0.3423 0.8145
vn 0.5357 0.2530 0.8056
vn 0.5099 -0.8477 0.1461
vn 0.3518 -0.4382 0.8272
vn -0.9153 -0.2533 0.3133
vn -0.3880 -0.1113 0.9149
vn 0.5099 0.8477 0.1461
vn 0.3517 0.4382 0.8272
vn 0.7113 -0.6922 0.1225
vn 0.4406 -0.3704 0.8177
vn -0.8181 -0.4894 0.3018
vn -0.3348 -0.2530 0.9077
vn 0.2754 0.9455 0.1736
vn 0.2492 0.4817 0.8402
vn 0.0238 0.9789 0.2031
vn -0.2278 0.9455 0.2326
vn -0.0099 0.4919 0.8706
vn 0.1005 0.5061 0.8566
vn 0.8658 -0.4894 0.1044
vn 0.5357 -0.2530 0.8056
vn -0.6636 -0.6922 0.2837
vn -0.2673 -0.3423 0.9007
vn -0.4623 0.8477 0.2601
vn -0.1508 0.4382 0.8861
vn 0.9629 -0.2534 0.0930
vn 0.5790 -0.1496 0.8015
vn -0.4623 -0.8477 0.2601
vn -0.1508 -0.4382 0.8861
vn -0.6636 0.6922 0.2837
vn -0.2394 0.3704 0.8975
vn 0.9960 -0.0000 0.0890
vn 0.6031 -0.0000 0.7977
vn -0.2278 -0.9455 0.2326
vn -0.0480 -0.4817 0.8750
vn -0.8181 0.4894 0.3018
vn -0.3348 0.2530 0.9077
vn 0.9629 0.2534 0.0930
vn 0.5892 0.1113 0.8003
vn -0.1445 0.2137 0.9661
vn 0.4208 0.1149 0.8998
vn 0.4362 -0.0570 0.8980
vn 0.0531 -0.3286 0.9430
vn -0.2166 0.0570 0.9746
vn 0.2240 -0.3131 0.9229
vn 0.3221 0.2561 0.9114
vn -0.2012 -0.1149 0.9728
vn 0.3642 -0.2137 0.9065
vn 0.1664 0.3286 0.9297
vn -0.0043 0.3131 0.9497
vn -0.1024 -0.2561 0.9612
vn 0.2782 -0.9343 0.2230
vn 0.7089 -0.6839 0.1725
vn 0.7107 -0.7031 0.0232
vn 0.2679 -0.9605 0.0751
vn 0.7089 0.6839 0.1725
vn 0.2782 0.9343 0.2230
vn 0.2679 0.9605 0.0751
vn 0.7107 0.7031 0.0232
vn -0.2191 0.9343 0.2813
vn -0.2433 0.9605 0.1351
vn -0.8983 -0.2504 0.3610
vn -0.6497 -0.6840 0.3318
vn -0.6860 -0.7031 0.1870
vn -0.9416 -0.2574 0.2170
vn 0.9575 -0.2503 0.1433
vn 0.9663 -0.2574 -0.0068
vn -0.6497 0.6840 0.3318
vn -0.6860 0.7031 0.1870
vn -0.2190 -0.9343 0.2813
vn -0.2433 -0.9605 0.1351
vn 0.9575 0.2503 0.1433
vn 0.9663 0.2574 -0.0068
vn -0.8983 0.2504 0.3610
vn -0.9416 0.2574 0.2170
vn -0.6797 0.6316 -0.3730
vn -0.2820 0.8628 -0.4196
vn 0.8046 -0.2312 -0.5470
vn 0.8046 0.2312 -0.5470
vn 0.6961 0.2067 -0.6875
vn 0.6961 -0.2067 -0.6875
vn 0.1772 -0.8628 -0.4734
vn -0.2820 -0.8628 -0.4196
vn -0.9093 0.2312 -0.3460
vn -0.8363 0.2067 -0.5078
vn -0.6310 0.5647 -0.5319
vn 0.1772 0.8628 -0.4734
vn 0.5750 0.6316 -0.5201
vn 0.1352 -0.7715 -0.6217
vn -0.2754 -0.7715 -0.5736
vn -0.6797 -0.6316 -0.3729
vn 0.4908 0.5647 -0.6635
vn -0.9093 -0.2312 -0.3460
vn -0.8363 -0.2067 -0.5078
vn 0.5749 -0.6316 -0.5201
vn 0.4908 -0.5648 -0.6634
vn 0.1352 0.7715 -0.6217
vn -0.2754 0.7715 -0.5736
vn -0.6310 -0.5647 -0.5319
vn -0.3127 -0.0748 -0.9469
vn -0.4354 -0.1905 -0.8798
vn -0.4731 -0.0940 -0.8760
vn 0.0213 0.1649 -0.9861
vn -0.0786 0.2108 -0.9744
vn 0.0013 0.3635 -0.9316
vn 0.0816 0.3300 -0.9405
vn -0.1881 0.2003 -0.9615
vn -0.1937 0.3698 -0.9087
vn -0.1077 0.3810 -0.9183
vn 0.0500 -0.1361 -0.9894
vn 0.2200 -0.1905 -0.9567
vn 0.1557 -0.2715 -0.9498
vn -0.2489 -0.1649 -0.9544
vn -0.3829 -0.2599 -0.8865
vn -0.2969 0.3300 -0.8961
vn 0.0956 -0.0353 -0.9948
vn 0.2533 -0.1099 -0.9611
vn -0.2969 -0.3299 -0.8961
vn -0.2776 0.1361 -0.9510
vn -0.3659 0.2769 -0.8885
vn 0.2707 -0.0000 -0.9627
vn -0.1489 -0.2109 -0.9661
vn -0.2169 -0.3636 -0.9060
vn -0.4354 0.1905 -0.8798
vn 0.0851 0.0748 -0.9936
vn 0.2595 0.0865 -0.9618
vn -0.1077 -0.3810 -0.9183
vn -0.3232 0.0354 -0.9457
vn -0.4689 0.1099 -0.8764
vn 0.2200 0.1905 -0.9567
vn -0.0395 -0.2003 -0.9789
vn -0.0218 -0.3698 -0.9289
vn -0.4861 -0.0000 -0.8739
vn 0.1674 0.2599 -0.9510
vn 0.0815 -0.3299 -0.9405
vn 0.6027 0.1359 0.7863
vn 0.6205 0.0001 0.7842
vn 0.0992 -0.5249 0.8454
vn -0.0358 -0.5070 0.8612
vn -0.4045 0.1358 0.9044
vn -0.3524 0.2625 0.8983
vn 0.5506 0.2625 0.7924
vn 0.2341 -0.5070 0.8295
vn -0.4222 -0.0000 0.9065
vn 0.4678 0.3712 0.8021
vn 0.3599 -0.4546 0.8148
vn -0.4044 -0.1359 0.9044
vn 0.3598 0.4546 0.8148
vn 0.4678 -0.3712 0.8021
vn -0.3524 -0.2625 0.8983
vn 0.2340 0.5071 0.8295
vn -0.0358 0.5070 0.8612
vn 0.0990 0.5249 0.8454
vn 0.5507 -0.2624 0.7924
vn -0.2695 -0.3712 0.8886
vn -0.1616 0.4546 0.8759
vn 0.6027 -0.1358 0.7863
vn -0.1615 -0.4546 0.8759
vn -0.2695 0.3712 0.8886
vn -0.2694 -0.2176 0.9381
vn -0.3126 -0.1126 0.9432
vn 0.2167 0.4203 0.8811
vn 0.3210 0.3769 0.8689
vn -0.0070 0.4203 0.9073
vn 0.1049 0.4352 0.8942
vn 0.4792 -0.2176 0.8503
vn 0.4105 -0.3077 0.8584
vn -0.2007 -0.3077 0.9301
vn -0.1112 0.3769 0.9196
vn 0.5223 -0.1126 0.8453
vn -0.1112 -0.3769 0.9196
vn -0.2007 0.3077 0.9301
vn 0.5371 -0.0000 0.8435
vn -0.0070 -0.4203 0.9073
vn -0.2694 0.2176 0.9381
vn 0.5223 0.1126 0.8453
vn 0.1049 -0.4352 0.8942
vn -0.3126 0.1126 0.9432
vn 0.4792 0.2176 0.8503
vn 0.2167 -0.4203 0.8811
vn -0.3273 -0.0000 0.9449
vn 0.4105 0.3077 0.8584
vn 0.3210 -0.3769 0.8689
vn 0.1063 -0.4095 0.9061
vn 0.0010 -0.3955 0.9185
vn -0.2866 0.1060 0.9522
vn -0.2459 0.2048 0.9474
vn 0.4584 0.2047 0.8648
vn 0.4991 0.1060 0.8600
vn 0.2115 -0.3955 0.8938
vn -0.3004 -0.0000 0.9538
vn 0.3938 0.2895 0.8724
vn 0.3096 -0.3546 0.8823
vn -0.2866 -0.1060 0.9522
vn 0.3096 0.3546 0.8823
vn 0.3938 -0.2895 0.8724
vn -0.2459 -0.2047 0.9474
vn 0.2115 0.3955 0.8938
vn 0.0010 0.3955 0.9185
vn 0.1063 0.4094 0.9061
vn 0.4585 -0.2047 0.8648
vn -0.1813 -0.2896 0.9398
vn -0.0971 0.3546 0.9300
vn 0.4991 -0.1060 0.8600
vn -0.0971 -0.3546 0.9300
vn -0.1813 0.2895 0.9399
vn 0.5129 -0.0000 0.8584
vt 0.963209 0.974398
vt 0.963209 0.872291
vt 0.965264 0.872291
vt 0.965264 0.974398
vt 0.122458 0.640061
vt 0.122458 0.742339
vt 0.120403 0.742339
vt 0.120403 0.640061
vt 0.767356 0.983694
vt 0.895573 0.983694
vt 0.895579 0.985932
vt 0.767362 0.985932
vt 0.786209 0.704580
vt 0.646609 0.704580
vt 0.646609 0.602302
vt 0.786209 0.602473
vt 0.146220 0.413877
vt 0.146049 0.553477
vt 0.130459 0.568969
vt 0.130669 0.398386
vt 0.248328 0.553477
vt 0.263853 0.568969
vt 0.248327 0.413877
vt 0.263853 0.398385
vt 0.718448 0.224700
vt 0.718448 0.352917
vt 0.716210 0.352922
vt 0.716210 0.224705
vt 0.187735 0.364403
vt 0.187746 0.370088
vt 0.017162 0.370088
vt 0.017150 0.364404
vt 0.137369 0.838310
vt 0.137256 0.843994
vt 0.003863 0.843994
vt 0.003977 0.838310
vt 0.200392 0.961058
vt 0.200279 0.955374
vt 0.333463 0.955374
vt 0.333577 0.961058
vt 0.990551 0.959818
vt 0.984867 0.959807
vt 0.984866 0.789227
vt 0.990551 0.789238
vt 0.461899 0.900613
vt 0.461899 0.898732
vt 0.359774 0.898732
vt 0.359774 0.900613
vt 0.446681 0.600921
vt 0.463948 0.618491
vt 0.465637 0.472019
vt 0.447975 0.488993
vt 0.289128 0.489004
vt 0.271452 0.472019
vt 0.273142 0.618981
vt 0.290361 0.601321
vt 0.359771 0.908165
vt 0.359770 0.910047
vt 0.461717 0.910047
vt 0.461717 0.908166
vt 0.043587 0.047369
vt 0.043587 0.144782
vt 0.177142 0.144782
vt 0.177142 0.047205
vt 0.974954 0.933726
vt 0.972811 0.872360
vt 0.972811 0.995108
vt 0.974954 0.995100
vt 0.955663 0.872310
vt 0.953521 0.872317
vt 0.953521 0.995065
vt 0.955663 0.995057
vt 0.906280 0.586153
vt 0.901082 0.591216
vt 0.899364 0.588775
vt 0.903879 0.584226
vt 0.895325 0.543694
vt 0.901531 0.547327
vt 0.899684 0.549773
vt 0.894233 0.546489
vt 0.860038 0.579405
vt 0.858373 0.572362
vt 0.861251 0.572054
vt 0.862828 0.578275
vt 0.894915 0.594626
vt 0.893892 0.591874
vt 0.906443 0.552536
vt 0.904159 0.554295
vt 0.858532 0.565320
vt 0.861297 0.565724
vt 0.888247 0.596301
vt 0.887914 0.593472
vt 0.909938 0.558778
vt 0.907176 0.559920
vt 0.860313 0.558525
vt 0.862982 0.559642
vt 0.863825 0.552278
vt 0.868845 0.547319
vt 0.870539 0.549609
vt 0.866178 0.554143
vt 0.881389 0.596295
vt 0.881741 0.593379
vt 0.911629 0.565730
vt 0.908828 0.566088
vt 0.874799 0.543809
vt 0.875921 0.546509
vt 0.874628 0.594489
vt 0.875718 0.591712
vt 0.911629 0.572810
vt 0.908756 0.572451
vt 0.881503 0.541927
vt 0.881923 0.544855
vt 0.868445 0.590871
vt 0.870289 0.588433
vt 0.909853 0.579776
vt 0.907120 0.578649
vt 0.888503 0.541882
vt 0.888169 0.544842
vt 0.863538 0.585670
vt 0.865825 0.583913
vt 0.883976 0.560990
vt 0.878607 0.574064
vt 0.881878 0.576676
vt 0.892371 0.572328
vt 0.888081 0.561574
vt 0.889821 0.575679
vt 0.877049 0.570129
vt 0.891357 0.564193
vt 0.885980 0.577266
vt 0.877615 0.565932
vt 0.880149 0.562589
vt 0.892934 0.568122
vt 0.973810 0.721217
vt 0.973702 0.724922
vt 0.966231 0.724546
vt 0.966790 0.721010
vt 0.973285 0.736621
vt 0.973156 0.740523
vt 0.965093 0.740313
vt 0.965181 0.736253
vt 0.973118 0.744353
vt 0.965195 0.744367
vt 0.973512 0.755391
vt 0.973715 0.758920
vt 0.966953 0.759337
vt 0.966386 0.755894
vt 0.973574 0.728718
vt 0.965751 0.728331
vt 0.973175 0.748119
vt 0.965448 0.748355
vt 0.973763 0.762605
vt 0.967473 0.762268
vt 0.973463 0.732641
vt 0.965382 0.732252
vt 0.973312 0.751806
vt 0.965814 0.752234
vt 0.973795 0.717553
vt 0.967327 0.717822
vt 0.960555 0.748931
vt 0.960093 0.744749
vt 0.960835 0.727562
vt 0.960347 0.731793
vt 0.954887 0.730990
vt 0.955625 0.726389
vt 0.962536 0.719769
vt 0.963867 0.716662
vt 0.961048 0.752997
vt 0.955947 0.754260
vt 0.955089 0.749713
vt 0.959838 0.740438
vt 0.960105 0.736097
vt 0.958099 0.717837
vt 0.960311 0.713796
vt 0.964177 0.763561
vt 0.962854 0.760449
vt 0.954481 0.735774
vt 0.961857 0.756890
vt 0.957139 0.758545
vt 0.961570 0.723530
vt 0.956684 0.721992
vt 0.954453 0.740451
vt 0.954619 0.745013
vt 0.958680 0.762536
vt 0.960803 0.766218
vt 0.416513 0.654682
vt 0.397922 0.634335
vt 0.406276 0.629399
vt 0.428540 0.670694
vt 0.430561 0.665697
vt 0.457072 0.669261
vt 0.454579 0.678797
vt 0.429867 0.660334
vt 0.454571 0.649853
vt 0.457072 0.659388
vt 0.414213 0.672619
vt 0.406296 0.699272
vt 0.397941 0.694337
vt 0.412317 0.657971
vt 0.391102 0.641319
vt 0.449746 0.641303
vt 0.419102 0.674685
vt 0.415616 0.701822
vt 0.386279 0.649869
vt 0.426646 0.656043
vt 0.442920 0.634325
vt 0.425262 0.701822
vt 0.410295 0.662967
vt 0.383786 0.659405
vt 0.434563 0.629389
vt 0.424346 0.673985
vt 0.434580 0.699264
vt 0.383787 0.669277
vt 0.421757 0.653974
vt 0.425242 0.626839
vt 0.442935 0.694330
vt 0.410989 0.668329
vt 0.386290 0.678812
vt 0.415594 0.626839
vt 0.449754 0.687347
vt 0.391115 0.687361
vt 0.127166 0.316548
vt 0.119566 0.323919
vt 0.117631 0.321189
vt 0.124576 0.314389
vt 0.110784 0.253705
vt 0.119944 0.258912
vt 0.117900 0.261662
vt 0.109593 0.256823
vt 0.056564 0.285905
vt 0.059045 0.275744
vt 0.062071 0.276958
vt 0.059750 0.286293
vt 0.110473 0.329092
vt 0.109298 0.325971
vt 0.127205 0.266532
vt 0.124681 0.268518
vt 0.064133 0.266481
vt 0.066787 0.268500
vt 0.100435 0.331610
vt 0.100087 0.328314
vt 0.132445 0.275559
vt 0.129457 0.276885
vt 0.071522 0.258730
vt 0.073591 0.261515
vt 0.090231 0.331446
vt 0.090661 0.328250
vt 0.135249 0.285812
vt 0.131985 0.286321
vt 0.080783 0.253555
vt 0.081955 0.256681
vt 0.080306 0.328778
vt 0.081544 0.325668
vt 0.071135 0.323410
vt 0.063853 0.315578
vt 0.066524 0.313608
vt 0.073246 0.320657
vt 0.135459 0.296571
vt 0.132133 0.296181
vt 0.090713 0.251118
vt 0.091079 0.254302
vt 0.058955 0.306285
vt 0.061967 0.305113
vt 0.132742 0.307200
vt 0.129549 0.305812
vt 0.100831 0.251151
vt 0.100444 0.254420
vt 0.056564 0.296229
vt 0.059655 0.295849
vt 0.086567 0.268381
vt 0.081082 0.271596
vt 0.086217 0.313972
vt 0.092304 0.315686
vt 0.076416 0.306030
vt 0.080786 0.310656
vt 0.119689 0.294589
vt 0.119638 0.288077
vt 0.092652 0.266782
vt 0.073348 0.300454
vt 0.117981 0.300896
vt 0.098887 0.266821
vt 0.071776 0.294261
vt 0.114725 0.306479
vt 0.104914 0.268479
vt 0.071836 0.287881
vt 0.110212 0.310994
vt 0.110379 0.271658
vt 0.073469 0.281713
vt 0.104715 0.314166
vt 0.114864 0.276223
vt 0.076596 0.276141
vt 0.098597 0.315755
vt 0.118020 0.281834
vt 0.106637 0.276660
vt 0.102599 0.274214
vt 0.079076 0.284107
vt 0.077887 0.288727
vt 0.102396 0.308317
vt 0.106511 0.305967
vt 0.109920 0.280098
vt 0.081483 0.280001
vt 0.097838 0.309497
vt 0.112305 0.284245
vt 0.084777 0.276584
vt 0.093150 0.309428
vt 0.113555 0.288894
vt 0.088881 0.274263
vt 0.088647 0.308105
vt 0.081276 0.302316
vt 0.084586 0.305709
vt 0.113479 0.293727
vt 0.093396 0.273014
vt 0.079021 0.298125
vt 0.112270 0.298413
vt 0.098069 0.273004
vt 0.077898 0.293493
vt 0.109910 0.302611
vt 0.095649 0.291230
s 1
usemtl painted_wooden_cabinet
f 580/1034/363 579/1035/363 572/1036/363 571/1037/363
f 578/1038/364 577/1039/364 569/1040/364 570/1041/364
f 579/1042/365 578/1043/365 570/1044/365 572/1045/365
f 572/1046/366 570/1047/366 569/1048/366 571/1049/366
f 580/1050/366 577/1051/366 573/1052/366 575/1053/366
f 577/1051/366 578/1054/366 574/1055/366 573/1052/366
f 578/1054/366 579/1056/366 576/1057/366 574/1055/366
f 579/1056/366 580/1050/366 575/1053/366 576/1057/366
f 577/1058/367 580/1059/367 571/1060/367 569/1061/367
f 585/1062/368 575/1063/368 573/1064/368 566/1065/368
f 574/1066/369 567/1067/369 566/1068/369 573/1069/369
f 575/1070/370 585/1071/370 568/1072/370 576/1073/370
f 567/1074/371 574/1075/371 576/1076/371 568/1077/371
f 584/1078/364 589/1079/364 588/1080/364 583/1081/364
f 581/1082/372 568/1083/372 585/1084/372 582/1085/372
f 583/1086/372 566/1087/372 567/1088/372 584/1089/372
f 582/1090/363 587/1091/363 586/1092/363 581/1093/363
f 586/1094/372 587/1095/372 588/1096/372 589/1097/372
f 581/1098/373 586/1099/373 589/1100/373 584/1101/373
f 583/1086/372 582/1085/372 585/1084/372 566/1087/372
f 583/1102/374 588/1103/374 587/1104/374 582/1105/374
f 584/1089/372 567/1088/372 568/1083/372 581/1082/372
f 602/1106/375 603/1107/376 627/1108/377 626/1109/378
f 595/1110/379 596/1111/380 620/1112/381 619/1113/382
f 610/1114/383 611/1115/384 635/1116/385 634/1117/386
f 603/1107/376 604/1118/387 628/1119/388 627/1108/377
f 596/1111/380 597/1120/389 621/1121/390 620/1112/381
f 611/1115/384 612/1122/391 636/1123/392 635/1116/385
f 604/1118/387 605/1124/393 629/1125/394 628/1119/388
f 597/1120/389 598/1126/395 622/1127/396 621/1121/390
f 612/1122/391 613/1128/397 637/1129/398 636/1123/392
f 590/1130/399 591/1131/400 615/1132/401 614/1133/402
f 605/1124/393 606/1134/403 630/1135/404 629/1125/394
f 598/1126/395 599/1136/405 623/1137/406 622/1127/396
f 613/1128/397 590/1130/399 614/1133/402 637/1129/398
f 591/1131/400 592/1138/407 616/1139/408 615/1132/401
f 606/1134/403 607/1140/409 631/1141/410 630/1135/404
f 599/1136/405 600/1142/411 624/1143/412 623/1137/406
f 592/1138/407 593/1144/413 617/1145/414 616/1139/408
f 607/1140/409 608/1146/415 632/1147/416 631/1141/410
f 600/1142/411 601/1148/417 625/1149/418 624/1143/412
f 593/1144/413 594/1150/419 618/1151/420 617/1145/414
f 608/1146/415 609/1152/421 633/1153/422 632/1147/416
f 601/1148/417 602/1106/375 626/1109/378 625/1149/418
f 594/1150/419 595/1110/379 619/1113/382 618/1151/420
f 609/1152/421 610/1114/383 634/1117/386 633/1153/422
f 617/1145/414 618/1151/420 640/1154/423
f 632/1147/416 633/1153/422 648/1155/424 647/1156/425
f 625/1149/418 626/1109/378 644/1157/426
f 618/1151/420 619/1113/382 641/1158/427 640/1154/423
f 633/1153/422 634/1117/386 648/1155/424
f 626/1109/378 627/1108/377 645/1159/428 644/1157/426
f 619/1113/382 620/1112/381 641/1158/427
f 634/1117/386 635/1116/385 649/1160/429 648/1155/424
f 627/1108/377 628/1119/388 645/1159/428
f 620/1112/381 621/1121/390 642/1161/430 641/1158/427
f 635/1116/385 636/1123/392 649/1160/429
f 628/1119/388 629/1125/394 646/1162/431 645/1159/428
f 621/1121/390 622/1127/396 642/1161/430
f 636/1123/392 637/1129/398 638/1163/432 649/1160/429
f 614/1133/402 615/1132/401 639/1164/433 638/1163/432
f 629/1125/394 630/1135/404 646/1162/431
f 622/1127/396 623/1137/406 643/1165/434 642/1161/430
f 637/1129/398 614/1133/402 638/1163/432
f 615/1132/401 616/1139/408 639/1164/433
f 630/1135/404 631/1141/410 647/1156/425 646/1162/431
f 623/1137/406 624/1143/412 643/1165/434
f 616/1139/408 617/1145/414 640/1154/423 639/1164/433
f 631/1141/410 632/1147/416 647/1156/425
f 624/1143/412 625/1149/418 644/1157/426 643/1165/434
f 645/1166/435 646/1167/436 658/1168/437 657/1169/438
f 649/1170/439 638/1171/440 650/1172/441 661/1173/442
f 638/1171/440 639/1174/443 651/1175/444 650/1172/441
f 642/1176/445 643/1177/446 655/1178/447 654/1179/448
f 646/1167/436 647/1180/449 659/1181/450 658/1168/437
f 639/1174/443 640/1182/451 652/1183/452 651/1175/444
f 643/1177/446 644/1184/453 656/1185/454 655/1178/447
f 647/1180/449 648/1186/455 660/1187/456 659/1181/450
f 640/1182/451 641/1188/457 653/1189/458 652/1183/452
f 644/1190/453 645/1166/435 657/1169/438 656/1191/454
f 648/1186/455 649/1170/439 661/1173/442 660/1187/456
f 641/1188/457 642/1176/445 654/1179/448 653/1189/458
f 651/1175/444 652/1183/452 668/1192/459 674/1193/460
f 670/1194/461 666/1195/462 681/1196/463 679/1197/464
f 656/1191/454 657/1169/438 684/1198/465 664/1199/466
f 668/1192/459 685/1200/467 667/1201/468 665/1202/469
f 661/1173/442 650/1172/441 676/1203/470 682/1204/471
f 664/1199/466 684/1198/465 675/1205/472 673/1206/473
f 655/1178/447 656/1185/454 664/1207/466 672/1208/474
f 666/1195/462 682/1204/471 683/1209/475 681/1196/463
f 660/1187/456 661/1173/442 682/1204/471 666/1195/462
f 685/1200/467 680/1210/476 669/1211/477 667/1201/468
f 650/1172/441 651/1175/444 674/1193/460 676/1203/470
f 684/1198/465 678/1212/478 677/1213/479 675/1205/472
f 659/1181/450 660/1187/456 666/1195/462 670/1194/461
f 682/1204/471 676/1203/470 662/1214/480 683/1209/475
f 676/1203/470 674/1193/460 663/1215/481 662/1214/480
f 653/1189/458 654/1179/448 680/1210/476 685/1200/467
f 680/1210/476 672/1208/474 671/1216/482 669/1211/477
f 654/1179/448 655/1178/447 672/1208/474 680/1210/476
f 658/1168/437 659/1181/450 670/1194/461 678/1212/478
f 678/1212/478 670/1194/461 679/1197/464 677/1213/479
f 652/1183/452 653/1189/458 685/1200/467 668/1192/459
f 674/1193/460 668/1192/459 665/1202/469 663/1215/481
f 657/1169/438 658/1168/437 678/1212/478 684/1198/465
f 672/1208/474 664/1207/466 673/1217/473 671/1216/482
f 669/1218/483 694/1219/484 693/1220/485
f 683/1221/486 662/1222/487 709/1223/488 708/1224/489
f 662/1222/487 663/1225/490 687/1226/491 686/1227/492
f 677/1228/493 702/1229/494 701/1230/495
f 669/1218/483 671/1231/496 695/1232/497 694/1219/484
f 662/1222/487 686/1227/492 709/1223/488
f 663/1225/490 688/1233/498 687/1226/491
f 677/1228/493 679/1234/499 703/1235/500 702/1229/494
f 671/1231/496 696/1236/501 695/1232/497
f 663/1225/490 665/1237/502 689/1238/503 688/1233/498
f 679/1234/499 704/1239/504 703/1235/500
f 671/1231/496 673/1240/505 697/1241/506 696/1236/501
f 665/1237/502 690/1242/507 689/1238/503
f 679/1234/499 681/1243/508 705/1244/509 704/1239/504
f 673/1240/505 698/1245/510 697/1241/506
f 665/1237/502 667/1246/511 691/1247/512 690/1242/507
f 681/1243/508 706/1248/513 705/1244/509
f 673/1240/505 675/1249/514 699/1250/515 698/1245/510
f 667/1246/511 692/1251/516 691/1247/512
f 681/1243/508 683/1221/486 707/1252/517 706/1248/513
f 675/1249/514 700/1253/518 699/1250/515
f 667/1246/511 669/1218/483 693/1220/485 692/1251/516
f 683/1221/486 708/1224/489 707/1252/517
f 675/1249/514 677/1228/493 701/1230/495 700/1253/518
f 704/1254/504 705/1255/509 729/1256/519 728/1257/520
f 697/1258/506 698/1259/510 722/1260/521 721/1261/522
f 690/1262/507 691/1263/512 715/1264/523 714/1265/524
f 705/1255/509 706/1266/513 730/1267/525 729/1256/519
f 698/1259/510 699/1268/515 723/1269/526 722/1260/521
f 691/1263/512 692/1270/516 716/1271/527 715/1264/523
f 706/1266/513 707/1272/517 731/1273/528 730/1267/525
f 699/1268/515 700/1274/518 724/1275/529 723/1269/526
f 692/1270/516 693/1276/485 717/1277/530 716/1271/527
f 707/1272/517 708/1278/489 732/1279/531 731/1273/528
f 700/1274/518 701/1280/495 725/1281/532 724/1275/529
f 693/1276/485 694/1282/484 718/1283/533 717/1277/530
f 708/1278/489 709/1284/488 733/1285/534 732/1279/531
f 686/1286/492 687/1287/491 711/1288/535 710/1289/536
f 701/1280/495 702/1290/494 726/1291/537 725/1281/532
f 694/1282/484 695/1292/497 719/1293/538 718/1283/533
f 709/1284/488 686/1286/492 710/1289/536 733/1285/534
f 687/1287/491 688/1294/498 712/1295/539 711/1288/535
f 702/1290/494 703/1296/500 727/1297/540 726/1291/537
f 695/1292/497 696/1298/501 720/1299/541 719/1293/538
f 688/1294/498 689/1300/503 713/1301/542 712/1295/539
f 703/1296/500 704/1254/504 728/1257/520 727/1297/540
f 696/1298/501 697/1258/506 721/1261/522 720/1299/541
f 689/1300/503 690/1262/507 714/1265/524 713/1301/542
f 717/1277/530 718/1283/533 742/1302/543 741/1303/544
f 732/1279/531 733/1285/534 757/1304/545 756/1305/546
f 710/1289/536 711/1288/535 735/1306/547 734/1307/548
f 725/1281/532 726/1291/537 750/1308/549 749/1309/550
f 718/1283/533 719/1293/538 743/1310/551 742/1302/543
f 733/1285/534 710/1289/536 734/1307/548 757/1304/545
f 711/1288/535 712/1295/539 736/1311/552 735/1306/547
f 726/1291/537 727/1297/540 751/1312/553 750/1308/549
f 719/1293/538 720/1299/541 744/1313/554 743/1310/551
f 712/1295/539 713/1301/542 737/1314/555 736/1311/552
f 727/1297/540 728/1257/520 752/1315/556 751/1312/553
f 720/1299/541 721/1261/522 745/1316/557 744/1313/554
f 713/1301/542 714/1265/524 738/1317/558 737/1314/555
f 728/1257/520 729/1256/519 753/1318/559 752/1315/556
f 721/1261/522 722/1260/521 746/1319/560 745/1316/557
f 714/1265/524 715/1264/523 739/1320/561 738/1317/558
f 729/1256/519 730/1267/525 754/1321/562 753/1318/559
f 722/1260/521 723/1269/526 747/1322/563 746/1319/560
f 715/1264/523 716/1271/527 740/1323/564 739/1320/561
f 730/1267/525 731/1273/528 755/1324/565 754/1321/562
f 723/1269/526 724/1275/529 748/1325/566 747/1322/563
f 716/1271/527 717/1277/530 741/1303/544 740/1323/564
f 731/1273/528 732/1279/531 756/1305/546 755/1324/565
f 724/1275/529 725/1281/532 749/1309/550 748/1325/566
f 745/1316/557 746/1319/560 770/1326/567 769/1327/568
f 738/1317/558 739/1320/561 763/1328/569 762/1329/570
f 753/1318/559 754/1321/562 778/1330/571 777/1331/572
f 746/1319/560 747/1322/563 771/1332/573 770/1326/567
f 739/1320/561 740/1323/564 764/1333/574 763/1328/569
f 754/1321/562 755/1324/565 779/1334/575 778/1330/571
f 747/1322/563 748/1325/566 772/1335/576 771/1332/573
f 740/1323/564 741/1303/544 765/1336/577 764/1333/574
f 755/1324/565 756/1305/546 780/1337/578 779/1334/575
f 748/1325/566 749/1309/550 773/1338/579 772/1335/576
f 741/1303/544 742/1302/543 766/1339/580 765/1336/577
f 756/1305/546 757/1304/545 781/1340/581 780/1337/578
f 734/1307/548 735/1306/547 759/1341/582 758/1342/583
f 749/1309/550 750/1308/549 774/1343/584 773/1338/579
f 742/1302/543 743/1310/551 767/1344/585 766/1339/580
f 757/1304/545 734/1307/548 758/1342/583 781/1340/581
f 735/1306/547 736/1311/552 760/1345/586 759/1341/582
f 750/1308/549 751/1312/553 775/1346/587 774/1343/584
f 743/1310/551 744/1313/554 768/1347/588 767/1344/585
f 736/1311/552 737/1314/555 761/1348/589 760/1345/586
f 751/1312/553 752/1315/556 776/1349/590 775/1346/587
f 744/1313/554 745/1316/557 769/1327/568 768/1347/588
f 737/1314/555 738/1317/558 762/1329/570 761/1348/589
f 752/1315/556 753/1318/559 777/1331/572 776/1349/590
f 780/1337/578 781/1340/581 782/1350/366
f 758/1342/583 759/1341/582 782/1350/366
f 773/1338/579 774/1343/584 782/1350/366
f 766/1339/580 767/1344/585 782/1350/366
f 781/1340/581 758/1342/583 782/1350/366
f 759/1341/582 760/1345/586 782/1350/366
f 774/1343/584 775/1346/587 782/1350/366
f 767/1344/585 768/1347/588 782/1350/366
f 760/1345/586 761/1348/589 782/1350/366
f 775/1346/587 776/1349/590 782/1350/366
f 768/1347/588 769/1327/568 782/1350/366
f 761/1348/589 762/1329/570 782/1350/366
f 776/1349/590 777/1331/572 782/1350/366
f 769/1327/568 770/1326/567 782/1350/366
f 762/1329/570 763/1328/569 782/1350/366
f 777/1331/572 778/1330/571 782/1350/366
f 770/1326/567 771/1332/573 782/1350/366
f 763/1328/569 764/1333/574 782/1350/366
f 778/1330/571 779/1334/575 782/1350/366
f 771/1332/573 772/1335/576 782/1350/366
f 764/1333/574 765/1336/577 782/1350/366
f 779/1334/575 780/1337/578 782/1350/366
f 772/1335/576 773/1338/579 782/1350/366
f 765/1336/577 766/1339/580 782/1350/366
o painted_wooden_cabinet_door_01
v -0.066189 0.813744 0.251938
v -0.063996 0.814073 0.227828
v -0.497323 0.813744 0.235706
v -0.497352 0.814073 0.211513
v -0.497323 0.219933 0.235706
v -0.497352 0.219507 0.211513
v -0.065461 0.219933 0.251965
v -0.063266 0.219507 0.227856
v -0.564129 0.879639 0.233191
v -0.000087 0.879639 0.254426
v -0.564129 0.154038 0.233191
v 0.000805 0.154038 0.254460
v -0.496994 0.813744 0.226969
v -0.065860 0.813744 0.243201
v -0.496994 0.219933 0.226969
v -0.065132 0.219933 0.243228
v 0.001307 0.879590 0.230287
v -0.562736 0.879590 0.209051
v -0.562736 0.153990 0.209051
v 0.002198 0.153990 0.230320
v -0.064297 0.814073 0.235825
v -0.497653 0.814073 0.219510
v -0.497653 0.219507 0.219510
v -0.063567 0.219507 0.235853
v -0.036907 0.512256 0.253040
v -0.027504 0.522350 0.253394
v -0.025282 0.517296 0.253478
v -0.032090 0.524586 0.253221
v -0.038881 0.517296 0.252966
v -0.032073 0.510005 0.253222
v -0.023728 0.517258 0.229344
v -0.030520 0.509967 0.229089
v -0.037328 0.517258 0.228832
v -0.030536 0.524548 0.229088
v -0.027493 0.512256 0.253395
v -0.036918 0.522350 0.253040
v -0.025703 0.522297 0.229270
v -0.035105 0.512204 0.228916
v -0.025691 0.512204 0.229270
v -0.035117 0.522297 0.228916
vn 0.0001 1.0000 -0.0020
vn -0.0001 -1.0000 0.0020
vn -0.9983 -0.0000 -0.0576
vn 0.9983 0.0012 0.0576
vn -0.0000 1.0000 -0.0000
vn -0.9993 -0.0012 -0.0376
vn -0.0376 -0.0000 0.9993
vn 0.0376 -0.0000 -0.9993
vn -0.0000 -1.0000 -0.0000
vn 0.9993 -0.0000 0.0376
vn 0.9976 0.0011 0.0694
vn 0.7291 0.6826 0.0494
vn 0.9976 0.0014 0.0694
vn 0.0001 1.0000 -0.0019
vn 0.7298 -0.6816 0.0520
vn 0.7298 -0.6817 0.0520
vn -0.0001 -1.0000 0.0019
vn -0.7291 -0.6826 -0.0494
vn -0.9976 -0.0009 -0.0694
vn -0.9976 -0.0014 -0.0693
vn -0.7298 0.6817 -0.0520
vt 0.515088 0.979920
vt 0.515202 0.985603
vt 0.382504 0.985603
vt 0.382391 0.979920
vt 0.333524 0.940263
vt 0.333410 0.945946
vt 0.200505 0.945946
vt 0.200619 0.940263
vt 0.767342 0.974273
vt 0.767353 0.968589
vt 0.937933 0.968589
vt 0.937922 0.974274
vt 0.187727 0.177484
vt 0.187912 0.183168
vt 0.017153 0.183168
vt 0.017142 0.177484
vt 0.461898 0.891172
vt 0.359773 0.891172
vt 0.359773 0.889290
vt 0.461898 0.889290
vt 0.910953 0.541730
vt 0.910953 0.413513
vt 0.913190 0.413508
vt 0.913191 0.541725
vt 0.034929 0.226936
vt 0.036124 0.338323
vt 0.018715 0.356102
vt 0.017178 0.209578
vt 0.192408 0.151561
vt 0.116383 0.159194
vt 0.114326 0.158212
vt 0.192088 0.338701
vt 0.193527 0.226925
vt 0.211333 0.209578
vt 0.209466 0.356552
vt 0.376237 0.721715
vt 0.243289 0.721715
vt 0.243289 0.624957
vt 0.376237 0.625120
vt 0.476736 0.747679
vt 0.476736 0.849276
vt 0.474680 0.849276
vt 0.474680 0.747679
vt 0.461198 0.880013
vt 0.359771 0.880013
vt 0.359771 0.877958
vt 0.461198 0.877957
vt 0.111255 0.347426
vt 0.111957 0.348927
vt 0.522831 0.989354
vt 0.651048 0.989354
vt 0.651053 0.991592
vt 0.522837 0.991592
vt 0.193703 0.039633
vt 0.211365 0.022659
vt 0.209675 0.169131
vt 0.034855 0.039644
vt 0.036088 0.151962
vt 0.018869 0.169621
vt 0.017179 0.022659
vt 0.883409 0.945922
vt 0.781463 0.945922
vt 0.781463 0.944041
vt 0.883409 0.944041
vt 0.297857 0.496731
vt 0.431413 0.496566
vt 0.431413 0.594143
vt 0.297857 0.594143
vt 0.994079 0.163354
vt 0.994079 0.101980
vt 0.996221 0.101973
vt 0.996221 0.224721
vt 0.114047 0.345074
vt 0.833870 0.003775
vt 0.836201 0.003811
vt 0.836209 0.013061
vt 0.833832 0.013022
vt 0.838497 0.003885
vt 0.838407 0.013131
vt 0.831535 0.003779
vt 0.831462 0.013029
vt 0.829243 0.003826
vt 0.829264 0.013073
vt 0.845442 0.003969
vt 0.847640 0.003922
vt 0.847660 0.013169
vt 0.845364 0.013219
vt 0.843065 0.003984
vt 0.843033 0.013230
vt 0.840695 0.003952
vt 0.840698 0.013202
vt 0.189964 0.991239
vt 0.312711 0.991239
vt 0.312719 0.993382
vt 0.189972 0.993382
vt 0.111975 0.346001
vt 0.114042 0.350007
vt 0.116113 0.346011
vt 0.116834 0.347439
vt 0.116124 0.348936
vt 0.112266 0.159204
vt 0.114332 0.163129
vt 0.112226 0.162129
vt 0.111534 0.160600
vt 0.117122 0.160585
vt 0.116430 0.162118
s 1
usemtl painted_wooden_cabinet
f 792/1351/591 799/1352/591 800/1353/591 791/1354/591
f 793/1355/592 801/1356/592 802/1357/592 794/1358/592
f 791/1359/593 800/1360/593 801/1361/593 793/1362/593
f 799/1363/594 792/1364/594 794/1365/594 802/1366/594
f 790/1367/595 788/1368/595 805/1369/595 806/1370/595
f 789/1371/596 783/1372/596 796/1373/596 798/1374/596
f 785/1375/597 783/1376/597 792/1377/597 791/1378/597
f 784/1379/598 822/1380/598 815/1381/598
f 789/1382/597 787/1383/597 793/1384/597 794/1385/597
f 795/1386/597 797/1387/597 798/1388/597 796/1389/597
f 787/1390/595 789/1391/595 798/1392/595 797/1393/595
f 783/1394/599 785/1395/599 795/1396/599 796/1397/599
f 810/1398/597 808/1399/597 792/1377/597 783/1376/597
f 785/1400/600 787/1401/600 797/1402/600 795/1403/600
f 784/1379/598 786/1404/598 800/1405/598 799/1406/598
f 788/1407/598 790/1408/598 802/1409/598 801/1410/598
f 786/1411/599 784/1412/599 803/1413/599 804/1414/599
f 803/1415/598 806/1416/598 805/1417/598 804/1418/598
f 784/1419/596 790/1420/596 806/1421/596 803/1422/596
f 790/1408/598 784/1379/598 815/1381/598
f 785/1375/597 791/1378/597 793/1384/597 787/1383/597
f 789/1382/597 811/1423/597 783/1376/597
f 788/1407/598 801/1410/598 800/1405/598 786/1404/598
f 811/1424/601 807/1425/602 820/1426/602 815/1427/603
f 807/1425/602 812/1428/604 814/1429/604 820/1426/602
f 818/1430/605 811/1424/601 815/1427/603 822/1431/606
f 810/1432/607 818/1430/605 822/1431/606 816/1433/607
f 808/1434/608 810/1435/607 816/1436/607 819/1437/608
f 809/1438/609 808/1434/608 819/1437/608 813/1439/610
f 817/1440/611 809/1438/609 813/1439/610 821/1441/611
f 812/1428/604 817/1440/611 821/1441/611 814/1429/604
f 788/1442/600 786/1443/600 804/1444/600 805/1445/600
f 783/1376/597 818/1446/597 810/1398/597
f 792/1377/597 808/1399/597 809/1447/597
f 818/1446/597 783/1376/597 811/1423/597
f 789/1382/597 807/1448/597 811/1423/597
f 792/1377/597 809/1447/597 794/1385/597
f 789/1382/597 812/1449/597 807/1448/597
f 794/1385/597 812/1449/597 789/1382/597
f 817/1450/597 812/1449/597 794/1385/597
f 809/1447/597 817/1450/597 794/1385/597
f 790/1408/598 815/1381/598 820/1451/598
f 799/1406/598 802/1409/598 813/1452/598
f 813/1452/598 802/1409/598 821/1453/598
f 821/1453/598 802/1409/598 814/1454/598
f 790/1408/598 820/1451/598 814/1454/598
f 802/1409/598 790/1408/598 814/1454/598
f 816/1455/598 822/1380/598 784/1379/598
f 813/1452/598 819/1456/598 799/1406/598
f 816/1455/598 784/1379/598 799/1406/598
f 819/1456/598 816/1455/598 799/1406/598
o painted_wooden_cabinet_drawer_02
v 0.042135 1.102063 0.215913
v 0.018632 1.131313 0.215913
v 0.023105 1.126122 0.242641
v 0.018632 1.119292 0.240537
v 0.030209 1.129895 0.242778
v 0.018632 1.106572 0.246096
v 0.023420 1.118621 0.246096
v 0.026861 1.123841 0.246096
v 0.033109 1.127541 0.246096
v 0.053755 1.130310 0.246096
v 0.032821 1.131791 0.237943
v 0.018632 1.062085 0.246656
v 0.018632 0.947896 0.246096
v 0.018632 0.925491 0.242011
v 0.018632 0.916575 0.237608
v 0.018632 0.912890 0.228689
v 0.022782 0.912890 0.236968
v 0.033952 0.912890 0.241907
v 0.060284 0.912890 0.246096
v 0.032726 0.916447 0.246096
v 0.025695 0.920468 0.246096
v 0.022757 0.926663 0.246096
v 0.022561 0.917898 0.242858
v 0.491988 0.912890 0.246096
v 0.524289 0.915743 0.246096
v 0.525625 0.920658 0.246096
v 0.528992 0.949975 0.246096
v 0.528435 0.920462 0.244217
v 0.528992 0.914352 0.241698
v 0.528992 0.912890 0.235228
v 0.528992 0.912890 0.216899
v 0.518067 0.914094 0.246096
v 0.526192 0.912890 0.241296
v 0.018632 0.912890 -0.144739
v 0.018632 1.102063 -0.144739
v 0.018632 1.102063 0.215913
v 0.528992 0.912890 -0.144739
v 0.528992 1.102063 -0.144739
v 0.528992 1.102063 0.215913
v 0.528992 1.131297 0.215913
v 0.528992 1.130920 0.234315
v 0.528992 1.123367 0.239637
v 0.528992 1.090345 0.246096
v 0.523826 1.119159 0.246096
v 0.516694 1.126386 0.246096
v 0.481508 1.131080 0.246096
v 0.510285 1.131000 0.241972
v 0.521658 1.130780 0.240638
v 0.523624 1.126467 0.243264
v 0.042136 1.102063 -0.120261
v 0.505695 1.102063 -0.120256
v 0.505695 0.916846 0.215913
v 0.505695 0.916846 -0.120261
v 0.042135 0.916845 -0.120256
v 0.042135 0.916845 0.215913
v 0.505695 1.102063 0.215913
v 0.223589 1.041672 0.247469
v 0.225266 1.051465 0.247362
v 0.229274 1.059949 0.247426
v 0.235866 1.068075 0.247464
v 0.243040 1.073882 0.247385
v 0.253174 1.079222 0.247354
v 0.262391 1.082105 0.247424
v 0.273356 1.083704 0.247472
v 0.284096 1.083617 0.247359
v 0.293236 1.082067 0.247521
v 0.301475 1.079385 0.247650
v 0.310055 1.075121 0.247641
v 0.317307 1.069582 0.247756
v 0.323093 1.063244 0.247802
v 0.327724 1.056088 0.247593
v 0.330207 1.049745 0.247436
v 0.331208 1.041688 0.247656
v 0.327220 1.041671 0.247597
v 0.328242 1.049208 0.247953
v 0.325812 1.055604 0.247953
v 0.321806 1.062183 0.247962
v 0.316222 1.068275 0.247963
v 0.309258 1.073568 0.247954
v 0.300916 1.077632 0.248078
v 0.293137 1.080118 0.248152
v 0.284064 1.081734 0.247959
v 0.273757 1.081764 0.248240
v 0.262737 1.080121 0.248232
v 0.253786 1.077237 0.248221
v 0.244247 1.072379 0.247955
v 0.237207 1.066432 0.248129
v 0.230993 1.058752 0.247965
v 0.227310 1.050750 0.247961
v 0.227741 1.041602 0.247559
v 0.229971 1.041568 0.254329
v 0.233888 1.041623 0.260141
v 0.240396 1.041592 0.265641
v 0.248241 1.041481 0.269841
v 0.257099 1.041630 0.272894
v 0.267900 1.041610 0.274960
v 0.277989 1.041657 0.275563
v 0.287867 1.041687 0.274990
v 0.297137 1.041642 0.273346
v 0.305591 1.041616 0.270728
v 0.313936 1.041649 0.266691
v 0.320865 1.041627 0.261334
v 0.325282 1.041572 0.254730
v 0.323766 1.055873 0.254862
v 0.316603 1.056335 0.263871
v 0.306711 1.056734 0.269652
v 0.293389 1.057043 0.273718
v 0.279877 1.057298 0.275125
v 0.263128 1.057063 0.273818
v 0.250774 1.056539 0.270367
v 0.239257 1.056508 0.263712
v 0.232538 1.056829 0.255551
v 0.239660 1.066432 0.254848
v 0.246362 1.066969 0.261622
v 0.255359 1.067159 0.266511
v 0.265562 1.067985 0.268943
v 0.277592 1.068087 0.270080
v 0.290715 1.067845 0.268977
v 0.303435 1.067240 0.265176
v 0.313057 1.066729 0.258667
v 0.316516 1.066606 0.253390
v 0.249717 1.072730 0.256863
v 0.257186 1.073842 0.260684
v 0.266291 1.074127 0.263770
v 0.275939 1.074915 0.264270
v 0.289583 1.074715 0.263113
v 0.300046 1.074116 0.259548
v 0.306420 1.073592 0.254636
v 0.292186 1.078770 0.255595
v 0.279806 1.079419 0.257814
v 0.267456 1.078820 0.257214
v 0.258245 1.077566 0.254469
v 0.223589 1.041672 0.246021
v 0.225266 1.051465 0.246021
v 0.229274 1.059949 0.246021
v 0.235866 1.068075 0.246021
v 0.243040 1.073882 0.246021
v 0.253174 1.079222 0.246021
v 0.262391 1.082105 0.246021
v 0.273356 1.083704 0.246021
v 0.284096 1.083617 0.246021
v 0.293236 1.082067 0.246021
v 0.301475 1.079385 0.246021
v 0.310055 1.075121 0.246021
v 0.317307 1.069582 0.246021
v 0.323093 1.063244 0.246021
v 0.327724 1.056088 0.246021
v 0.330207 1.049745 0.246021
v 0.331208 1.041688 0.246021
v 0.225448 1.041672 0.246021
v 0.329605 1.041687 0.246021
v 0.227949 1.041564 0.255320
v 0.225525 1.041600 0.247960
v 0.232212 1.041618 0.261644
v 0.239137 1.041586 0.267496
v 0.247346 1.041475 0.271891
v 0.256524 1.041624 0.275054
v 0.267623 1.041604 0.277178
v 0.277987 1.041651 0.277796
v 0.288127 1.041681 0.277209
v 0.297664 1.041636 0.275517
v 0.306411 1.041611 0.272809
v 0.315116 1.041645 0.268597
v 0.322517 1.041624 0.262876
v 0.327338 1.041570 0.255667
v 0.329423 1.041671 0.247994
v 0.227769 1.041668 0.246021
v 0.327160 1.041680 0.246021
v 0.227769 1.044492 0.246021
v 0.327160 1.044505 0.246021
v 0.229971 1.044393 0.254329
v 0.227741 1.044427 0.247559
v 0.233888 1.044448 0.260141
v 0.240396 1.044416 0.265641
v 0.248241 1.044306 0.269841
v 0.257099 1.044455 0.272894
v 0.267900 1.044435 0.274960
v 0.277989 1.044482 0.275563
v 0.287867 1.044512 0.274990
v 0.297137 1.044466 0.273346
v 0.305591 1.044441 0.270728
v 0.313936 1.044474 0.266691
v 0.320865 1.044452 0.261334
v 0.325282 1.044397 0.254730
v 0.327220 1.044496 0.247597
vn -0.0000 -0.0000 -1.0000
vn -1.0000 -0.0000 -0.0000
vn 1.0000 -0.0000 -0.0000
vn -0.0000 1.0000 -0.0000
vn -0.0000 -0.0000 1.0000
vn 0.0817 -0.9252 0.3705
vn 0.0438 -0.9490 0.3122
vn 0.1391 -0.9160 0.3762
vn 0.4481 -0.5407 0.7119
vn 0.4311 -0.8801 0.1989
vn 0.7752 -0.3283 0.5397
vn 0.7170 -0.0985 0.6901
vn 0.5700 -0.1185 0.8131
vn 0.7524 -0.0560 0.6563
vn 0.1615 0.6705 0.7241
vn 0.6686 0.1921 0.7184
vn 0.5822 0.3668 0.7256
vn 0.3975 0.6169 0.6793
vn 0.1231 0.7191 0.6840
vn 0.6951 0.2606 0.6700
vn 0.6007 0.5112 0.6147
vn 0.7175 0.1598 0.6780
vn 0.0981 0.7355 0.6704
vn 0.0006 0.9998 0.0186
vn -0.0005 0.9936 0.1131
vn 0.0008 0.9998 0.0187
vn 0.0253 0.9984 0.0514
vn 0.0146 0.9996 0.0253
vn 0.0010 1.0000 -0.0033
vn -0.3004 0.8772 0.3747
vn -0.1989 0.9442 0.2627
vn -0.6053 0.7596 0.2377
vn -0.0808 0.8827 0.4630
vn -0.2131 0.6933 0.6884
vn -0.6564 0.6438 0.3933
vn -0.7962 0.4094 0.4455
vn -0.5135 0.4418 0.7357
vn -0.6776 0.2903 0.6757
vn -0.7098 0.2821 0.6454
vn -0.6608 -0.2684 0.7009
vn -0.6551 -0.1837 0.7329
vn -0.6784 -0.1318 0.7228
vn -0.4655 -0.5145 0.7201
vn -0.4723 -0.5656 0.6760
vn -0.2078 -0.7442 0.6348
vn -0.1837 -0.7457 0.6405
vn -0.0997 -0.7727 0.6269
vn -0.5116 -0.6490 0.5630
vn -0.6490 -0.5671 0.5071
vn -0.6059 -0.7353 0.3038
vn -0.0000 -1.0000 -0.0000
vn -0.6956 0.0067 0.7184
vn -0.8629 0.0062 0.5054
vn -0.8109 0.2506 0.5289
vn -0.6580 0.2061 0.7243
vn -0.7112 0.4765 0.5168
vn -0.5865 0.3699 0.7206
vn -0.6232 0.6343 0.4575
vn -0.5005 0.4943 0.7107
vn -0.4749 0.7654 0.4344
vn -0.3889 0.6053 0.6945
vn -0.3640 0.8064 0.4660
vn -0.2890 0.6739 0.6799
vn -0.1875 0.8723 0.4516
vn -0.1629 0.7209 0.6736
vn -0.0827 0.9135 0.3983
vn -0.0489 0.7390 0.6719
vn 0.0456 0.9208 0.3873
vn 0.0606 0.7335 0.6770
vn 0.1579 0.8892 0.4294
vn 0.1687 0.7218 0.6712
vn 0.3307 0.8367 0.4365
vn 0.2864 0.6945 0.6601
vn 0.4616 0.7937 0.3962
vn 0.3947 0.6397 0.6596
vn 0.5310 0.5900 0.6082
vn 0.5081 0.5624 0.6523
vn 0.7077 0.5175 0.4811
vn 0.6012 0.4592 0.6540
vn 0.7554 0.4396 0.4859
vn 0.6458 0.3293 0.6888
vn 0.8453 0.2224 0.4858
vn 0.6890 0.1697 0.7046
vn 0.7225 -0.0372 0.6904
vn 0.8912 -0.0514 0.4508
vn 0.2452 0.9125 0.3274
vn -0.2927 0.9011 0.3200
vn -0.1184 0.9178 0.3789
vn 0.0492 0.9082 0.4155
vn 0.4485 0.8126 0.3722
vn 0.2993 0.7603 0.5764
vn 0.1532 0.7326 0.6632
vn -0.0072 0.7237 0.6901
vn -0.1568 0.7446 0.6488
vn -0.2950 0.7406 0.6037
vn -0.4714 0.7851 0.4017
vn -0.6492 0.6368 0.4160
vn -0.5061 0.5636 0.6529
vn -0.3368 0.5387 0.7723
vn -0.1602 0.5118 0.8440
vn 0.0036 0.5170 0.8560
vn 0.1767 0.5390 0.8236
vn 0.3633 0.5664 0.7398
vn 0.5570 0.6109 0.5626
vn 0.6951 0.6273 0.3512
vn 0.8156 0.3674 0.4469
vn 0.6391 0.3597 0.6798
vn 0.3883 0.3447 0.8547
vn 0.2083 0.2819 0.9366
vn 0.0015 0.2924 0.9563
vn -0.1692 0.2780 0.9456
vn -0.4013 0.3008 0.8652
vn -0.6084 0.3558 0.7094
vn -0.7877 0.3944 0.4732
vn -0.8510 0.1118 0.5131
vn -0.6708 0.1177 0.7322
vn -0.5355 0.0404 0.8436
vn -0.3497 0.0154 0.9367
vn -0.2605 -0.0031 0.9655
vn -0.1062 0.0194 0.9942
vn 0.0014 0.0690 0.9976
vn 0.1514 0.0459 0.9874
vn 0.2322 -0.1067 0.9668
vn 0.3005 0.0564 0.9521
vn 0.4498 0.0744 0.8900
vn 0.8644 0.0913 0.4945
vn 0.7500 0.0584 0.6589
vn -0.9552 0.2960 -0.0000
vn -0.9980 -0.0630 -0.0049
vn 0.9925 -0.1222 -0.0048
vn 0.9723 0.2339 -0.0000
vn 0.2400 0.9708 -0.0000
vn 0.0828 0.9966 -0.0000
vn -0.8418 0.5398 -0.0000
vn 0.3829 0.9238 -0.0000
vn -0.7119 0.7023 -0.0000
vn 0.5278 0.8494 -0.0000
vn -0.5431 0.8397 -0.0000
vn 0.6751 0.7377 -0.0000
vn -0.3905 0.9206 -0.0000
vn 0.7904 0.6127 -0.0000
vn -0.2152 0.9766 -0.0000
vn 0.8820 0.4713 -0.0000
vn -0.0704 0.9975 -0.0000
vn 0.0008 1.0000 -0.0037
vn 0.0033 -1.0000 -0.0060
vn -0.0095 -0.9995 -0.0312
vn -0.4058 -0.6315 -0.6607
vn -0.2853 -0.6273 -0.7247
vn -0.3683 -0.0000 -0.9297
vn -0.5239 -0.0000 -0.8518
vn 0.7367 -0.6451 -0.2029
vn 0.6916 -0.6388 -0.3370
vn 0.5676 -0.6368 -0.5219
vn 0.4301 -0.6314 -0.6453
vn 0.3113 -0.6274 -0.7137
vn 0.2003 -0.6259 -0.7537
vn 0.0997 -0.6247 -0.7744
vn 0.0035 -0.6246 -0.7810
vn -0.0902 -0.6248 -0.7756
vn -0.1847 -0.6256 -0.7580
vn -0.5599 -0.6390 -0.5274
vn -0.6969 -0.6396 -0.3244
vn -0.7452 -0.6453 -0.1685
vn 0.7388 -0.6738 -0.0133
vn -0.7317 -0.6813 0.0230
vn -0.7255 -0.0001 -0.6882
vn -0.9076 0.0001 -0.4198
vn -0.9775 0.0006 -0.2108
vn 0.9666 -0.0000 -0.2562
vn 0.8985 -0.0000 -0.4390
vn 0.7353 -0.0000 -0.6777
vn 0.5599 -0.0000 -0.8285
vn 0.3983 -0.0000 -0.9172
vn 0.9998 -0.0000 0.0180
vn 0.2520 -0.0000 -0.9677
vn 0.1267 -0.0000 -0.9919
vn -0.9993 -0.0000 0.0381
vn 0.0015 -0.0000 -1.0000
vn -0.1150 -0.0000 -0.9934
vn -0.2338 -0.0000 -0.9723
vt 0.359773 0.963053
vt 0.359773 0.921387
vt 0.477403 0.921387
vt 0.477403 0.963053
vt 0.603110 0.810751
vt 0.606113 0.766277
vt 0.690900 0.766277
vt 0.690900 0.810750
vt 0.167062 0.436149
vt 0.211535 0.436149
vt 0.211535 0.520935
vt 0.167062 0.521167
vt 0.043506 0.236010
vt 0.049011 0.241766
vt 0.049011 0.320796
vt 0.043506 0.320796
vt 0.164095 0.236010
vt 0.158542 0.241765
vt 0.164095 0.320797
vt 0.158542 0.320797
vt 0.713794 0.588829
vt 0.706922 0.583324
vt 0.706922 0.473795
vt 0.713798 0.468241
vt 0.706922 0.588829
vt 0.706922 0.468241
vt 0.852145 0.422566
vt 0.903396 0.425040
vt 0.903215 0.526025
vt 0.852145 0.524483
vt 0.852980 0.530989
vt 0.902564 0.530899
vt 0.853924 0.532649
vt 0.901695 0.532373
vt 0.855601 0.533448
vt 0.900477 0.533185
vt 0.860567 0.534405
vt 0.897663 0.534317
vt 0.902293 0.416734
vt 0.852427 0.416409
vt 0.900596 0.415050
vt 0.852815 0.414941
vt 0.893827 0.413830
vt 0.853964 0.414213
vt 0.860857 0.413489
vt 0.218408 0.520935
vt 0.218319 0.525261
vt 0.167062 0.525476
vt 0.167406 0.526997
vt 0.216543 0.526513
vt 0.140088 0.315998
vt 0.137816 0.321801
vt 0.139672 0.313768
vt 0.140781 0.314627
vt 0.138756 0.312470
vt 0.140159 0.313186
vt 0.141692 0.313395
vt 0.141890 0.314158
vt 0.148411 0.311991
vt 0.832218 0.208807
vt 0.833928 0.210495
vt 0.832114 0.210545
vt 0.830874 0.210331
vt 0.830457 0.207644
vt 0.832499 0.212167
vt 0.830375 0.212543
vt 0.840429 0.212893
vt 0.829602 0.200793
vt 0.208780 0.528031
vt 0.175780 0.528031
vt 0.195100 0.974663
vt 0.202266 0.971728
vt 0.349199 0.970478
vt 0.367981 0.973193
vt 0.372100 0.973678
vt 0.374755 0.975988
vt 0.374755 0.982710
vt 0.235695 0.511783
vt 0.235400 0.510477
vt 0.240333 0.506790
vt 0.230084 0.511433
vt 0.234905 0.512637
vt 0.237379 0.512449
vt 0.239194 0.513216
vt 0.236498 0.513407
vt 0.237734 0.514352
vt 0.240108 0.516572
vt 0.600324 0.762227
vt 0.606113 0.759401
vt 0.599017 0.765217
vt 0.598886 0.775676
vt 0.599017 0.802521
vt 0.922989 0.245144
vt 0.924214 0.245834
vt 0.921971 0.250440
vt 0.925163 0.244529
vt 0.924328 0.243674
vt 0.926875 0.242266
vt 0.926832 0.243603
vt 0.933222 0.241831
vt 0.924008 0.241909
vt 0.923037 0.242815
vt 0.922177 0.240695
vt 0.601013 0.809884
vt 0.599978 0.807788
vt 0.262711 0.185481
vt 0.259715 0.186195
vt 0.224034 0.186401
vt 0.219615 0.185685
vt 0.262950 0.184723
vt 0.217879 0.184923
vt 0.262948 0.183099
vt 0.217486 0.184144
vt 0.262948 0.151048
vt 0.217486 0.151048
vt 0.915123 0.604188
vt 0.836091 0.604188
vt 0.836092 0.704625
vt 0.915123 0.704625
vt 0.962541 0.003778
vt 0.922029 0.003778
vt 0.922029 0.113308
vt 0.962541 0.113308
vt 0.945493 0.405671
vt 0.989036 0.405671
vt 0.989036 0.326639
vt 0.945493 0.326639
vt 0.945595 0.492525
vt 0.989138 0.492524
vt 0.989138 0.413494
vt 0.945595 0.413494
vt 0.262487 0.319103
vt 0.262483 0.209573
vt 0.218940 0.209574
vt 0.218943 0.319105
vt 0.917133 0.860072
vt 0.918142 0.858227
vt 0.910210 0.852174
vt 0.908645 0.853922
vt 0.903463 0.845595
vt 0.901677 0.847069
vt 0.896903 0.837110
vt 0.894790 0.838278
vt 0.891621 0.828519
vt 0.889719 0.829676
vt 0.887477 0.817680
vt 0.885161 0.818225
vt 0.884937 0.807840
vt 0.882579 0.808182
vt 0.883352 0.795837
vt 0.881108 0.796274
vt 0.883113 0.784721
vt 0.881002 0.784728
vt 0.884563 0.774950
vt 0.882368 0.774947
vt 0.886491 0.766387
vt 0.884527 0.765968
vt 0.889638 0.757008
vt 0.887857 0.756404
vt 0.893843 0.748694
vt 0.892227 0.747864
vt 0.898554 0.741210
vt 0.897098 0.740256
vt 0.903785 0.734756
vt 0.902491 0.733031
vt 0.908950 0.729404
vt 0.907365 0.727730
vt 0.914336 0.722335
vt 0.915373 0.724015
vt 0.892086 0.776930
vt 0.892600 0.811431
vt 0.893551 0.801717
vt 0.893383 0.789398
vt 0.895169 0.762018
vt 0.898446 0.769390
vt 0.900362 0.779912
vt 0.901113 0.793093
vt 0.901509 0.802445
vt 0.899884 0.811664
vt 0.898250 0.819914
vt 0.901932 0.831527
vt 0.905870 0.822828
vt 0.908556 0.813208
vt 0.909240 0.803033
vt 0.909726 0.791357
vt 0.909031 0.778688
vt 0.906957 0.766059
vt 0.903118 0.755482
vt 0.899442 0.750277
vt 0.908498 0.740569
vt 0.914067 0.750777
vt 0.917660 0.761643
vt 0.920363 0.775302
vt 0.921353 0.788849
vt 0.920953 0.805712
vt 0.919290 0.818555
vt 0.915297 0.831303
vt 0.910057 0.840674
vt 0.922883 0.851411
vt 0.926973 0.844140
vt 0.930941 0.834983
vt 0.934312 0.825264
vt 0.936553 0.814580
vt 0.938045 0.801906
vt 0.938045 0.790396
vt 0.937360 0.779141
vt 0.935736 0.768521
vt 0.933657 0.758730
vt 0.930291 0.748497
vt 0.920839 0.730812
vt 0.925954 0.738968
vt 0.907731 0.854996
vt 0.916177 0.861351
vt 0.913161 0.720916
vt 0.906332 0.726616
vt 0.880767 0.774676
vt 0.879570 0.784638
vt 0.900550 0.848099
vt 0.882809 0.765475
vt 0.893447 0.839188
vt 0.886277 0.755737
vt 0.888365 0.830325
vt 0.890596 0.746959
vt 0.883795 0.818673
vt 0.895499 0.739127
vt 0.881069 0.808483
vt 0.901213 0.731903
vt 0.879500 0.796375
vt 0.189963 0.982710
vt 0.983751 0.228605
vt 0.983944 0.228295
vt 0.984211 0.228591
vt 0.983993 0.228828
vt 0.984107 0.201995
vt 0.983809 0.202284
vt 0.983611 0.201905
vt 0.983842 0.201699
vt 0.981785 0.223234
vt 0.981336 0.221278
vt 0.981907 0.221166
vt 0.982376 0.223060
vt 0.984201 0.202609
vt 0.983232 0.203949
vt 0.982818 0.203692
vt 0.982480 0.205386
vt 0.982015 0.205181
vt 0.981815 0.207221
vt 0.981351 0.207085
vt 0.981346 0.209097
vt 0.980888 0.209008
vt 0.981039 0.211056
vt 0.980580 0.211003
vt 0.980842 0.213344
vt 0.980389 0.213321
vt 0.980793 0.215419
vt 0.980345 0.215422
vt 0.980866 0.217471
vt 0.980409 0.217498
vt 0.981048 0.219437
vt 0.980591 0.219492
vt 0.980878 0.221364
vt 0.981328 0.223361
vt 0.982431 0.225089
vt 0.981981 0.225279
vt 0.983299 0.226666
vt 0.982879 0.226941
vt 0.984313 0.227992
vt 0.984450 0.202364
vt 0.984556 0.228231
vt 0.982997 0.224841
vt 0.983797 0.226341
vt 0.984777 0.227579
vt 0.984695 0.203022
vt 0.983756 0.204274
vt 0.983066 0.205647
vt 0.982398 0.207403
vt 0.981916 0.209215
vt 0.984928 0.202771
vt 0.981624 0.211133
vt 0.981409 0.213376
vt 0.985004 0.227828
vt 0.981368 0.215414
vt 0.981452 0.217432
vt 0.981627 0.219365
s 1
usemtl painted_wooden_cabinet
f 856/1457/612 857/1458/612 860/1459/612 859/1460/612
f 838/1461/613 858/1462/613 857/1463/613 856/1464/613
f 859/1465/614 860/1466/614 861/1467/614 853/1468/614
f 860/1469/615 873/1470/615 878/1471/615 861/1472/615
f 860/1469/615 857/1473/615 872/1474/615 873/1470/615
f 857/1473/615 858/1475/615 823/1476/615 872/1474/615
f 862/1477/612 878/1478/612 823/1479/612 824/1480/612
f 862/1477/612 861/1481/612 878/1478/612
f 858/1482/612 824/1480/612 823/1479/612
f 846/1483/616 868/1484/616 832/1485/616 841/1486/616
f 842/1487/616 841/1486/616 832/1485/616 831/1488/616
f 843/1489/616 842/1487/616 831/1488/616 830/1490/616
f 844/1491/616 843/1489/616 830/1490/616 829/1492/616
f 835/1493/616 844/1491/616 829/1492/616 828/1494/616
f 867/1495/616 868/1484/616 846/1483/616 854/1496/616
f 866/1497/616 867/1495/616 854/1496/616 847/1498/616
f 865/1499/616 866/1497/616 847/1498/616 848/1500/616
f 865/1499/616 848/1500/616 849/1501/616
f 862/1502/614 863/1503/614 861/1467/614
f 852/1504/614 853/1468/614 861/1467/614 863/1503/614
f 851/1505/614 852/1504/614 863/1503/614 864/1506/614
f 854/1507/617 846/1508/618 855/1509/619
f 854/1507/617 855/1509/619 847/1510/620
f 852/1511/621 851/1512/622 855/1509/619
f 847/1510/620 851/1512/622 850/1513/623 848/1514/624
f 851/1512/622 847/1510/620 855/1509/619
f 849/1515/625 848/1514/624 850/1513/623
f 867/1516/626 866/1517/627 871/1518/628
f 870/1519/629 869/1520/630 867/1516/626 871/1518/628
f 864/1521/631 863/1522/632 870/1519/629 871/1518/628
f 864/1521/631 871/1518/628 866/1517/627 865/1523/633
f 868/1524/634 867/1516/626 869/1520/630
f 864/1506/614 865/1525/614 849/1526/614 851/1505/614
f 850/1513/623 851/1512/622 849/1515/625
f 833/1527/635 832/1528/636 868/1529/636 869/1530/637
f 870/1531/638 863/1532/639 869/1530/637
f 862/1533/640 869/1530/637 863/1532/639
f 827/1534/641 833/1535/642 824/1536/643
f 833/1535/642 827/1534/641 832/1537/644
f 832/1537/644 827/1534/641 831/1538/645
f 825/1539/646 827/1534/641 824/1536/643
f 825/1539/646 824/1536/643 826/1540/647
f 827/1534/641 825/1539/646 830/1541/648 831/1538/645
f 829/1542/649 830/1541/648 825/1539/646 826/1540/647
f 829/1542/649 826/1540/647 828/1543/650
f 826/1544/613 824/1545/613 858/1462/613
f 828/1546/613 826/1544/613 858/1462/613
f 834/1547/613 828/1546/613 858/1462/613 838/1461/613
f 834/1547/613 838/1461/613 835/1548/613
f 836/1549/651 844/1550/652 835/1551/653
f 843/1552/654 844/1550/652 836/1549/651 845/1553/655
f 843/1552/654 845/1553/655 840/1554/656 842/1555/657
f 841/1556/658 842/1555/657 840/1554/656
f 840/1554/656 845/1553/655 839/1557/659
f 836/1549/651 837/1558/660 839/1557/659 845/1553/655
f 838/1559/661 839/1557/659 837/1558/660
f 838/1461/613 837/1560/613 836/1561/613 835/1548/613
f 855/1562/662 846/1563/662 841/1564/662 840/1565/662
f 852/1566/662 855/1562/662 840/1565/662 839/1567/662
f 853/1568/662 852/1566/662 839/1567/662 838/1569/662
f 859/1570/662 853/1568/662 838/1569/662 856/1571/662
f 874/1572/615 875/1573/615 876/1574/615 877/1575/615
f 875/1576/616 873/1577/616 872/1578/616 876/1579/616
f 874/1580/613 878/1581/613 873/1582/613 875/1583/613
f 823/1584/614 877/1585/614 876/1586/614 872/1587/614
f 823/1588/612 878/1589/612 874/1590/612 877/1591/612
f 879/1592/663 975/1593/664 911/1594/665 880/1595/666
f 910/1596/667 881/1597/668 880/1595/666 911/1594/665
f 881/1597/668 910/1596/667 909/1598/669 882/1599/670
f 882/1599/670 909/1598/669 908/1600/671 883/1601/672
f 907/1602/673 884/1603/674 883/1601/672 908/1600/671
f 884/1603/674 907/1602/673 906/1604/675 885/1605/676
f 905/1606/677 886/1607/678 885/1605/676 906/1604/675
f 904/1608/679 887/1609/680 886/1607/678 905/1606/677
f 903/1610/681 888/1611/682 887/1609/680 904/1608/679
f 902/1612/683 889/1613/684 888/1611/682 903/1610/681
f 889/1613/684 902/1612/683 901/1614/685 890/1615/686
f 890/1615/686 901/1614/685 900/1616/687 891/1617/688
f 891/1617/688 900/1616/687 899/1618/689 892/1619/690
f 898/1620/691 893/1621/692 892/1619/690 899/1618/689
f 893/1621/692 898/1620/691 897/1622/693 894/1623/694
f 895/1624/695 894/1623/694 897/1622/693 988/1625/696
f 903/1610/681 951/1626/697 902/1612/683
f 907/1602/673 954/1627/698 906/1604/675
f 906/1604/675 954/1627/698 953/1628/699 905/1606/677
f 904/1608/679 952/1629/700 951/1626/697 903/1610/681
f 905/1606/677 953/1628/699 952/1629/700 904/1608/679
f 951/1626/697 950/1630/701 901/1614/685 902/1612/683
f 950/1630/701 951/1626/697 949/1631/702
f 952/1629/700 948/1632/703 949/1631/702 951/1626/697
f 948/1632/703 952/1629/700 947/1633/704
f 953/1628/699 946/1634/705 947/1633/704 952/1629/700
f 954/1627/698 945/1635/706 946/1634/705 953/1628/699
f 945/1635/706 954/1627/698 944/1636/707
f 907/1602/673 908/1600/671 944/1636/707 954/1627/698
f 908/1600/671 909/1598/669 935/1637/708 944/1636/707
f 936/1638/709 944/1636/707 935/1637/708
f 937/1639/710 945/1635/706 944/1636/707 936/1638/709
f 938/1640/711 946/1634/705 945/1635/706 937/1639/710
f 939/1641/712 947/1633/704 946/1634/705 938/1640/711
f 940/1642/713 948/1632/703 947/1633/704 939/1641/712
f 941/1643/714 949/1631/702 948/1632/703 940/1642/713
f 942/1644/715 950/1630/701 949/1631/702 941/1643/714
f 943/1645/716 901/1614/685 950/1630/701 942/1644/715
f 943/1645/716 900/1616/687 901/1614/685
f 900/1616/687 943/1645/716 899/1618/689
f 943/1645/716 926/1646/717 898/1620/691 899/1618/689
f 942/1644/715 927/1647/718 926/1646/717 943/1645/716
f 941/1643/714 928/1648/719 927/1647/718 942/1644/715
f 940/1642/713 929/1649/720 928/1648/719 941/1643/714
f 939/1641/712 930/1650/721 929/1649/720 940/1642/713
f 938/1640/711 931/1651/722 930/1650/721 939/1641/712
f 937/1639/710 932/1652/723 931/1651/722 938/1640/711
f 936/1638/709 933/1653/724 932/1652/723 937/1639/710
f 935/1637/708 934/1654/725 933/1653/724 936/1638/709
f 909/1598/669 910/1596/667 934/1654/725 935/1637/708
f 911/1594/665 934/1654/725 910/1596/667
f 974/1655/726 934/1654/725 911/1594/665 975/1593/664
f 976/1656/727 933/1653/724 934/1654/725 974/1655/726
f 977/1657/728 978/1658/729 932/1652/723
f 979/1659/730 931/1651/722 932/1652/723 978/1658/729
f 979/1659/730 980/1660/731 931/1651/722
f 981/1661/732 930/1650/721 931/1651/722 980/1660/731
f 982/1662/733 929/1649/720 930/1650/721 981/1661/732
f 982/1662/733 983/1663/734 984/1664/735 929/1649/720
f 985/1665/736 928/1648/719 929/1649/720 984/1664/735
f 928/1648/719 985/1665/736 927/1647/718
f 898/1620/691 926/1646/717 897/1622/693
f 926/1646/717 987/1666/737 988/1625/696 897/1622/693
f 927/1647/718 986/1667/738 987/1666/737 926/1646/717
f 927/1647/718 985/1665/736 986/1667/738
f 880/1595/666 956/1668/739 955/1669/740 879/1592/663
f 895/1624/695 971/1670/741 970/1671/742 894/1623/694
f 888/1611/682 964/1672/743 963/1673/744 887/1609/680
f 881/1597/668 957/1674/745 956/1668/739 880/1595/666
f 889/1613/684 965/1675/746 964/1672/743 888/1611/682
f 882/1599/670 958/1676/747 957/1674/745 881/1597/668
f 890/1615/686 966/1677/748 965/1675/746 889/1613/684
f 883/1601/672 959/1678/749 958/1676/747 882/1599/670
f 891/1617/688 967/1679/750 966/1677/748 890/1615/686
f 884/1603/674 960/1680/751 959/1678/749 883/1601/672
f 892/1619/690 968/1681/752 967/1679/750 891/1617/688
f 885/1605/676 961/1682/753 960/1680/751 884/1603/674
f 893/1621/692 969/1683/754 968/1681/752 892/1619/690
f 886/1607/678 962/1684/755 961/1682/753 885/1605/676
f 894/1623/694 970/1671/742 969/1683/754 893/1621/692
f 887/1609/680 963/1673/744 962/1684/755 886/1607/678
f 976/1656/727 977/1657/728 932/1652/723 933/1653/724
f 824/1685/756 833/1527/635 869/1530/637 862/1533/640
f 895/1686/695 988/1687/696 973/1688/757 971/1689/741
f 972/1690/758 975/1691/664 879/1692/663 955/1693/740
f 923/1694/759 922/1695/760 1003/1696/761 1004/1697/762
f 912/1698/763 913/1699/764 974/1700/726 975/1691/664
f 913/1699/764 914/1701/765 976/1702/727 974/1700/726
f 914/1701/765 915/1703/766 977/1704/728 976/1702/727
f 915/1703/766 916/1705/767 978/1706/729 977/1704/728
f 916/1705/767 917/1707/768 979/1708/730 978/1706/729
f 917/1707/768 918/1709/769 980/1710/731 979/1708/730
f 918/1709/769 919/1711/770 981/1712/732 980/1710/731
f 919/1711/770 920/1713/771 982/1714/733 981/1712/732
f 920/1713/771 921/1715/772 983/1716/734 982/1714/733
f 921/1715/772 922/1695/760 984/1717/735 983/1716/734
f 922/1695/760 923/1694/759 985/1718/736 984/1717/735
f 923/1694/759 924/1719/773 986/1720/738 985/1718/736
f 924/1719/773 925/1721/774 987/1722/737 986/1720/738
f 925/1721/774 896/1723/775 988/1687/696 987/1722/737
f 989/1724/776 912/1698/763 975/1691/664 972/1690/758
f 896/1723/775 990/1725/777 973/1688/757 988/1687/696
f 924/1719/773 923/1694/759 1004/1697/762 1005/1726/778
f 925/1721/774 924/1719/773 1005/1726/778 1006/1727/779
f 896/1723/775 925/1721/774 1006/1727/779 1007/1728/780
f 913/1699/764 912/1698/763 994/1729/781 993/1730/782
f 914/1701/765 913/1699/764 993/1730/782 995/1731/783
f 915/1703/766 914/1701/765 995/1731/783 996/1732/784
f 916/1705/767 915/1703/766 996/1732/784 997/1733/785
f 912/1698/763 989/1724/776 991/1734/786 994/1729/781
f 917/1707/768 916/1705/767 997/1733/785 998/1735/787
f 918/1709/769 917/1707/768 998/1735/787 999/1736/788
f 990/1725/777 896/1723/775 1007/1728/780 992/1737/789
f 919/1711/770 918/1709/769 999/1736/788 1000/1738/790
f 920/1713/771 919/1711/770 1000/1738/790 1001/1739/791
f 921/1715/772 920/1713/771 1001/1739/791 1002/1740/792
f 922/1695/760 921/1715/772 1002/1740/792 1003/1696/761
o painted_wooden_cabinet_drawer_01
v -0.531311 1.131313 0.272360
v -0.526838 1.126122 0.299088
v -0.531311 1.119292 0.296984
v -0.519733 1.129895 0.299225
v -0.531311 1.106572 0.302543
v -0.526523 1.118621 0.302543
v -0.523082 1.123841 0.302543
v -0.516834 1.127541 0.302543
v -0.496188 1.130310 0.302543
v -0.517122 1.131791 0.294390
v -0.531311 1.062085 0.303103
v -0.531311 0.947896 0.302543
v -0.531311 0.925491 0.298458
v -0.531311 0.916575 0.294055
v -0.531311 0.912890 0.285136
v -0.527160 0.912890 0.293415
v -0.515991 0.912890 0.298354
v -0.489659 0.912890 0.302543
v -0.517217 0.916447 0.302543
v -0.524248 0.920468 0.302543
v -0.527186 0.926663 0.302543
v -0.527381 0.917898 0.299305
v -0.057955 0.912890 0.302543
v -0.025654 0.915743 0.302543
v -0.024318 0.920658 0.302543
v -0.020951 0.949975 0.302543
v -0.021508 0.920462 0.300664
v -0.020951 0.914352 0.298145
v -0.020951 0.912890 0.291675
v -0.020951 0.912890 0.273346
v -0.031876 0.914094 0.302543
v -0.023751 0.912890 0.297743
v -0.531311 0.912890 -0.088292
v -0.531311 1.102063 -0.088292
v -0.531311 1.102063 0.272360
v -0.020951 0.912890 -0.088292
v -0.020951 1.102063 -0.088292
v -0.020951 1.102063 0.272360
v -0.020951 1.131297 0.272360
v -0.020951 1.130920 0.290762
v -0.020951 1.123367 0.296084
v -0.020951 1.090345 0.302543
v -0.026117 1.119159 0.302543
v -0.033249 1.126386 0.302543
v -0.068435 1.131080 0.302543
v -0.039658 1.131000 0.298419
v -0.028285 1.130780 0.297085
v -0.026319 1.126467 0.299711
v -0.044248 1.102063 0.272360
v -0.507807 1.102063 0.272360
v -0.507807 0.916846 0.272360
v -0.044248 0.916845 0.272360
v -0.507807 0.916846 -0.063814
v -0.044248 0.916845 -0.063809
v -0.507807 1.102063 -0.063814
v -0.044248 1.102063 -0.063809
v -0.333412 1.041672 0.303916
v -0.331736 1.051465 0.303809
v -0.327727 1.059949 0.303873
v -0.321136 1.068075 0.303911
v -0.313961 1.073882 0.303832
v -0.303828 1.079222 0.303801
v -0.294610 1.082105 0.303871
v -0.283645 1.083704 0.303919
v -0.272906 1.083617 0.303806
v -0.263766 1.082067 0.303968
v -0.255527 1.079385 0.304097
v -0.246946 1.075121 0.304088
v -0.239695 1.069582 0.304203
v -0.233909 1.063244 0.304249
v -0.229278 1.056088 0.304040
v -0.226795 1.049745 0.303883
v -0.225794 1.041688 0.304103
v -0.229770 1.041671 0.304001
v -0.228759 1.049208 0.304400
v -0.231189 1.055604 0.304400
v -0.235196 1.062183 0.304409
v -0.240780 1.068275 0.304410
v -0.247744 1.073568 0.304401
v -0.256086 1.077632 0.304525
v -0.263865 1.080118 0.304599
v -0.272938 1.081734 0.304406
v -0.283245 1.081764 0.304687
v -0.294265 1.080121 0.304679
v -0.303216 1.077237 0.304668
v -0.312755 1.072379 0.304402
v -0.319795 1.066432 0.304576
v -0.326009 1.058752 0.304412
v -0.329691 1.050750 0.304408
v -0.329289 1.041603 0.303921
v -0.327031 1.041568 0.310776
v -0.323114 1.041623 0.316588
v -0.316605 1.041592 0.322088
v -0.308761 1.041481 0.326288
v -0.299902 1.041630 0.329341
v -0.289101 1.041610 0.331407
v -0.279012 1.041657 0.332010
v -0.269134 1.041687 0.331437
v -0.259864 1.041642 0.329793
v -0.251410 1.041616 0.327175
v -0.243065 1.041649 0.323138
v -0.236136 1.041627 0.317781
v -0.231720 1.041572 0.311177
v -0.233235 1.055873 0.311309
v -0.240399 1.056335 0.320317
v -0.250291 1.056734 0.326099
v -0.263613 1.057043 0.330165
v -0.277125 1.057298 0.331572
v -0.293873 1.057063 0.330265
v -0.306228 1.056539 0.326814
v -0.317744 1.056508 0.320159
v -0.324464 1.056829 0.311998
v -0.317342 1.066432 0.311295
v -0.310639 1.066969 0.318069
v -0.301643 1.067159 0.322958
v -0.291439 1.067985 0.325390
v -0.279410 1.068087 0.326527
v -0.266287 1.067845 0.325424
v -0.253567 1.067240 0.321623
v -0.243944 1.066729 0.315114
v -0.240485 1.066606 0.309837
v -0.307285 1.072730 0.313310
v -0.299816 1.073842 0.317131
v -0.290711 1.074127 0.320217
v -0.281063 1.074915 0.320717
v -0.267419 1.074715 0.319560
v -0.256955 1.074116 0.315995
v -0.250581 1.073592 0.311083
v -0.264815 1.078770 0.312042
v -0.277196 1.079419 0.314261
v -0.289546 1.078820 0.313661
v -0.298757 1.077566 0.310916
v -0.333412 1.041672 0.302468
v -0.331736 1.051465 0.302468
v -0.327727 1.059949 0.302468
v -0.321136 1.068075 0.302468
v -0.313961 1.073882 0.302468
v -0.303828 1.079222 0.302468
v -0.294610 1.082105 0.302468
v -0.283645 1.083704 0.302468
v -0.272906 1.083617 0.302468
v -0.263766 1.082067 0.302468
v -0.255527 1.079385 0.302468
v -0.246946 1.075121 0.302468
v -0.239695 1.069582 0.302468
v -0.233909 1.063244 0.302468
v -0.229278 1.056088 0.302468
v -0.226795 1.049745 0.302468
v -0.225794 1.041688 0.302468
v -0.227318 1.041687 0.302468
v -0.331708 1.041672 0.302468
v -0.331477 1.041600 0.304407
v -0.329053 1.041564 0.311767
v -0.324789 1.041618 0.318091
v -0.317865 1.041586 0.323943
v -0.309656 1.041475 0.328338
v -0.300478 1.041624 0.331501
v -0.289378 1.041604 0.333625
v -0.279014 1.041651 0.334243
v -0.268874 1.041681 0.333656
v -0.259338 1.041636 0.331964
v -0.250590 1.041611 0.329256
v -0.241885 1.041645 0.325044
v -0.234485 1.041624 0.319323
v -0.229664 1.041570 0.312114
v -0.227579 1.041671 0.304441
v -0.329196 1.041668 0.302468
v -0.329196 1.044492 0.302468
v -0.229862 1.041680 0.302468
v -0.229862 1.044505 0.302468
v -0.329289 1.044427 0.303921
v -0.327031 1.044393 0.310776
v -0.323114 1.044448 0.316588
v -0.316605 1.044416 0.322088
v -0.308761 1.044306 0.326288
v -0.299902 1.044455 0.329341
v -0.289101 1.044435 0.331407
v -0.279012 1.044482 0.332010
v -0.269134 1.044512 0.331437
v -0.259864 1.044466 0.329793
v -0.251410 1.044441 0.327175
v -0.243065 1.044474 0.323138
v -0.236136 1.044452 0.317781
v -0.231720 1.044397 0.311177
v -0.229770 1.044496 0.304001
vn -0.0000 -0.0000 -1.0000
vn -0.0000 1.0000 -0.0000
vn -0.0000 -0.0000 1.0000
vn 1.0000 -0.0000 -0.0000
vn -1.0000 -0.0000 -0.0000
vn 0.0817 -0.9253 0.3704
vn 0.0438 -0.9490 0.3122
vn 0.1391 -0.9160 0.3762
vn 0.4481 -0.5407 0.7119
vn 0.4311 -0.8801 0.1989
vn 0.7752 -0.3283 0.5397
vn 0.7170 -0.0985 0.6901
vn 0.5700 -0.1185 0.8131
vn 0.7524 -0.0560 0.6563
vn 0.1615 0.6705 0.7241
vn 0.6686 0.1921 0.7184
vn 0.5822 0.3668 0.7256
vn 0.3975 0.6169 0.6793
vn 0.1231 0.7191 0.6840
vn 0.6951 0.2606 0.6700
vn 0.6006 0.5112 0.6147
vn 0.7175 0.1598 0.6780
vn 0.0981 0.7355 0.6704
vn 0.0006 0.9998 0.0186
vn -0.0005 0.9936 0.1131
vn 0.0008 0.9998 0.0187
vn 0.0253 0.9984 0.0514
vn 0.0146 0.9996 0.0252
vn 0.0010 1.0000 -0.0033
vn -0.3004 0.8772 0.3747
vn -0.1989 0.9442 0.2627
vn -0.6053 0.7596 0.2377
vn -0.0808 0.8827 0.4630
vn -0.2131 0.6933 0.6884
vn -0.6564 0.6438 0.3933
vn -0.7962 0.4094 0.4455
vn -0.5135 0.4417 0.7357
vn -0.6776 0.2903 0.6758
vn -0.7098 0.2821 0.6454
vn -0.6608 -0.2684 0.7009
vn -0.6551 -0.1837 0.7329
vn -0.6784 -0.1318 0.7228
vn -0.4655 -0.5145 0.7202
vn -0.4723 -0.5656 0.6760
vn -0.2078 -0.7442 0.6348
vn -0.1837 -0.7457 0.6405
vn -0.0997 -0.7727 0.6269
vn -0.5116 -0.6490 0.5630
vn -0.6490 -0.5671 0.5071
vn -0.6059 -0.7353 0.3038
vn -0.0000 -1.0000 -0.0000
vn -0.6955 0.0123 0.7184
vn -0.8629 0.0062 0.5054
vn -0.8109 0.2506 0.5289
vn -0.6580 0.2061 0.7243
vn -0.7112 0.4765 0.5168
vn -0.5865 0.3699 0.7206
vn -0.6233 0.6342 0.4575
vn -0.5005 0.4944 0.7107
vn -0.4749 0.7654 0.4343
vn -0.3889 0.6053 0.6945
vn -0.3640 0.8064 0.4660
vn -0.2890 0.6739 0.6799
vn -0.1875 0.8723 0.4516
vn -0.1629 0.7209 0.6736
vn -0.0827 0.9135 0.3983
vn -0.0489 0.7390 0.6719
vn 0.0456 0.9208 0.3873
vn 0.0606 0.7335 0.6770
vn 0.1579 0.8892 0.4294
vn 0.1687 0.7218 0.6712
vn 0.3307 0.8367 0.4365
vn 0.2864 0.6945 0.6601
vn 0.4616 0.7937 0.3961
vn 0.3947 0.6397 0.6596
vn 0.5310 0.5900 0.6082
vn 0.5081 0.5624 0.6523
vn 0.7076 0.5175 0.4811
vn 0.6012 0.4592 0.6540
vn 0.7554 0.4396 0.4859
vn 0.6458 0.3293 0.6888
vn 0.8453 0.2224 0.4858
vn 0.6891 0.1698 0.7045
vn 0.7225 -0.0336 0.6905
vn 0.8912 -0.0514 0.4508
vn 0.2452 0.9125 0.3274
vn -0.2926 0.9011 0.3200
vn -0.1184 0.9178 0.3789
vn 0.0492 0.9082 0.4155
vn 0.4485 0.8126 0.3722
vn 0.2993 0.7603 0.5764
vn 0.1532 0.7326 0.6632
vn -0.0072 0.7237 0.6901
vn -0.1568 0.7446 0.6488
vn -0.2950 0.7406 0.6037
vn -0.4714 0.7851 0.4017
vn -0.6492 0.6368 0.4160
vn -0.5061 0.5636 0.6529
vn -0.3368 0.5387 0.7723
vn -0.1602 0.5118 0.8440
vn 0.0036 0.5170 0.8560
vn 0.1767 0.5390 0.8236
vn 0.3633 0.5664 0.7398
vn 0.5570 0.6109 0.5626
vn 0.6951 0.6273 0.3512
vn 0.8156 0.3674 0.4469
vn 0.6391 0.3597 0.6799
vn 0.3883 0.3447 0.8546
vn 0.2083 0.2819 0.9366
vn 0.0015 0.2924 0.9563
vn -0.1692 0.2780 0.9456
vn -0.4013 0.3008 0.8652
vn -0.6084 0.3558 0.7094
vn -0.7877 0.3944 0.4732
vn -0.8511 0.1114 0.5131
vn -0.6708 0.1177 0.7322
vn -0.5355 0.0404 0.8436
vn -0.3497 0.0154 0.9367
vn -0.2605 -0.0031 0.9655
vn -0.1062 0.0194 0.9942
vn 0.0015 0.0690 0.9976
vn 0.1514 0.0459 0.9874
vn 0.2322 -0.1067 0.9668
vn 0.3006 0.0564 0.9521
vn 0.4498 0.0744 0.8900
vn 0.8644 0.0911 0.4945
vn 0.7500 0.0584 0.6589
vn -0.9552 0.2960 -0.0000
vn -0.9986 -0.0522 -0.0045
vn 0.9932 -0.1160 -0.0047
vn 0.9723 0.2339 -0.0000
vn 0.2401 0.9708 -0.0000
vn 0.0828 0.9966 -0.0000
vn -0.8418 0.5398 -0.0000
vn 0.3829 0.9238 -0.0000
vn -0.7119 0.7023 -0.0000
vn 0.5277 0.8494 -0.0000
vn -0.5431 0.8397 -0.0000
vn 0.6750 0.7378 -0.0000
vn -0.3905 0.9206 -0.0000
vn 0.7904 0.6126 -0.0000
vn -0.2152 0.9766 -0.0000
vn 0.8820 0.4713 -0.0000
vn -0.0704 0.9975 -0.0000
vn 0.0008 1.0000 -0.0037
vn -0.5599 -0.6390 -0.5274
vn -0.4058 -0.6315 -0.6607
vn -0.5239 -0.0000 -0.8518
vn -0.7255 -0.0001 -0.6882
vn 0.0033 -1.0000 -0.0060
vn -0.0100 -0.9995 -0.0316
vn 0.7348 -0.6484 -0.1993
vn 0.6929 -0.6375 -0.3369
vn 0.5676 -0.6368 -0.5219
vn 0.4301 -0.6314 -0.6453
vn 0.3113 -0.6274 -0.7137
vn 0.2003 -0.6259 -0.7537
vn 0.0997 -0.6247 -0.7745
vn 0.0035 -0.6246 -0.7810
vn -0.0902 -0.6248 -0.7756
vn -0.1847 -0.6256 -0.7580
vn -0.2866 -0.6273 -0.7241
vn -0.6975 -0.6390 -0.3243
vn -0.7441 -0.6470 -0.1666
vn -0.7191 -0.6939 0.0383
vn 0.7143 -0.6996 0.0175
vn -0.9078 0.0001 -0.4194
vn -0.9780 0.0007 -0.2086
vn 0.9677 -0.0000 -0.2521
vn 0.8989 -0.0000 -0.4382
vn 0.7353 -0.0000 -0.6777
vn 0.5600 -0.0000 -0.8285
vn -0.9982 -0.0000 0.0601
vn 0.3983 -0.0000 -0.9172
vn 0.9980 -0.0000 0.0636
vn 0.2520 -0.0000 -0.9677
vn 0.1267 -0.0000 -0.9919
vn 0.0015 -0.0000 -1.0000
vn -0.1150 -0.0000 -0.9934
vn -0.2338 -0.0000 -0.9723
vn -0.3683 -0.0000 -0.9297
vt 0.218964 0.022660
vt 0.263437 0.022660
vt 0.263437 0.143249
vt 0.218964 0.143249
vt 0.359912 0.766562
vt 0.460348 0.766562
vt 0.460348 0.845593
vt 0.359912 0.845594
vt 0.962545 0.120836
vt 0.962545 0.230367
vt 0.922033 0.230367
vt 0.922033 0.120836
vt 0.946348 0.318821
vt 0.946348 0.239789
vt 0.989892 0.239789
vt 0.989892 0.318821
vt 0.945690 0.579373
vt 0.945690 0.500342
vt 0.989233 0.500342
vt 0.989233 0.579373
vt 0.893111 0.872742
vt 0.937584 0.875745
vt 0.937584 0.960532
vt 0.893111 0.960532
vt 0.158682 0.753342
vt 0.203155 0.753342
vt 0.203155 0.838128
vt 0.158682 0.838360
vt 0.153762 0.543516
vt 0.159517 0.538011
vt 0.238549 0.538011
vt 0.238549 0.543516
vt 0.153761 0.422930
vt 0.159516 0.428483
vt 0.238548 0.422930
vt 0.238548 0.428483
vt 0.592786 0.929060
vt 0.592785 0.885517
vt 0.702315 0.885513
vt 0.702317 0.929056
vt 0.587282 0.935933
vt 0.707870 0.935933
vt 0.587281 0.929060
vt 0.707870 0.929056
vt 0.648119 0.477324
vt 0.699370 0.479799
vt 0.699190 0.580783
vt 0.648119 0.579242
vt 0.648955 0.585747
vt 0.698539 0.585657
vt 0.649899 0.587408
vt 0.697670 0.587132
vt 0.651575 0.588206
vt 0.696451 0.587944
vt 0.656542 0.589164
vt 0.693638 0.589076
vt 0.698268 0.471492
vt 0.648402 0.471168
vt 0.696571 0.469808
vt 0.648789 0.469699
vt 0.689802 0.468589
vt 0.649936 0.468972
vt 0.656830 0.468248
vt 0.210027 0.838128
vt 0.209939 0.842454
vt 0.158682 0.842669
vt 0.159026 0.844190
vt 0.208163 0.843706
vt 0.054974 0.327648
vt 0.057250 0.321846
vt 0.055388 0.329877
vt 0.054281 0.329018
vt 0.056304 0.331176
vt 0.054900 0.330459
vt 0.053368 0.330249
vt 0.053171 0.329486
vt 0.046648 0.331648
vt 0.846414 0.204804
vt 0.844707 0.203114
vt 0.846520 0.203066
vt 0.847760 0.203281
vt 0.848174 0.205970
vt 0.846138 0.201444
vt 0.848262 0.201071
vt 0.838209 0.200706
vt 0.849019 0.212821
vt 0.200400 0.845224
vt 0.167400 0.845224
vt 0.580127 0.972777
vt 0.587293 0.969843
vt 0.734226 0.968592
vt 0.753009 0.971308
vt 0.757127 0.971793
vt 0.759782 0.974103
vt 0.759782 0.980825
vt 0.134024 0.256148
vt 0.132718 0.256443
vt 0.129032 0.251510
vt 0.133672 0.261759
vt 0.134878 0.256939
vt 0.134690 0.254464
vt 0.135458 0.252649
vt 0.135648 0.255346
vt 0.136593 0.254110
vt 0.138814 0.251737
vt 0.941635 0.869956
vt 0.944461 0.875745
vt 0.938644 0.868649
vt 0.928186 0.868518
vt 0.901341 0.868649
vt 0.935158 0.255374
vt 0.933933 0.254683
vt 0.936178 0.250078
vt 0.932983 0.255988
vt 0.933818 0.256843
vt 0.931271 0.258251
vt 0.931313 0.256914
vt 0.924924 0.258683
vt 0.934137 0.258608
vt 0.935109 0.257703
vt 0.935968 0.259823
vt 0.893977 0.870645
vt 0.896074 0.869610
vt 0.265512 0.365146
vt 0.262326 0.365906
vt 0.224383 0.366125
vt 0.219683 0.365363
vt 0.265766 0.364341
vt 0.217838 0.364553
vt 0.265764 0.362614
vt 0.217420 0.363725
vt 0.265764 0.328531
vt 0.217420 0.328531
vt 0.728297 0.913707
vt 0.730142 0.914717
vt 0.736195 0.906784
vt 0.734447 0.905219
vt 0.742774 0.900037
vt 0.741299 0.898251
vt 0.751259 0.893478
vt 0.750091 0.891365
vt 0.759850 0.888196
vt 0.758692 0.886294
vt 0.770689 0.884051
vt 0.770144 0.881736
vt 0.780529 0.881511
vt 0.780187 0.879154
vt 0.792532 0.879926
vt 0.792095 0.877683
vt 0.803648 0.879687
vt 0.803641 0.877577
vt 0.813419 0.881138
vt 0.813421 0.878943
vt 0.821981 0.883066
vt 0.822400 0.881102
vt 0.831361 0.886213
vt 0.831964 0.884432
vt 0.839675 0.890417
vt 0.840505 0.888801
vt 0.847159 0.895128
vt 0.848113 0.893673
vt 0.853613 0.900359
vt 0.855338 0.899066
vt 0.858964 0.905524
vt 0.860639 0.903940
vt 0.866034 0.910911
vt 0.864354 0.911947
vt 0.811438 0.888661
vt 0.776937 0.889174
vt 0.786652 0.890126
vt 0.798971 0.889957
vt 0.826351 0.891744
vt 0.818979 0.895021
vt 0.808456 0.896937
vt 0.795276 0.897688
vt 0.785924 0.898083
vt 0.776705 0.896458
vt 0.768455 0.894825
vt 0.756841 0.898507
vt 0.765541 0.902445
vt 0.775161 0.905131
vt 0.785335 0.905814
vt 0.797012 0.906300
vt 0.809680 0.905605
vt 0.822310 0.903532
vt 0.832886 0.899692
vt 0.838091 0.896016
vt 0.847800 0.905072
vt 0.837591 0.910641
vt 0.826726 0.914234
vt 0.813066 0.916937
vt 0.799520 0.917928
vt 0.782657 0.917528
vt 0.769814 0.915864
vt 0.757066 0.911871
vt 0.747695 0.906632
vt 0.736957 0.919458
vt 0.744229 0.923547
vt 0.753386 0.927515
vt 0.763105 0.930887
vt 0.773789 0.933127
vt 0.786463 0.934619
vt 0.797972 0.934619
vt 0.809228 0.933934
vt 0.819847 0.932311
vt 0.829639 0.930232
vt 0.839872 0.926866
vt 0.857557 0.917414
vt 0.849401 0.922529
vt 0.733373 0.904305
vt 0.727018 0.912752
vt 0.867453 0.909735
vt 0.861753 0.902906
vt 0.813693 0.877342
vt 0.803731 0.876145
vt 0.740270 0.897125
vt 0.822894 0.879384
vt 0.749180 0.890021
vt 0.832631 0.882852
vt 0.758044 0.884940
vt 0.841409 0.887170
vt 0.769695 0.880369
vt 0.849242 0.892073
vt 0.779886 0.877643
vt 0.856466 0.897787
vt 0.791994 0.876075
vt 0.574989 0.980825
vt 0.169395 0.327042
vt 0.167533 0.327683
vt 0.167361 0.327090
vt 0.169149 0.326473
vt 0.172926 0.325282
vt 0.173150 0.325492
vt 0.172924 0.325732
vt 0.172615 0.325535
vt 0.146288 0.325326
vt 0.146586 0.325585
vt 0.146229 0.325773
vt 0.146033 0.325556
vt 0.146882 0.325204
vt 0.148217 0.326161
vt 0.147948 0.326577
vt 0.149647 0.326925
vt 0.149440 0.327391
vt 0.151483 0.327598
vt 0.151345 0.328063
vt 0.153362 0.328074
vt 0.153271 0.328534
vt 0.155325 0.328389
vt 0.155270 0.328848
vt 0.157617 0.328594
vt 0.157593 0.329049
vt 0.159697 0.328650
vt 0.159698 0.329100
vt 0.161754 0.328584
vt 0.161780 0.329043
vt 0.163725 0.328408
vt 0.163778 0.328867
vt 0.165572 0.328126
vt 0.165656 0.328585
vt 0.167659 0.328142
vt 0.169584 0.327494
vt 0.170978 0.326177
vt 0.171253 0.326599
vt 0.172322 0.325157
vt 0.172555 0.324917
vt 0.146664 0.324971
vt 0.170654 0.325676
vt 0.171906 0.324690
vt 0.147289 0.324726
vt 0.148538 0.325646
vt 0.149910 0.326339
vt 0.151667 0.327014
vt 0.172149 0.324468
vt 0.153482 0.327504
vt 0.147061 0.324511
vt 0.155403 0.327803
vt 0.157652 0.328026
vt 0.159694 0.328074
vt 0.161717 0.327997
vt 0.163655 0.327828
vt 0.165461 0.327554
s 1
usemtl painted_wooden_cabinet
f 1040/1741/793 1041/1742/793 1044/1743/793 1043/1744/793
f 1058/1745/794 1059/1746/794 1061/1747/794 1060/1748/794
f 1060/1749/795 1061/1750/795 1063/1751/795 1062/1752/795
f 1058/1753/796 1060/1754/796 1062/1755/796 1057/1756/796
f 1056/1757/797 1063/1758/797 1061/1759/797 1059/1760/797
f 1022/1761/797 1042/1762/797 1041/1763/797 1040/1764/797
f 1043/1765/796 1044/1766/796 1045/1767/796 1037/1768/796
f 1044/1769/794 1063/1770/794 1056/1771/794 1045/1772/794
f 1044/1769/794 1041/1773/794 1062/1774/794 1063/1770/794
f 1041/1773/794 1042/1775/794 1057/1776/794 1062/1774/794
f 1056/1777/793 1059/1778/793 1058/1779/793 1057/1780/793
f 1046/1781/793 1056/1777/793 1057/1780/793 1008/1782/793
f 1046/1781/793 1045/1783/793 1056/1777/793
f 1042/1784/793 1008/1782/793 1057/1780/793
f 1030/1785/795 1052/1786/795 1016/1787/795 1025/1788/795
f 1026/1789/795 1025/1788/795 1016/1787/795 1015/1790/795
f 1027/1791/795 1026/1789/795 1015/1790/795 1014/1792/795
f 1028/1793/795 1027/1791/795 1014/1792/795 1013/1794/795
f 1019/1795/795 1028/1793/795 1013/1794/795 1012/1796/795
f 1051/1797/795 1052/1786/795 1030/1785/795 1038/1798/795
f 1050/1799/795 1051/1797/795 1038/1798/795 1031/1800/795
f 1049/1801/795 1050/1799/795 1031/1800/795 1032/1802/795
f 1049/1801/795 1032/1802/795 1033/1803/795
f 1046/1804/796 1047/1805/796 1045/1767/796
f 1036/1806/796 1037/1768/796 1045/1767/796 1047/1805/796
f 1035/1807/796 1036/1806/796 1047/1805/796 1048/1808/796
f 1038/1809/798 1030/1810/799 1039/1811/800
f 1038/1809/798 1039/1811/800 1031/1812/801
f 1036/1813/802 1035/1814/803 1039/1811/800
f 1031/1812/801 1035/1814/803 1034/1815/804 1032/1816/805
f 1035/1814/803 1031/1812/801 1039/1811/800
f 1033/1817/806 1032/1816/805 1034/1815/804
f 1051/1818/807 1050/1819/808 1055/1820/809
f 1054/1821/810 1053/1822/811 1051/1818/807 1055/1820/809
f 1048/1823/812 1047/1824/813 1054/1821/810 1055/1820/809
f 1048/1823/812 1055/1820/809 1050/1819/808 1049/1825/814
f 1052/1826/815 1051/1818/807 1053/1822/811
f 1048/1808/796 1049/1827/796 1033/1828/796 1035/1807/796
f 1034/1815/804 1035/1814/803 1033/1817/806
f 1017/1829/816 1016/1830/817 1052/1831/817 1053/1832/818
f 1054/1833/819 1047/1834/820 1053/1832/818
f 1046/1835/821 1053/1832/818 1047/1834/820
f 1011/1836/822 1017/1837/823 1008/1838/824
f 1017/1837/823 1011/1836/822 1016/1839/825
f 1016/1839/825 1011/1836/822 1015/1840/826
f 1009/1841/827 1011/1836/822 1008/1838/824
f 1009/1841/827 1008/1838/824 1010/1842/828
f 1011/1836/822 1009/1841/827 1014/1843/829 1015/1840/826
f 1013/1844/830 1014/1843/829 1009/1841/827 1010/1842/828
f 1013/1844/830 1010/1842/828 1012/1845/831
f 1010/1846/797 1008/1847/797 1042/1762/797
f 1012/1848/797 1010/1846/797 1042/1762/797
f 1018/1849/797 1012/1848/797 1042/1762/797 1022/1761/797
f 1018/1849/797 1022/1761/797 1019/1850/797
f 1020/1851/832 1028/1852/833 1019/1853/834
f 1027/1854/835 1028/1852/833 1020/1851/832 1029/1855/836
f 1027/1854/835 1029/1855/836 1024/1856/837 1026/1857/838
f 1025/1858/839 1026/1857/838 1024/1856/837
f 1024/1856/837 1029/1855/836 1023/1859/840
f 1020/1851/832 1021/1860/841 1023/1859/840 1029/1855/836
f 1022/1861/842 1023/1859/840 1021/1860/841
f 1022/1761/797 1021/1862/797 1020/1863/797 1019/1850/797
f 1039/1864/843 1030/1865/843 1025/1866/843 1024/1867/843
f 1036/1868/843 1039/1864/843 1024/1867/843 1023/1869/843
f 1037/1870/843 1036/1868/843 1023/1869/843 1022/1871/843
f 1043/1872/843 1037/1870/843 1022/1871/843 1040/1873/843
f 1064/1874/844 1159/1875/845 1096/1876/846 1065/1877/847
f 1095/1878/848 1066/1879/849 1065/1877/847 1096/1876/846
f 1066/1879/849 1095/1878/848 1094/1880/850 1067/1881/851
f 1067/1881/851 1094/1880/850 1093/1882/852 1068/1883/853
f 1092/1884/854 1069/1885/855 1068/1883/853 1093/1882/852
f 1069/1885/855 1092/1884/854 1091/1886/856 1070/1887/857
f 1090/1888/858 1071/1889/859 1070/1887/857 1091/1886/856
f 1089/1890/860 1072/1891/861 1071/1889/859 1090/1888/858
f 1088/1892/862 1073/1893/863 1072/1891/861 1089/1890/860
f 1087/1894/864 1074/1895/865 1073/1893/863 1088/1892/862
f 1074/1895/865 1087/1894/864 1086/1896/866 1075/1897/867
f 1075/1897/867 1086/1896/866 1085/1898/868 1076/1899/869
f 1076/1899/869 1085/1898/868 1084/1900/870 1077/1901/871
f 1083/1902/872 1078/1903/873 1077/1901/871 1084/1900/870
f 1078/1903/873 1083/1902/872 1082/1904/874 1079/1905/875
f 1080/1906/876 1079/1905/875 1082/1904/874 1173/1907/877
f 1088/1892/862 1136/1908/878 1087/1894/864
f 1092/1884/854 1139/1909/879 1091/1886/856
f 1091/1886/856 1139/1909/879 1138/1910/880 1090/1888/858
f 1089/1890/860 1137/1911/881 1136/1908/878 1088/1892/862
f 1090/1888/858 1138/1910/880 1137/1911/881 1089/1890/860
f 1136/1908/878 1135/1912/882 1086/1896/866 1087/1894/864
f 1135/1912/882 1136/1908/878 1134/1913/883
f 1137/1911/881 1133/1914/884 1134/1913/883 1136/1908/878
f 1133/1914/884 1137/1911/881 1132/1915/885
f 1138/1910/880 1131/1916/886 1132/1915/885 1137/1911/881
f 1139/1909/879 1130/1917/887 1131/1916/886 1138/1910/880
f 1130/1917/887 1139/1909/879 1129/1918/888
f 1092/1884/854 1093/1882/852 1129/1918/888 1139/1909/879
f 1093/1882/852 1094/1880/850 1120/1919/889 1129/1918/888
f 1121/1920/890 1129/1918/888 1120/1919/889
f 1122/1921/891 1130/1917/887 1129/1918/888 1121/1920/890
f 1123/1922/892 1131/1916/886 1130/1917/887 1122/1921/891
f 1124/1923/893 1132/1915/885 1131/1916/886 1123/1922/892
f 1125/1924/894 1133/1914/884 1132/1915/885 1124/1923/893
f 1126/1925/895 1134/1913/883 1133/1914/884 1125/1924/894
f 1127/1926/896 1135/1912/882 1134/1913/883 1126/1925/895
f 1128/1927/897 1086/1896/866 1135/1912/882 1127/1926/896
f 1128/1927/897 1085/1898/868 1086/1896/866
f 1085/1898/868 1128/1927/897 1084/1900/870
f 1128/1927/897 1111/1928/898 1083/1902/872 1084/1900/870
f 1127/1926/896 1112/1929/899 1111/1928/898 1128/1927/897
f 1126/1925/895 1113/1930/900 1112/1929/899 1127/1926/896
f 1125/1924/894 1114/1931/901 1113/1930/900 1126/1925/895
f 1124/1923/893 1115/1932/902 1114/1931/901 1125/1924/894
f 1123/1922/892 1116/1933/903 1115/1932/902 1124/1923/893
f 1122/1921/891 1117/1934/904 1116/1933/903 1123/1922/892
f 1121/1920/890 1118/1935/905 1117/1934/904 1122/1921/891
f 1120/1919/889 1119/1936/906 1118/1935/905 1121/1920/890
f 1094/1880/850 1095/1878/848 1119/1936/906 1120/1919/889
f 1096/1876/846 1119/1936/906 1095/1878/848
f 1160/1937/907 1119/1936/906 1096/1876/846 1159/1875/845
f 1161/1938/908 1118/1935/905 1119/1936/906 1160/1937/907
f 1162/1939/909 1163/1940/910 1117/1934/904
f 1164/1941/911 1116/1933/903 1117/1934/904 1163/1940/910
f 1164/1941/911 1165/1942/912 1116/1933/903
f 1166/1943/913 1115/1932/902 1116/1933/903 1165/1942/912
f 1167/1944/914 1114/1931/901 1115/1932/902 1166/1943/913
f 1167/1944/914 1168/1945/915 1169/1946/916 1114/1931/901
f 1170/1947/917 1113/1930/900 1114/1931/901 1169/1946/916
f 1113/1930/900 1170/1947/917 1112/1929/899
f 1083/1902/872 1111/1928/898 1082/1904/874
f 1111/1928/898 1172/1948/918 1173/1907/877 1082/1904/874
f 1112/1929/899 1171/1949/919 1172/1948/918 1111/1928/898
f 1112/1929/899 1170/1947/917 1171/1949/919
f 1065/1877/847 1141/1950/920 1140/1951/921 1064/1874/844
f 1080/1906/876 1156/1952/922 1155/1953/923 1079/1905/875
f 1073/1893/863 1149/1954/924 1148/1955/925 1072/1891/861
f 1066/1879/849 1142/1956/926 1141/1950/920 1065/1877/847
f 1074/1895/865 1150/1957/927 1149/1954/924 1073/1893/863
f 1067/1881/851 1143/1958/928 1142/1956/926 1066/1879/849
f 1075/1897/867 1151/1959/929 1150/1957/927 1074/1895/865
f 1068/1883/853 1144/1960/930 1143/1958/928 1067/1881/851
f 1076/1899/869 1152/1961/931 1151/1959/929 1075/1897/867
f 1069/1885/855 1145/1962/932 1144/1960/930 1068/1883/853
f 1077/1901/871 1153/1963/933 1152/1961/931 1076/1899/869
f 1070/1887/857 1146/1964/934 1145/1962/932 1069/1885/855
f 1078/1903/873 1154/1965/935 1153/1963/933 1077/1901/871
f 1071/1889/859 1147/1966/936 1146/1964/934 1070/1887/857
f 1079/1905/875 1155/1953/923 1154/1965/935 1078/1903/873
f 1072/1891/861 1148/1955/925 1147/1966/936 1071/1889/859
f 1161/1938/908 1162/1939/909 1117/1934/904 1118/1935/905
f 1008/1967/937 1017/1829/816 1053/1832/818 1046/1835/821
f 1109/1968/938 1108/1969/939 1189/1970/940 1190/1971/941
f 1157/1972/942 1156/1973/922 1080/1974/876 1173/1975/877
f 1158/1976/943 1159/1977/845 1064/1978/844 1140/1979/921
f 1097/1980/944 1098/1981/945 1160/1982/907 1159/1977/845
f 1098/1981/945 1099/1983/946 1161/1984/908 1160/1982/907
f 1099/1983/946 1100/1985/947 1162/1986/909 1161/1984/908
f 1100/1985/947 1101/1987/948 1163/1988/910 1162/1986/909
f 1101/1987/948 1102/1989/949 1164/1990/911 1163/1988/910
f 1102/1989/949 1103/1991/950 1165/1992/912 1164/1990/911
f 1103/1991/950 1104/1993/951 1166/1994/913 1165/1992/912
f 1104/1993/951 1105/1995/952 1167/1996/914 1166/1994/913
f 1105/1995/952 1106/1997/953 1168/1998/915 1167/1996/914
f 1106/1997/953 1107/1999/954 1169/2000/916 1168/1998/915
f 1107/1999/954 1108/1969/939 1170/2001/917 1169/2000/916
f 1108/1969/939 1109/1968/938 1171/2002/919 1170/2001/917
f 1109/1968/938 1110/2003/955 1172/2004/918 1171/2002/919
f 1110/2003/955 1081/2005/956 1173/1975/877 1172/2004/918
f 1081/2005/956 1176/2006/957 1157/1972/942 1173/1975/877
f 1174/2007/958 1097/1980/944 1159/1977/845 1158/1976/943
f 1110/2003/955 1109/1968/938 1190/1971/941 1191/2008/959
f 1081/2005/956 1110/2003/955 1191/2008/959 1192/2009/960
f 1098/1981/945 1097/1980/944 1178/2010/961 1179/2011/962
f 1099/1983/946 1098/1981/945 1179/2011/962 1180/2012/963
f 1100/1985/947 1099/1983/946 1180/2012/963 1181/2013/964
f 1176/2006/957 1081/2005/956 1192/2009/960 1177/2014/965
f 1101/1987/948 1100/1985/947 1181/2013/964 1182/2015/966
f 1097/1980/944 1174/2007/958 1175/2016/967 1178/2010/961
f 1102/1989/949 1101/1987/948 1182/2015/966 1183/2017/968
f 1103/1991/950 1102/1989/949 1183/2017/968 1184/2018/969
f 1104/1993/951 1103/1991/950 1184/2018/969 1185/2019/970
f 1105/1995/952 1104/1993/951 1185/2019/970 1186/2020/971
f 1106/1997/953 1105/1995/952 1186/2020/971 1187/2021/972
f 1107/1999/954 1106/1997/953 1187/2021/972 1188/2022/973
f 1108/1969/939 1107/1999/954 1188/2022/973 1189/1970/940
