# Blender 5.1.1
# www.blender.org
mtllib clock.mtl
o alarm_clock_01
v 0.000000 0.005442 -0.012291
v 0.000000 0.003258 -0.011312
v -0.001284 0.003675 -0.011312
v -0.002077 0.004767 -0.011312
v -0.002077 0.006117 -0.011312
v -0.001284 0.007209 -0.011312
v 0.000000 0.007627 -0.011312
v 0.001284 0.007209 -0.011312
v 0.002077 0.006117 -0.011312
v 0.002077 0.004767 -0.011312
v 0.001284 0.003675 -0.011312
v 0.000000 0.003816 -0.012291
v 0.000000 0.003258 -0.012007
v -0.000956 0.004127 -0.012291
v -0.001284 0.003675 -0.012007
v -0.001546 0.004940 -0.012291
v -0.002077 0.004767 -0.012007
v -0.001546 0.005945 -0.012291
v -0.002077 0.006117 -0.012007
v -0.000956 0.006758 -0.012291
v -0.001284 0.007209 -0.012007
v 0.000000 0.007068 -0.012291
v 0.000000 0.007627 -0.012007
v 0.000956 0.006758 -0.012291
v 0.001284 0.007209 -0.012007
v 0.001547 0.005945 -0.012291
v 0.002077 0.006117 -0.012007
v 0.001547 0.004940 -0.012291
v 0.002077 0.004767 -0.012007
v 0.000956 0.004127 -0.012291
v 0.001284 0.003675 -0.012007
v 0.051487 0.094621 -0.012291
v 0.053379 0.095713 -0.011312
v 0.053659 0.094392 -0.011312
v 0.053110 0.093159 -0.011312
v 0.051941 0.092484 -0.011312
v 0.050599 0.092625 -0.011312
v 0.049595 0.093528 -0.011312
v 0.049315 0.094849 -0.011312
v 0.049864 0.096082 -0.011312
v 0.051033 0.096757 -0.011312
v 0.052375 0.096616 -0.011312
v 0.052895 0.095434 -0.012291
v 0.053379 0.095713 -0.012007
v 0.053104 0.094451 -0.012291
v 0.053659 0.094392 -0.012007
v 0.052695 0.093532 -0.012291
v 0.053110 0.093159 -0.012007
v 0.051825 0.093030 -0.012291
v 0.051941 0.092484 -0.012007
v 0.050826 0.093135 -0.012291
v 0.050599 0.092625 -0.012007
v 0.050079 0.093807 -0.012291
v 0.049595 0.093528 -0.012007
v 0.049870 0.094790 -0.012291
v 0.049315 0.094849 -0.012007
v 0.050279 0.095709 -0.012291
v 0.049864 0.096082 -0.012007
v 0.051149 0.096211 -0.012291
v 0.051033 0.096757 -0.012007
v 0.052148 0.096106 -0.012291
v 0.052375 0.096616 -0.012007
v -0.051487 0.094620 -0.012291
v -0.053379 0.095713 -0.011312
v -0.052375 0.096616 -0.011312
v -0.051033 0.096757 -0.011312
v -0.049864 0.096082 -0.011312
v -0.049315 0.094849 -0.011312
v -0.049595 0.093528 -0.011312
v -0.050599 0.092625 -0.011312
v -0.051941 0.092484 -0.011312
v -0.053110 0.093159 -0.011312
v -0.053659 0.094392 -0.011312
v -0.052895 0.095434 -0.012291
v -0.053379 0.095713 -0.012007
v -0.052148 0.096106 -0.012291
v -0.052375 0.096616 -0.012007
v -0.051149 0.096211 -0.012291
v -0.051033 0.096757 -0.012007
v -0.050279 0.095709 -0.012291
v -0.049864 0.096082 -0.012007
v -0.049870 0.094790 -0.012291
v -0.049315 0.094849 -0.012007
v -0.050079 0.093807 -0.012291
v -0.049595 0.093528 -0.012007
v -0.050826 0.093135 -0.012291
v -0.050599 0.092625 -0.012007
v -0.051825 0.093030 -0.012291
v -0.051941 0.092484 -0.012007
v -0.052695 0.093532 -0.012291
v -0.053110 0.093159 -0.012007
v -0.053104 0.094451 -0.012291
v -0.053659 0.094392 -0.012007
v 0.059018 0.064894 0.033424
v 0.058513 0.057191 0.033424
v 0.057007 0.049620 0.033424
v 0.054525 0.042309 0.033424
v 0.051111 0.035386 0.033424
v 0.046822 0.028967 0.033424
v 0.041732 0.023163 0.033424
v 0.035928 0.018072 0.033424
v 0.029509 0.013783 0.033424
v 0.022585 0.010369 0.033424
v 0.015275 0.007888 0.033424
v 0.007703 0.006382 0.033424
v 0.000000 0.005877 0.033424
v -0.007703 0.006382 0.033424
v -0.015275 0.007888 0.033424
v -0.022585 0.010369 0.033424
v -0.029509 0.013783 0.033424
v -0.035928 0.018072 0.033424
v -0.041732 0.023163 0.033424
v -0.046822 0.028967 0.033424
v -0.051111 0.035386 0.033424
v -0.054525 0.042309 0.033424
v -0.057007 0.049619 0.033424
v -0.058513 0.057191 0.033424
v -0.059018 0.064894 0.033424
v -0.058513 0.072598 0.033424
v -0.057007 0.080169 0.033424
v -0.054525 0.087480 0.033424
v -0.051111 0.094403 0.033424
v -0.046822 0.100822 0.033424
v -0.041732 0.106626 0.033424
v -0.035928 0.111716 0.033424
v -0.029509 0.116005 0.033424
v -0.022585 0.119420 0.033424
v -0.015275 0.121901 0.033424
v -0.007703 0.123407 0.033424
v 0.000000 0.123912 0.033424
v 0.007703 0.123407 0.033424
v 0.015275 0.121901 0.033424
v 0.022585 0.119420 0.033424
v 0.029509 0.116005 0.033424
v 0.035928 0.111716 0.033424
v 0.041732 0.106626 0.033424
v 0.046822 0.100822 0.033424
v 0.051111 0.094403 0.033424
v 0.054525 0.087479 0.033424
v 0.057007 0.080169 0.033424
v 0.058513 0.072598 0.033424
v 0.063591 0.056522 0.031476
v 0.064140 0.064894 0.031476
v 0.061955 0.048294 0.031476
v 0.059258 0.040349 0.031476
v 0.055547 0.032824 0.031476
v 0.050886 0.025848 0.031476
v 0.045354 0.019541 0.031476
v 0.039046 0.014009 0.031476
v 0.032070 0.009348 0.031476
v 0.024545 0.005637 0.031476
v 0.016601 0.002940 0.031476
v 0.008372 0.001303 0.031476
v 0.000000 0.000754 0.031476
v -0.008372 0.001303 0.031476
v -0.016601 0.002940 0.031476
v -0.024545 0.005637 0.031476
v -0.032070 0.009348 0.031476
v -0.039046 0.014009 0.031476
v -0.045354 0.019541 0.031476
v -0.050886 0.025848 0.031476
v -0.055547 0.032824 0.031476
v -0.059258 0.040349 0.031476
v -0.061955 0.048294 0.031476
v -0.063591 0.056522 0.031476
v -0.064140 0.064894 0.031476
v -0.063591 0.073266 0.031476
v -0.061955 0.081495 0.031476
v -0.059258 0.089440 0.031476
v -0.055547 0.096964 0.031476
v -0.050886 0.103940 0.031476
v -0.045354 0.110248 0.031476
v -0.039046 0.115780 0.031476
v -0.032070 0.120441 0.031476
v -0.024545 0.124152 0.031476
v -0.016601 0.126849 0.031476
v -0.008372 0.128486 0.031476
v 0.000000 0.129035 0.031476
v 0.008372 0.128486 0.031476
v 0.016601 0.126849 0.031476
v 0.024545 0.124152 0.031476
v 0.032070 0.120441 0.031476
v 0.039046 0.115780 0.031476
v 0.045354 0.110248 0.031476
v 0.050886 0.103940 0.031476
v 0.055547 0.096964 0.031476
v 0.059258 0.089440 0.031476
v 0.061955 0.081495 0.031476
v 0.063591 0.073266 0.031476
v 0.064599 0.064894 0.032050
v 0.064046 0.056463 0.032050
v 0.062398 0.048175 0.032050
v 0.059682 0.040174 0.032050
v 0.055944 0.032595 0.032050
v 0.051250 0.025569 0.032050
v 0.045678 0.019216 0.032050
v 0.039325 0.013645 0.032050
v 0.032299 0.008950 0.032050
v 0.024721 0.005213 0.032050
v 0.016719 0.002497 0.032050
v 0.008432 0.000848 0.032050
v 0.000000 0.000296 0.032050
v -0.008432 0.000848 0.032050
v -0.016719 0.002497 0.032050
v -0.024721 0.005213 0.032050
v -0.032299 0.008950 0.032050
v -0.039325 0.013645 0.032050
v -0.045678 0.019216 0.032050
v -0.051250 0.025569 0.032050
v -0.055944 0.032595 0.032050
v -0.059682 0.040174 0.032050
v -0.062398 0.048175 0.032050
v -0.064046 0.056463 0.032050
v -0.064599 0.064894 0.032050
v -0.064046 0.073326 0.032050
v -0.062398 0.081614 0.032050
v -0.059682 0.089615 0.032050
v -0.055944 0.097194 0.032050
v -0.051250 0.104220 0.032050
v -0.045678 0.110573 0.032050
v -0.039325 0.116144 0.032050
v -0.032299 0.120839 0.032050
v -0.024721 0.124576 0.032050
v -0.016719 0.127292 0.032050
v -0.008432 0.128941 0.032050
v 0.000000 0.129493 0.032050
v 0.008432 0.128941 0.032050
v 0.016719 0.127292 0.032050
v 0.024721 0.124576 0.032050
v 0.032299 0.120839 0.032050
v 0.039325 0.116144 0.032050
v 0.045678 0.110573 0.032050
v 0.051250 0.104220 0.032050
v 0.055944 0.097194 0.032050
v 0.059682 0.089615 0.032050
v 0.062398 0.081614 0.032050
v 0.064046 0.073326 0.032050
v 0.064496 0.064894 0.034209
v 0.063944 0.056476 0.034209
v 0.062298 0.048202 0.034209
v 0.059587 0.040213 0.034209
v 0.055855 0.032646 0.034209
v 0.051168 0.025632 0.034209
v 0.045606 0.019289 0.034209
v 0.039263 0.013726 0.034209
v 0.032248 0.009039 0.034209
v 0.024682 0.005308 0.034209
v 0.016693 0.002596 0.034209
v 0.008418 0.000950 0.034209
v 0.000000 0.000398 0.034209
v -0.008418 0.000950 0.034209
v -0.016693 0.002596 0.034209
v -0.024682 0.005308 0.034209
v -0.032248 0.009039 0.034209
v -0.039263 0.013726 0.034209
v -0.045606 0.019289 0.034209
v -0.051168 0.025632 0.034209
v -0.055855 0.032646 0.034209
v -0.059587 0.040213 0.034209
v -0.062298 0.048202 0.034209
v -0.063944 0.056476 0.034209
v -0.064496 0.064894 0.034209
v -0.063944 0.073313 0.034209
v -0.062298 0.081587 0.034209
v -0.059587 0.089576 0.034209
v -0.055855 0.097142 0.034209
v -0.051168 0.104157 0.034209
v -0.045606 0.110500 0.034209
v -0.039263 0.116063 0.034209
v -0.032248 0.120750 0.034209
v -0.024682 0.124481 0.034209
v -0.016693 0.127193 0.034209
v -0.008418 0.128839 0.034209
v 0.000000 0.129391 0.034209
v 0.008418 0.128839 0.034209
v 0.016693 0.127193 0.034209
v 0.024682 0.124481 0.034209
v 0.032248 0.120750 0.034209
v 0.039263 0.116063 0.034209
v 0.045606 0.110500 0.034209
v 0.051168 0.104157 0.034209
v 0.055855 0.097142 0.034209
v 0.059587 0.089576 0.034209
v 0.062298 0.081587 0.034209
v 0.063944 0.073313 0.034209
v 0.063729 0.064894 0.036124
v 0.059257 0.064894 0.035678
v 0.058750 0.072629 0.035678
v 0.063184 0.073213 0.036124
v 0.057238 0.080231 0.035678
v 0.061557 0.081389 0.036124
v 0.054746 0.087571 0.035678
v 0.058878 0.089282 0.036124
v 0.051318 0.094523 0.035678
v 0.055191 0.096759 0.036124
v 0.047012 0.100968 0.035678
v 0.050560 0.103690 0.036124
v 0.041901 0.106795 0.035678
v 0.045063 0.109957 0.036124
v 0.036073 0.111906 0.035678
v 0.038796 0.115454 0.036124
v 0.029629 0.116213 0.035678
v 0.031864 0.120085 0.036124
v 0.022677 0.119641 0.035678
v 0.024388 0.123772 0.036124
v 0.015337 0.122132 0.035678
v 0.016494 0.126452 0.036124
v 0.007735 0.123645 0.035678
v 0.008318 0.128078 0.036124
v 0.000000 0.124152 0.035678
v 0.000000 0.128623 0.036124
v -0.007735 0.123645 0.035678
v -0.008318 0.128078 0.036124
v -0.015337 0.122132 0.035678
v -0.016494 0.126452 0.036124
v -0.022677 0.119641 0.035678
v -0.024388 0.123772 0.036124
v -0.029629 0.116213 0.035678
v -0.031864 0.120085 0.036124
v -0.036073 0.111906 0.035678
v -0.038796 0.115454 0.036124
v -0.041901 0.106796 0.035678
v -0.045063 0.109957 0.036124
v -0.047012 0.100968 0.035678
v -0.050559 0.103690 0.036124
v -0.051318 0.094523 0.035678
v -0.055191 0.096759 0.036124
v -0.054746 0.087571 0.035678
v -0.058878 0.089282 0.036124
v -0.057238 0.080231 0.035678
v -0.061557 0.081389 0.036124
v -0.058750 0.072629 0.035678
v -0.063184 0.073213 0.036124
v -0.059257 0.064894 0.035678
v -0.063729 0.064894 0.036124
v -0.058750 0.057160 0.035678
v -0.063184 0.056576 0.036124
v -0.057238 0.049558 0.035678
v -0.061557 0.048400 0.036124
v -0.054746 0.042218 0.035678
v -0.058878 0.040506 0.036124
v -0.051318 0.035266 0.035678
v -0.055191 0.033030 0.036124
v -0.047012 0.028821 0.035678
v -0.050559 0.026099 0.036124
v -0.041901 0.022993 0.035678
v -0.045063 0.019831 0.036124
v -0.036073 0.017883 0.035678
v -0.038796 0.014335 0.036124
v -0.029629 0.013576 0.035678
v -0.031864 0.009704 0.036124
v -0.022677 0.010148 0.035678
v -0.024388 0.006017 0.036124
v -0.015337 0.007657 0.035678
v -0.016494 0.003337 0.036124
v -0.007735 0.006144 0.035678
v -0.008318 0.001711 0.036124
v 0.000000 0.005637 0.035678
v 0.000000 0.001166 0.036124
v 0.007735 0.006144 0.035678
v 0.008318 0.001711 0.036124
v 0.015337 0.007657 0.035678
v 0.016494 0.003337 0.036124
v 0.022677 0.010148 0.035678
v 0.024388 0.006017 0.036124
v 0.029629 0.013576 0.035678
v 0.031864 0.009704 0.036124
v 0.036073 0.017883 0.035678
v 0.038796 0.014335 0.036124
v 0.041901 0.022993 0.035678
v 0.045063 0.019831 0.036124
v 0.047012 0.028821 0.035678
v 0.050559 0.026099 0.036124
v 0.051318 0.035266 0.035678
v 0.055191 0.033030 0.036124
v 0.054746 0.042218 0.035678
v 0.058878 0.040507 0.036124
v 0.057238 0.049558 0.035678
v 0.061557 0.048400 0.036124
v 0.058750 0.057160 0.035678
v 0.063184 0.056576 0.036124
v 0.062344 0.064894 0.037477
v 0.059922 0.064894 0.037518
v 0.061182 0.064894 0.037977
v 0.059410 0.072716 0.037518
v 0.061811 0.073032 0.037477
v 0.060659 0.072880 0.037977
v 0.057880 0.080403 0.037518
v 0.060220 0.081030 0.037477
v 0.059098 0.080729 0.037977
v 0.055361 0.087826 0.037518
v 0.057599 0.088752 0.037477
v 0.056525 0.088308 0.037977
v 0.051894 0.094855 0.037518
v 0.053992 0.096066 0.037477
v 0.052986 0.095486 0.037977
v 0.047540 0.101373 0.037518
v 0.049461 0.102847 0.037477
v 0.048539 0.102140 0.037977
v 0.042371 0.107266 0.037518
v 0.044084 0.108978 0.037477
v 0.043263 0.108157 0.037977
v 0.036478 0.112434 0.037518
v 0.037953 0.114355 0.037477
v 0.037246 0.113434 0.037977
v 0.029961 0.116789 0.037518
v 0.031172 0.118886 0.037477
v 0.030591 0.117880 0.037977
v 0.022931 0.120255 0.037518
v 0.023858 0.122493 0.037477
v 0.023414 0.121420 0.037977
v 0.015509 0.122775 0.037518
v 0.016136 0.125114 0.037477
v 0.015835 0.123992 0.037977
v 0.007821 0.124304 0.037518
v 0.008138 0.126705 0.037477
v 0.007986 0.125553 0.037977
v 0.000000 0.124817 0.037518
v 0.000000 0.127239 0.037477
v 0.000000 0.126077 0.037977
v -0.007821 0.124304 0.037518
v -0.008138 0.126705 0.037477
v -0.007986 0.125553 0.037977
v -0.015509 0.122775 0.037518
v -0.016136 0.125114 0.037477
v -0.015835 0.123992 0.037977
v -0.022931 0.120255 0.037518
v -0.023858 0.122493 0.037477
v -0.023414 0.121420 0.037977
v -0.029961 0.116789 0.037518
v -0.031172 0.118886 0.037477
v -0.030591 0.117880 0.037977
v -0.036478 0.112434 0.037518
v -0.037953 0.114355 0.037477
v -0.037246 0.113434 0.037977
v -0.042371 0.107266 0.037518
v -0.044084 0.108978 0.037477
v -0.043263 0.108157 0.037977
v -0.047539 0.101373 0.037518
v -0.049461 0.102847 0.037477
v -0.048539 0.102140 0.037977
v -0.051894 0.094856 0.037518
v -0.053992 0.096067 0.037477
v -0.052986 0.095486 0.037977
v -0.055361 0.087826 0.037518
v -0.057598 0.088752 0.037477
v -0.056525 0.088308 0.037977
v -0.057880 0.080403 0.037518
v -0.060220 0.081030 0.037477
v -0.059098 0.080730 0.037977
v -0.059410 0.072716 0.037518
v -0.061811 0.073032 0.037477
v -0.060659 0.072880 0.037977
v -0.059922 0.064894 0.037518
v -0.062344 0.064894 0.037477
v -0.061182 0.064894 0.037977
v -0.059410 0.057073 0.037518
v -0.061811 0.056757 0.037477
v -0.060659 0.056909 0.037977
v -0.057880 0.049385 0.037518
v -0.060220 0.048759 0.037477
v -0.059098 0.049059 0.037977
v -0.055361 0.041963 0.037518
v -0.057598 0.041036 0.037477
v -0.056525 0.041481 0.037977
v -0.051894 0.034933 0.037518
v -0.053992 0.033722 0.037477
v -0.052986 0.034303 0.037977
v -0.047539 0.028416 0.037518
v -0.049461 0.026942 0.037477
v -0.048539 0.027649 0.037977
v -0.042371 0.022523 0.037518
v -0.044084 0.020810 0.037477
v -0.043262 0.021632 0.037977
v -0.036478 0.017355 0.037518
v -0.037953 0.015434 0.037477
v -0.037245 0.016355 0.037977
v -0.029961 0.013000 0.037518
v -0.031172 0.010903 0.037477
v -0.030591 0.011909 0.037977
v -0.022931 0.009534 0.037518
v -0.023858 0.007296 0.037477
v -0.023413 0.008369 0.037977
v -0.015509 0.007014 0.037518
v -0.016136 0.004675 0.037477
v -0.015835 0.005797 0.037977
v -0.007821 0.005485 0.037518
v -0.008138 0.003084 0.037477
v -0.007986 0.004235 0.037977
v 0.000000 0.004972 0.037518
v 0.000000 0.002550 0.037477
v 0.000000 0.003712 0.037977
v 0.007821 0.005485 0.037518
v 0.008138 0.003084 0.037477
v 0.007986 0.004235 0.037977
v 0.015509 0.007014 0.037518
v 0.016136 0.004675 0.037477
v 0.015835 0.005797 0.037977
v 0.022931 0.009534 0.037518
v 0.023858 0.007296 0.037477
v 0.023413 0.008369 0.037977
v 0.029961 0.013000 0.037518
v 0.031172 0.010903 0.037477
v 0.030591 0.011909 0.037977
v 0.036478 0.017355 0.037518
v 0.037953 0.015434 0.037477
v 0.037246 0.016355 0.037977
v 0.042371 0.022523 0.037518
v 0.044084 0.020810 0.037477
v 0.043263 0.021632 0.037977
v 0.047539 0.028416 0.037518
v 0.049461 0.026942 0.037477
v 0.048539 0.027649 0.037977
v 0.051894 0.034933 0.037518
v 0.053992 0.033722 0.037477
v 0.052986 0.034303 0.037977
v 0.055361 0.041963 0.037518
v 0.057598 0.041036 0.037477
v 0.056525 0.041481 0.037977
v 0.057880 0.049385 0.037518
v 0.060220 0.048759 0.037477
v 0.059098 0.049059 0.037977
v 0.059410 0.057073 0.037518
v 0.061811 0.056757 0.037477
v 0.060659 0.056909 0.037977
v 0.059018 0.064894 0.025093
v 0.058513 0.057191 0.025093
v 0.057007 0.049620 0.025093
v 0.054525 0.042309 0.025093
v 0.051111 0.035386 0.025093
v 0.046822 0.028967 0.025093
v 0.041732 0.023163 0.025093
v 0.035928 0.018072 0.025093
v 0.029509 0.013783 0.025093
v 0.022585 0.010369 0.025093
v 0.015275 0.007888 0.025093
v 0.007703 0.006382 0.025093
v 0.000000 0.005877 0.025093
v -0.007703 0.006382 0.025093
v -0.015275 0.007888 0.025093
v -0.022585 0.010369 0.025093
v -0.029509 0.013783 0.025093
v -0.035928 0.018072 0.025093
v -0.041732 0.023163 0.025093
v -0.046822 0.028967 0.025093
v -0.051111 0.035386 0.025093
v -0.054525 0.042309 0.025093
v -0.057007 0.049619 0.025093
v -0.058513 0.057191 0.025093
v -0.059018 0.064894 0.025093
v -0.058513 0.072598 0.025093
v -0.057007 0.080169 0.025093
v -0.054525 0.087480 0.025093
v -0.051111 0.094403 0.025093
v -0.046822 0.100822 0.025093
v -0.041732 0.106626 0.025093
v -0.035928 0.111716 0.025093
v -0.029509 0.116005 0.025093
v -0.022585 0.119420 0.025093
v -0.015275 0.121901 0.025093
v -0.007703 0.123407 0.025093
v 0.000000 0.123912 0.025093
v 0.007703 0.123407 0.025093
v 0.015275 0.121901 0.025093
v 0.022585 0.119420 0.025093
v 0.029509 0.116005 0.025093
v 0.035928 0.111716 0.025093
v 0.041732 0.106626 0.025093
v 0.046822 0.100822 0.025093
v 0.051111 0.094403 0.025093
v 0.054525 0.087479 0.025093
v 0.057007 0.080169 0.025093
v 0.058513 0.072598 0.025093
v 0.063591 0.056522 0.028290
v 0.064140 0.064894 0.028290
v 0.061955 0.048294 0.028290
v 0.059258 0.040349 0.028290
v 0.055547 0.032824 0.028290
v 0.050886 0.025848 0.028290
v 0.045354 0.019541 0.028290
v 0.039046 0.014009 0.028290
v 0.032070 0.009348 0.028290
v 0.024545 0.005637 0.028290
v 0.016601 0.002940 0.028290
v 0.008372 0.001303 0.028290
v 0.000000 0.000754 0.028290
v -0.008372 0.001303 0.028290
v -0.016601 0.002940 0.028290
v -0.024545 0.005637 0.028290
v -0.032070 0.009348 0.028290
v -0.039046 0.014009 0.028290
v -0.045354 0.019541 0.028290
v -0.050886 0.025848 0.028290
v -0.055547 0.032824 0.028290
v -0.059258 0.040349 0.028290
v -0.061955 0.048294 0.028290
v -0.063591 0.056522 0.028290
v -0.064140 0.064894 0.028290
v -0.063591 0.073266 0.028290
v -0.061955 0.081495 0.028290
v -0.059258 0.089440 0.028290
v -0.055547 0.096964 0.028290
v -0.050886 0.103940 0.028290
v -0.045354 0.110248 0.028290
v -0.039046 0.115780 0.028290
v -0.032070 0.120441 0.028290
v -0.024545 0.124152 0.028290
v -0.016601 0.126849 0.028290
v -0.008372 0.128486 0.028290
v 0.000000 0.129035 0.028290
v 0.008372 0.128486 0.028290
v 0.016601 0.126849 0.028290
v 0.024545 0.124152 0.028290
v 0.032070 0.120441 0.028290
v 0.039046 0.115780 0.028290
v 0.045354 0.110248 0.028290
v 0.050886 0.103940 0.028290
v 0.055547 0.096964 0.028290
v 0.059258 0.089440 0.028290
v 0.061955 0.081495 0.028290
v 0.063591 0.073266 0.028290
v -0.016247 0.084538 -0.021779
v -0.016647 0.086551 -0.021779
v -0.017788 0.088258 -0.021779
v -0.019495 0.089398 -0.021779
v -0.021508 0.089799 -0.021779
v -0.023521 0.089398 -0.021779
v -0.025227 0.088258 -0.021779
v -0.026368 0.086551 -0.021779
v -0.026768 0.084538 -0.021779
v -0.026368 0.082525 -0.021779
v -0.025227 0.080818 -0.021779
v -0.023521 0.079678 -0.021779
v -0.021508 0.079278 -0.021779
v -0.019495 0.079678 -0.021779
v -0.017788 0.080818 -0.021779
v -0.016647 0.082525 -0.021779
v -0.017420 0.084538 -0.024243
v -0.016247 0.084538 -0.023141
v -0.016661 0.084538 -0.023894
v -0.017731 0.086103 -0.024243
v -0.016647 0.086551 -0.023141
v -0.017030 0.086393 -0.023894
v -0.018617 0.087429 -0.024243
v -0.017788 0.088258 -0.023141
v -0.018080 0.087966 -0.023894
v -0.019943 0.088315 -0.024243
v -0.019495 0.089398 -0.023141
v -0.019653 0.089016 -0.023894
v -0.021508 0.088626 -0.024243
v -0.021508 0.089799 -0.023141
v -0.021508 0.089385 -0.023894
v -0.023072 0.088315 -0.024243
v -0.023521 0.089398 -0.023141
v -0.023362 0.089016 -0.023894
v -0.024398 0.087429 -0.024243
v -0.025227 0.088258 -0.023141
v -0.024935 0.087966 -0.023894
v -0.025284 0.086103 -0.024243
v -0.026368 0.086551 -0.023141
v -0.025986 0.086393 -0.023894
v -0.025595 0.084538 -0.024243
v -0.026768 0.084538 -0.023141
v -0.026355 0.084538 -0.023894
v -0.025284 0.082974 -0.024243
v -0.026368 0.082525 -0.023141
v -0.025986 0.082683 -0.023894
v -0.024398 0.081648 -0.024243
v -0.025227 0.080818 -0.023141
v -0.024935 0.081111 -0.023894
v -0.023072 0.080762 -0.024243
v -0.023521 0.079678 -0.023141
v -0.023362 0.080060 -0.023894
v -0.021508 0.080450 -0.024243
v -0.021508 0.079278 -0.023141
v -0.021508 0.079691 -0.023894
v -0.019943 0.080762 -0.024243
v -0.019495 0.079678 -0.023141
v -0.019653 0.080060 -0.023894
v -0.018617 0.081648 -0.024243
v -0.017788 0.080818 -0.023141
v -0.018080 0.081111 -0.023894
v -0.017731 0.082974 -0.024243
v -0.016647 0.082525 -0.023141
v -0.017030 0.082683 -0.023894
v -0.021508 0.084538 -0.024243
v -0.019630 0.084538 -0.021779
v -0.019773 0.085257 -0.021779
v -0.020180 0.085866 -0.021779
v -0.020789 0.086273 -0.021779
v -0.021508 0.086416 -0.021779
v -0.022226 0.086273 -0.021779
v -0.022835 0.085866 -0.021779
v -0.023242 0.085257 -0.021779
v -0.023385 0.084538 -0.021779
v -0.023242 0.083820 -0.021779
v -0.022835 0.083211 -0.021779
v -0.022226 0.082804 -0.021779
v -0.021508 0.082661 -0.021779
v -0.020789 0.082804 -0.021779
v -0.020180 0.083211 -0.021779
v -0.019773 0.083820 -0.021779
v -0.019630 0.084538 -0.017057
v -0.019773 0.085257 -0.017057
v -0.020180 0.085866 -0.017057
v -0.020789 0.086273 -0.017057
v -0.021508 0.086416 -0.017057
v -0.022226 0.086273 -0.017057
v -0.022835 0.085866 -0.017057
v -0.023242 0.085257 -0.017057
v -0.023385 0.084538 -0.017057
v -0.023242 0.083820 -0.017057
v -0.022835 0.083211 -0.017057
v -0.022226 0.082804 -0.017057
v -0.021508 0.082661 -0.017057
v -0.020789 0.082804 -0.017057
v -0.020180 0.083211 -0.017057
v -0.019773 0.083820 -0.017057
v 0.016247 0.084538 -0.021779
v 0.016648 0.086551 -0.021779
v 0.017788 0.088258 -0.021779
v 0.019495 0.089398 -0.021779
v 0.021508 0.089799 -0.021779
v 0.023521 0.089398 -0.021779
v 0.025228 0.088258 -0.021779
v 0.026368 0.086551 -0.021779
v 0.026768 0.084538 -0.021779
v 0.026368 0.082525 -0.021779
v 0.025228 0.080818 -0.021779
v 0.023521 0.079678 -0.021779
v 0.021508 0.079278 -0.021779
v 0.019495 0.079678 -0.021779
v 0.017788 0.080818 -0.021779
v 0.016648 0.082525 -0.021779
v 0.017420 0.084538 -0.024243
v 0.016247 0.084538 -0.023141
v 0.016661 0.084538 -0.023894
v 0.017731 0.086103 -0.024243
v 0.016648 0.086551 -0.023141
v 0.017030 0.086393 -0.023894
v 0.018617 0.087429 -0.024243
v 0.017788 0.088258 -0.023141
v 0.018080 0.087966 -0.023894
v 0.019943 0.088315 -0.024243
v 0.019495 0.089398 -0.023141
v 0.019653 0.089016 -0.023894
v 0.021508 0.088626 -0.024243
v 0.021508 0.089799 -0.023141
v 0.021508 0.089385 -0.023894
v 0.023072 0.088315 -0.024243
v 0.023521 0.089398 -0.023141
v 0.023363 0.089016 -0.023894
v 0.024398 0.087429 -0.024243
v 0.025228 0.088258 -0.023141
v 0.024935 0.087966 -0.023894
v 0.025284 0.086103 -0.024243
v 0.026368 0.086551 -0.023141
v 0.025986 0.086393 -0.023894
v 0.025596 0.084538 -0.024243
v 0.026768 0.084538 -0.023141
v 0.026355 0.084538 -0.023894
v 0.025284 0.082974 -0.024243
v 0.026368 0.082525 -0.023141
v 0.025986 0.082683 -0.023894
v 0.024398 0.081648 -0.024243
v 0.025228 0.080818 -0.023141
v 0.024935 0.081111 -0.023894
v 0.023072 0.080762 -0.024243
v 0.023521 0.079678 -0.023141
v 0.023363 0.080060 -0.023894
v 0.021508 0.080450 -0.024243
v 0.021508 0.079278 -0.023141
v 0.021508 0.079691 -0.023894
v 0.019943 0.080762 -0.024243
v 0.019495 0.079678 -0.023141
v 0.019653 0.080060 -0.023894
v 0.018617 0.081648 -0.024243
v 0.017788 0.080818 -0.023141
v 0.018080 0.081111 -0.023894
v 0.017731 0.082974 -0.024243
v 0.016648 0.082525 -0.023141
v 0.017030 0.082683 -0.023894
v 0.021508 0.084538 -0.024243
v 0.019630 0.084538 -0.021779
v 0.019773 0.085257 -0.021779
v 0.020180 0.085866 -0.021779
v 0.020789 0.086273 -0.021779
v 0.021508 0.086416 -0.021779
v 0.022226 0.086273 -0.021779
v 0.022835 0.085866 -0.021779
v 0.023242 0.085257 -0.021779
v 0.023385 0.084538 -0.021779
v 0.023242 0.083820 -0.021779
v 0.022835 0.083211 -0.021779
v 0.022226 0.082804 -0.021779
v 0.021508 0.082661 -0.021779
v 0.020789 0.082804 -0.021779
v 0.020180 0.083211 -0.021779
v 0.019773 0.083820 -0.021779
v 0.019630 0.084538 -0.017057
v 0.019773 0.085257 -0.017057
v 0.020180 0.085866 -0.017057
v 0.020789 0.086273 -0.017057
v 0.021508 0.086416 -0.017057
v 0.022226 0.086273 -0.017057
v 0.022835 0.085866 -0.017057
v 0.023242 0.085257 -0.017057
v 0.023385 0.084538 -0.017057
v 0.023242 0.083820 -0.017057
v 0.022835 0.083211 -0.017057
v 0.022226 0.082804 -0.017057
v 0.021508 0.082661 -0.017057
v 0.020789 0.082804 -0.017057
v 0.020180 0.083211 -0.017057
v 0.019773 0.083820 -0.017057
v -0.011450 0.137022 0.006186
v -0.019027 0.146215 0.006186
v -0.012214 0.136640 0.012677
v -0.019710 0.145873 0.011988
v -0.014455 0.135519 0.018726
v -0.021713 0.144871 0.017394
v -0.018020 0.133735 0.023921
v -0.024899 0.143277 0.022037
v -0.022665 0.131412 0.027907
v -0.029051 0.141200 0.025600
v -0.028075 0.128705 0.030412
v -0.033887 0.138781 0.027839
v -0.033881 0.125801 0.031267
v -0.039076 0.136186 0.028603
v -0.039686 0.122897 0.030412
v -0.044265 0.133590 0.027839
v -0.045096 0.120190 0.027907
v -0.049100 0.131171 0.025600
v -0.049742 0.117866 0.023921
v -0.053252 0.129094 0.022037
v -0.053307 0.116083 0.018726
v -0.056438 0.127500 0.017394
v -0.055548 0.114962 0.012677
v -0.058441 0.126498 0.011988
v -0.056312 0.114580 0.006186
v -0.059124 0.126156 0.006186
v -0.055548 0.114962 -0.000306
v -0.058441 0.126498 0.000384
v -0.053307 0.116083 -0.006355
v -0.056438 0.127500 -0.005023
v -0.049742 0.117866 -0.011549
v -0.053252 0.129094 -0.009666
v -0.045096 0.120190 -0.015535
v -0.049100 0.131171 -0.013228
v -0.039686 0.122897 -0.018041
v -0.044265 0.133590 -0.015468
v -0.033881 0.125801 -0.018896
v -0.039076 0.136186 -0.016232
v -0.028075 0.128705 -0.018041
v -0.033887 0.138781 -0.015468
v -0.022665 0.131411 -0.015535
v -0.029051 0.141200 -0.013228
v -0.018020 0.133735 -0.011550
v -0.024899 0.143277 -0.009666
v -0.014455 0.135519 -0.006355
v -0.021713 0.144871 -0.005023
v -0.012214 0.136640 -0.000306
v -0.019710 0.145873 0.000384
v -0.039198 0.141824 0.006186
v -0.039271 0.141788 0.006810
v -0.039487 0.141680 0.007392
v -0.039830 0.141508 0.007892
v -0.040277 0.141284 0.008276
v -0.040798 0.141024 0.008517
v -0.041356 0.140745 0.008599
v -0.041915 0.140465 0.008517
v -0.042436 0.140205 0.008276
v -0.042883 0.139981 0.007892
v -0.043226 0.139809 0.007392
v -0.043441 0.139702 0.006810
v -0.043515 0.139665 0.006186
v -0.043441 0.139702 0.005561
v -0.043226 0.139809 0.004979
v -0.042883 0.139981 0.004479
v -0.042436 0.140205 0.004095
v -0.041915 0.140465 0.003854
v -0.041356 0.140745 0.003772
v -0.040798 0.141024 0.003854
v -0.040277 0.141284 0.004095
v -0.039830 0.141508 0.004479
v -0.039487 0.141680 0.004979
v -0.039271 0.141788 0.005561
v -0.055591 0.129772 0.016370
v -0.052696 0.131220 0.020588
v -0.052696 0.131220 -0.008217
v -0.055591 0.129772 -0.003999
v -0.030707 0.142220 -0.011454
v -0.035100 0.140022 -0.013489
v -0.026934 0.144108 0.020588
v -0.024039 0.145556 0.016370
v -0.048923 0.133107 0.023825
v -0.044530 0.135305 0.025860
v -0.057411 0.128862 0.000914
v -0.058032 0.128551 0.006186
v -0.022219 0.146466 0.011457
v -0.021599 0.146777 0.006186
v -0.039815 0.137664 -0.014183
v -0.044530 0.135305 -0.013489
v -0.022219 0.146466 0.000914
v -0.024039 0.145556 -0.003999
v -0.039815 0.137664 0.026554
v -0.035100 0.140022 0.025860
v -0.057411 0.128862 0.011457
v -0.048923 0.133107 -0.011454
v -0.026934 0.144108 -0.008217
v -0.030707 0.142220 0.023825
v -0.049649 0.135659 0.015877
v -0.051597 0.134684 -0.000667
v -0.037809 0.141582 -0.007054
v -0.030365 0.145305 0.013039
v -0.044154 0.138408 0.019425
v -0.053239 0.133863 0.006186
v -0.028723 0.146127 0.006186
v -0.044154 0.138408 -0.007054
v -0.030365 0.145305 -0.000668
v -0.037809 0.141582 0.019425
v -0.051597 0.134684 0.013039
v -0.049649 0.135659 -0.003506
v -0.034852 0.143061 -0.005684
v -0.032313 0.144331 0.015877
v -0.047110 0.136929 0.018056
v -0.052822 0.134072 0.002638
v -0.029141 0.145918 0.009733
v -0.040981 0.139995 -0.007521
v -0.029141 0.145918 0.002638
v -0.040981 0.139995 0.019892
v -0.052822 0.134072 0.009733
v -0.047110 0.136929 -0.005684
v -0.032313 0.144331 -0.003506
v -0.034852 0.143061 0.018056
v -0.046748 0.137948 0.012259
v -0.047968 0.137337 0.001891
v -0.039328 0.141659 -0.002110
v -0.034664 0.143992 0.010480
v -0.043304 0.139670 0.014481
v -0.048997 0.136822 0.006186
v -0.033635 0.144507 0.006186
v -0.043304 0.139670 -0.002110
v -0.034664 0.143992 0.001891
v -0.039328 0.141659 0.014481
v -0.047968 0.137337 0.010480
v -0.046748 0.137948 0.000113
v -0.037476 0.142586 -0.001252
v -0.035885 0.143382 0.012259
v -0.045157 0.138743 0.013623
v -0.048735 0.136953 0.003963
v -0.033897 0.144376 0.008408
v -0.041316 0.140665 -0.002403
v -0.033897 0.144376 0.003963
v -0.041316 0.140665 0.014774
v -0.048735 0.136953 0.008408
v -0.045157 0.138743 -0.001252
v -0.035885 0.143382 0.000113
v -0.037476 0.142586 0.013623
v -0.054145 0.132043 0.015037
v -0.051629 0.133302 -0.006331
v -0.032519 0.142862 -0.009145
v -0.029240 0.144502 0.018703
v -0.048350 0.134942 0.021516
v -0.055727 0.131252 0.001604
v -0.025143 0.146552 0.010767
v -0.040435 0.138902 -0.011516
v -0.025143 0.146552 0.001604
v -0.040435 0.138902 0.023888
v -0.055727 0.131252 0.010767
v -0.048350 0.134942 -0.009145
v -0.029240 0.144502 -0.006331
v -0.032519 0.142862 0.021516
v -0.051555 0.133153 0.018703
v -0.054145 0.132043 -0.002665
v -0.036337 0.140952 -0.010913
v -0.026724 0.145761 0.015037
v -0.044532 0.136852 0.023284
v -0.056266 0.130982 0.006186
v -0.024603 0.146822 0.006186
v -0.044532 0.136852 -0.010913
v -0.026724 0.145761 -0.002665
v -0.036337 0.140952 0.023284
v -0.017232 0.145452 0.006186
v -0.014731 0.142749 0.006186
v -0.015757 0.144244 0.006186
v -0.015484 0.142372 0.012581
v -0.017954 0.145091 0.012315
v -0.016503 0.143871 0.012516
v -0.017692 0.141268 0.018540
v -0.020070 0.144033 0.018026
v -0.018688 0.142778 0.018415
v -0.021204 0.139511 0.023657
v -0.023435 0.142349 0.022931
v -0.022164 0.141039 0.023481
v -0.025780 0.137222 0.027584
v -0.027822 0.140155 0.026694
v -0.026695 0.138772 0.027368
v -0.031110 0.134556 0.030052
v -0.032930 0.137599 0.029060
v -0.031971 0.136133 0.029812
v -0.036829 0.131695 0.030894
v -0.038411 0.134857 0.029867
v -0.037633 0.133301 0.030645
v -0.042548 0.128834 0.030052
v -0.043893 0.132115 0.029060
v -0.043294 0.130468 0.029812
v -0.047878 0.126167 0.027584
v -0.049001 0.129560 0.026694
v -0.048570 0.127829 0.027368
v -0.052454 0.123878 0.023657
v -0.053387 0.127366 0.022931
v -0.053101 0.125563 0.023481
v -0.055966 0.122121 0.018540
v -0.056753 0.125682 0.018026
v -0.056577 0.123824 0.018415
v -0.058174 0.121017 0.012581
v -0.058868 0.124624 0.012315
v -0.058762 0.122731 0.012516
v -0.058927 0.120640 0.006186
v -0.059590 0.124263 0.006186
v -0.059508 0.122358 0.006186
v -0.058174 0.121017 -0.000209
v -0.058868 0.124624 0.000057
v -0.058762 0.122731 -0.000145
v -0.055966 0.122121 -0.006169
v -0.056753 0.125682 -0.005655
v -0.056577 0.123824 -0.006044
v -0.052454 0.123878 -0.011286
v -0.053387 0.127366 -0.010559
v -0.053101 0.125563 -0.011110
v -0.047878 0.126167 -0.015212
v -0.049001 0.129560 -0.014323
v -0.048570 0.127829 -0.014997
v -0.042548 0.128834 -0.017681
v -0.043893 0.132115 -0.016688
v -0.043294 0.130468 -0.017440
v -0.036829 0.131695 -0.018523
v -0.038411 0.134857 -0.017495
v -0.037633 0.133301 -0.018274
v -0.031110 0.134556 -0.017681
v -0.032930 0.137599 -0.016688
v -0.031971 0.136133 -0.017440
v -0.025780 0.137222 -0.015212
v -0.027822 0.140155 -0.014323
v -0.026695 0.138772 -0.014997
v -0.021204 0.139511 -0.011286
v -0.023436 0.142349 -0.010559
v -0.022164 0.141039 -0.011110
v -0.017692 0.141268 -0.006169
v -0.020070 0.144033 -0.005655
v -0.018688 0.142778 -0.006044
v -0.015484 0.142372 -0.000209
v -0.017954 0.145091 0.000057
v -0.016503 0.143871 -0.000145
v -0.012351 0.136563 0.006186
v -0.020094 0.145493 0.006186
v -0.013085 0.136196 0.012415
v -0.020739 0.145171 0.011657
v -0.015235 0.135120 0.018220
v -0.022627 0.144226 0.016756
v -0.018656 0.133409 0.023205
v -0.025632 0.142723 0.021134
v -0.023114 0.131179 0.027030
v -0.029547 0.140764 0.024493
v -0.028306 0.128582 0.029435
v -0.034107 0.138483 0.026605
v -0.033878 0.125795 0.030255
v -0.039000 0.136035 0.027325
v -0.039449 0.123007 0.029435
v -0.043894 0.133587 0.026605
v -0.044641 0.120410 0.027030
v -0.048453 0.131306 0.024493
v -0.049099 0.118180 0.023205
v -0.052369 0.129347 0.021134
v -0.052520 0.116469 0.018220
v -0.055373 0.127844 0.016756
v -0.054670 0.115393 0.012415
v -0.057262 0.126900 0.011657
v -0.055404 0.115026 0.006186
v -0.057906 0.126577 0.006186
v -0.054670 0.115393 -0.000044
v -0.057262 0.126900 0.000714
v -0.052520 0.116469 -0.005849
v -0.055373 0.127844 -0.004384
v -0.049099 0.118180 -0.010834
v -0.052369 0.129347 -0.008762
v -0.044641 0.120410 -0.014659
v -0.048453 0.131306 -0.012122
v -0.039449 0.123007 -0.017064
v -0.043894 0.133587 -0.014234
v -0.033878 0.125795 -0.017884
v -0.039000 0.136035 -0.014954
v -0.028306 0.128582 -0.017064
v -0.034107 0.138483 -0.014234
v -0.023114 0.131179 -0.014659
v -0.029547 0.140764 -0.012122
v -0.018656 0.133409 -0.010834
v -0.025632 0.142723 -0.008762
v -0.015235 0.135120 -0.005849
v -0.022627 0.144226 -0.004384
v -0.013085 0.136196 -0.000044
v -0.020739 0.145171 0.000714
v -0.039041 0.141433 0.006186
v -0.039113 0.141396 0.006801
v -0.039326 0.141290 0.007375
v -0.039664 0.141121 0.007868
v -0.040104 0.140901 0.008246
v -0.040617 0.140644 0.008484
v -0.041168 0.140368 0.008565
v -0.041719 0.140093 0.008484
v -0.042232 0.139836 0.008246
v -0.042673 0.139616 0.007868
v -0.043011 0.139447 0.007375
v -0.043223 0.139340 0.006801
v -0.043296 0.139304 0.006186
v -0.043223 0.139340 0.005570
v -0.043011 0.139447 0.004996
v -0.042673 0.139616 0.004503
v -0.042232 0.139836 0.004125
v -0.041719 0.140093 0.003888
v -0.041168 0.140368 0.003807
v -0.040617 0.140644 0.003888
v -0.040104 0.140901 0.004125
v -0.039664 0.141121 0.004503
v -0.039326 0.141290 0.004996
v -0.039113 0.141396 0.005570
v -0.017841 0.139848 -0.005725
v -0.021227 0.138155 -0.010658
v -0.025639 0.135947 -0.014444
v -0.030777 0.133377 -0.016824
v -0.036291 0.130619 -0.017635
v -0.041805 0.127860 -0.016824
v -0.046943 0.125290 -0.014444
v -0.051355 0.123083 -0.010658
v -0.054741 0.121389 -0.005725
v -0.056869 0.120325 0.000020
v -0.057595 0.119961 0.006186
v -0.056869 0.120325 0.012351
v -0.054741 0.121389 0.018096
v -0.051355 0.123083 0.023030
v -0.046943 0.125290 0.026815
v -0.041805 0.127860 0.029195
v -0.036291 0.130619 0.030007
v -0.030777 0.133377 0.029195
v -0.025639 0.135947 0.026815
v -0.021227 0.138155 0.023030
v -0.017841 0.139848 0.018096
v -0.015713 0.140913 0.000020
v -0.015713 0.140913 0.012351
v -0.014987 0.141276 0.006186
v -0.046435 0.137637 0.012118
v -0.047627 0.137041 0.001991
v -0.039188 0.141262 -0.001918
v -0.034632 0.143541 0.010380
v -0.043071 0.139320 0.014289
v -0.048632 0.136538 0.006186
v -0.033627 0.144044 0.006186
v -0.043071 0.139320 -0.001918
v -0.034632 0.143541 0.001991
v -0.039188 0.141262 0.014289
v -0.047627 0.137041 0.010380
v -0.046435 0.137637 0.000254
v -0.037378 0.142168 -0.001080
v -0.035824 0.142945 0.012118
v -0.044881 0.138414 0.013451
v -0.048377 0.136666 0.004014
v -0.033882 0.143916 0.008357
v -0.041129 0.140291 -0.002204
v -0.033882 0.143916 0.004014
v -0.041129 0.140291 0.014575
v -0.048377 0.136666 0.008357
v -0.044881 0.138414 -0.001080
v -0.035824 0.142945 0.000254
v -0.037378 0.142168 0.013451
v 0.011450 0.137022 0.006186
v 0.019027 0.146215 0.006186
v 0.012214 0.136640 0.012677
v 0.019710 0.145873 0.011988
v 0.014455 0.135519 0.018726
v 0.021713 0.144871 0.017394
v 0.018020 0.133735 0.023921
v 0.024899 0.143277 0.022037
v 0.022665 0.131412 0.027907
v 0.029051 0.141200 0.025600
v 0.028075 0.128705 0.030412
v 0.033887 0.138781 0.027839
v 0.033881 0.125801 0.031267
v 0.039076 0.136186 0.028603
v 0.039686 0.122897 0.030412
v 0.044265 0.133590 0.027839
v 0.045096 0.120190 0.027907
v 0.049100 0.131171 0.025600
v 0.049742 0.117866 0.023921
v 0.053252 0.129094 0.022037
v 0.053307 0.116083 0.018726
v 0.056438 0.127500 0.017394
v 0.055548 0.114962 0.012677
v 0.058441 0.126498 0.011988
v 0.056312 0.114580 0.006186
v 0.059124 0.126156 0.006186
v 0.055548 0.114962 -0.000306
v 0.058441 0.126498 0.000384
v 0.053307 0.116083 -0.006355
v 0.056438 0.127500 -0.005023
v 0.049742 0.117866 -0.011549
v 0.053252 0.129094 -0.009666
v 0.045096 0.120190 -0.015535
v 0.049100 0.131171 -0.013228
v 0.039686 0.122897 -0.018041
v 0.044265 0.133590 -0.015468
v 0.033881 0.125801 -0.018896
v 0.039076 0.136186 -0.016232
v 0.028075 0.128705 -0.018041
v 0.033887 0.138781 -0.015468
v 0.022665 0.131411 -0.015535
v 0.029051 0.141200 -0.013228
v 0.018020 0.133735 -0.011550
v 0.024899 0.143277 -0.009666
v 0.014455 0.135519 -0.006355
v 0.021713 0.144871 -0.005023
v 0.012214 0.136640 -0.000306
v 0.019710 0.145873 0.000384
v 0.039198 0.141824 0.006186
v 0.039271 0.141788 0.006810
v 0.039487 0.141680 0.007392
v 0.039830 0.141508 0.007892
v 0.040277 0.141284 0.008276
v 0.040798 0.141024 0.008517
v 0.041356 0.140745 0.008599
v 0.041915 0.140465 0.008517
v 0.042436 0.140205 0.008276
v 0.042883 0.139981 0.007892
v 0.043226 0.139809 0.007392
v 0.043441 0.139702 0.006810
v 0.043515 0.139665 0.006186
v 0.043441 0.139702 0.005561
v 0.043226 0.139809 0.004979
v 0.042883 0.139981 0.004479
v 0.042436 0.140205 0.004095
v 0.041915 0.140465 0.003854
v 0.041356 0.140745 0.003772
v 0.040798 0.141024 0.003854
v 0.040277 0.141284 0.004095
v 0.039830 0.141508 0.004479
v 0.039487 0.141680 0.004979
v 0.039271 0.141788 0.005561
v 0.055591 0.129772 0.016370
v 0.052696 0.131220 0.020588
v 0.052696 0.131220 -0.008217
v 0.055591 0.129772 -0.003999
v 0.030707 0.142220 -0.011454
v 0.035100 0.140022 -0.013489
v 0.026934 0.144108 0.020588
v 0.024039 0.145556 0.016370
v 0.048923 0.133107 0.023825
v 0.044530 0.135305 0.025860
v 0.057411 0.128862 0.000914
v 0.058032 0.128551 0.006186
v 0.022219 0.146466 0.011457
v 0.021599 0.146777 0.006186
v 0.039815 0.137664 -0.014183
v 0.044530 0.135305 -0.013489
v 0.022219 0.146466 0.000914
v 0.024039 0.145556 -0.003999
v 0.039815 0.137664 0.026554
v 0.035100 0.140022 0.025860
v 0.057411 0.128862 0.011457
v 0.048923 0.133107 -0.011454
v 0.026934 0.144108 -0.008217
v 0.030707 0.142220 0.023825
v 0.049649 0.135659 0.015877
v 0.051597 0.134684 -0.000667
v 0.037809 0.141582 -0.007054
v 0.030365 0.145305 0.013039
v 0.044154 0.138408 0.019425
v 0.053239 0.133863 0.006186
v 0.028723 0.146127 0.006186
v 0.044154 0.138408 -0.007054
v 0.030365 0.145305 -0.000668
v 0.037809 0.141582 0.019425
v 0.051597 0.134684 0.013039
v 0.049649 0.135659 -0.003506
v 0.034852 0.143061 -0.005684
v 0.032313 0.144331 0.015877
v 0.047110 0.136929 0.018056
v 0.052822 0.134072 0.002638
v 0.029141 0.145918 0.009733
v 0.040981 0.139995 -0.007521
v 0.029141 0.145918 0.002638
v 0.040981 0.139995 0.019892
v 0.052822 0.134072 0.009733
v 0.047110 0.136929 -0.005684
v 0.032313 0.144331 -0.003506
v 0.034852 0.143061 0.018056
v 0.046748 0.137948 0.012259
v 0.047968 0.137337 0.001891
v 0.039328 0.141659 -0.002110
v 0.034665 0.143992 0.010480
v 0.043304 0.139670 0.014481
v 0.048997 0.136822 0.006186
v 0.033635 0.144507 0.006186
v 0.043304 0.139670 -0.002110
v 0.034665 0.143992 0.001891
v 0.039328 0.141659 0.014481
v 0.047968 0.137337 0.010480
v 0.046748 0.137948 0.000113
v 0.037476 0.142586 -0.001252
v 0.035885 0.143382 0.012259
v 0.045157 0.138743 0.013623
v 0.048736 0.136953 0.003963
v 0.033897 0.144376 0.008408
v 0.041316 0.140665 -0.002403
v 0.033897 0.144376 0.003963
v 0.041316 0.140665 0.014774
v 0.048736 0.136953 0.008408
v 0.045157 0.138743 -0.001252
v 0.035885 0.143382 0.000113
v 0.037476 0.142586 0.013623
v 0.054145 0.132043 0.015037
v 0.051629 0.133302 -0.006331
v 0.032519 0.142862 -0.009145
v 0.029240 0.144502 0.018703
v 0.048350 0.134942 0.021516
v 0.055727 0.131252 0.001604
v 0.025143 0.146552 0.010767
v 0.040435 0.138902 -0.011516
v 0.025143 0.146552 0.001604
v 0.040435 0.138902 0.023888
v 0.055727 0.131252 0.010767
v 0.048350 0.134942 -0.009145
v 0.029240 0.144502 -0.006331
v 0.032519 0.142862 0.021516
v 0.051555 0.133153 0.018703
v 0.054145 0.132043 -0.002665
v 0.036337 0.140952 -0.010913
v 0.026724 0.145761 0.015037
v 0.044532 0.136852 0.023284
v 0.056266 0.130982 0.006186
v 0.024603 0.146822 0.006186
v 0.044532 0.136852 -0.010913
v 0.026724 0.145761 -0.002665
v 0.036337 0.140952 0.023284
v 0.017232 0.145452 0.006186
v 0.014731 0.142749 0.006186
v 0.015757 0.144244 0.006186
v 0.015484 0.142372 0.012581
v 0.017954 0.145091 0.012315
v 0.016503 0.143871 0.012516
v 0.017692 0.141268 0.018540
v 0.020070 0.144033 0.018026
v 0.018688 0.142778 0.018415
v 0.021204 0.139511 0.023657
v 0.023436 0.142349 0.022931
v 0.022165 0.141039 0.023481
v 0.025780 0.137222 0.027584
v 0.027822 0.140155 0.026694
v 0.026695 0.138772 0.027368
v 0.031110 0.134556 0.030052
v 0.032930 0.137599 0.029060
v 0.031971 0.136133 0.029812
v 0.036829 0.131695 0.030894
v 0.038411 0.134857 0.029867
v 0.037633 0.133301 0.030645
v 0.042548 0.128834 0.030052
v 0.043893 0.132115 0.029060
v 0.043294 0.130468 0.029812
v 0.047878 0.126167 0.027584
v 0.049001 0.129560 0.026694
v 0.048570 0.127829 0.027368
v 0.052455 0.123878 0.023657
v 0.053387 0.127366 0.022931
v 0.053101 0.125563 0.023481
v 0.055966 0.122121 0.018540
v 0.056753 0.125682 0.018026
v 0.056577 0.123824 0.018415
v 0.058174 0.121017 0.012581
v 0.058868 0.124624 0.012315
v 0.058762 0.122731 0.012516
v 0.058927 0.120640 0.006186
v 0.059590 0.124263 0.006186
v 0.059508 0.122358 0.006186
v 0.058174 0.121017 -0.000209
v 0.058868 0.124624 0.000057
v 0.058762 0.122731 -0.000145
v 0.055966 0.122121 -0.006169
v 0.056753 0.125682 -0.005655
v 0.056577 0.123824 -0.006044
v 0.052455 0.123878 -0.011286
v 0.053387 0.127366 -0.010559
v 0.053101 0.125563 -0.011110
v 0.047878 0.126167 -0.015212
v 0.049001 0.129560 -0.014323
v 0.048570 0.127829 -0.014997
v 0.042548 0.128834 -0.017681
v 0.043893 0.132115 -0.016688
v 0.043294 0.130468 -0.017440
v 0.036829 0.131695 -0.018523
v 0.038411 0.134857 -0.017495
v 0.037633 0.133301 -0.018274
v 0.031110 0.134556 -0.017681
v 0.032930 0.137599 -0.016688
v 0.031971 0.136133 -0.017440
v 0.025780 0.137222 -0.015212
v 0.027822 0.140155 -0.014323
v 0.026695 0.138772 -0.014997
v 0.021204 0.139511 -0.011286
v 0.023436 0.142349 -0.010559
v 0.022165 0.141039 -0.011110
v 0.017692 0.141268 -0.006169
v 0.020070 0.144033 -0.005655
v 0.018688 0.142778 -0.006044
v 0.015484 0.142372 -0.000209
v 0.017954 0.145091 0.000057
v 0.016503 0.143871 -0.000145
v 0.012351 0.136563 0.006186
v 0.020094 0.145493 0.006186
v 0.013085 0.136196 0.012415
v 0.020739 0.145171 0.011657
v 0.015235 0.135120 0.018220
v 0.022627 0.144226 0.016756
v 0.018656 0.133409 0.023205
v 0.025632 0.142723 0.021134
v 0.023114 0.131179 0.027030
v 0.029547 0.140764 0.024493
v 0.028306 0.128582 0.029435
v 0.034107 0.138483 0.026605
v 0.033878 0.125795 0.030255
v 0.039000 0.136035 0.027325
v 0.039449 0.123007 0.029435
v 0.043894 0.133587 0.026605
v 0.044641 0.120410 0.027030
v 0.048453 0.131306 0.024493
v 0.049099 0.118180 0.023205
v 0.052369 0.129347 0.021134
v 0.052520 0.116469 0.018220
v 0.055374 0.127844 0.016756
v 0.054670 0.115393 0.012415
v 0.057262 0.126900 0.011657
v 0.055404 0.115026 0.006186
v 0.057906 0.126577 0.006186
v 0.054670 0.115393 -0.000044
v 0.057262 0.126900 0.000714
v 0.052520 0.116469 -0.005849
v 0.055374 0.127844 -0.004384
v 0.049099 0.118180 -0.010834
v 0.052369 0.129347 -0.008762
v 0.044641 0.120410 -0.014659
v 0.048453 0.131306 -0.012122
v 0.039449 0.123007 -0.017064
v 0.043894 0.133587 -0.014234
v 0.033878 0.125795 -0.017884
v 0.039000 0.136035 -0.014954
v 0.028306 0.128582 -0.017064
v 0.034107 0.138483 -0.014234
v 0.023114 0.131179 -0.014659
v 0.029547 0.140764 -0.012122
v 0.018656 0.133409 -0.010834
v 0.025632 0.142723 -0.008762
v 0.015235 0.135120 -0.005849
v 0.022627 0.144226 -0.004384
v 0.013085 0.136196 -0.000044
v 0.020739 0.145171 0.000714
v 0.039041 0.141433 0.006186
v 0.039113 0.141396 0.006801
v 0.039326 0.141290 0.007375
v 0.039664 0.141121 0.007868
v 0.040104 0.140901 0.008246
v 0.040617 0.140644 0.008484
v 0.041168 0.140368 0.008565
v 0.041719 0.140093 0.008484
v 0.042232 0.139836 0.008246
v 0.042673 0.139616 0.007868
v 0.043011 0.139447 0.007375
v 0.043223 0.139340 0.006801
v 0.043296 0.139304 0.006186
v 0.043223 0.139340 0.005570
v 0.043011 0.139447 0.004996
v 0.042673 0.139616 0.004503
v 0.042232 0.139836 0.004125
v 0.041719 0.140093 0.003888
v 0.041168 0.140368 0.003807
v 0.040617 0.140644 0.003888
v 0.040104 0.140901 0.004125
v 0.039664 0.141121 0.004503
v 0.039326 0.141290 0.004996
v 0.039113 0.141396 0.005570
v 0.017841 0.139848 -0.005725
v 0.021227 0.138155 -0.010658
v 0.025639 0.135947 -0.014444
v 0.030777 0.133377 -0.016824
v 0.036291 0.130619 -0.017635
v 0.041805 0.127860 -0.016824
v 0.046943 0.125290 -0.014444
v 0.051355 0.123083 -0.010658
v 0.054741 0.121389 -0.005725
v 0.056869 0.120325 0.000020
v 0.057595 0.119961 0.006186
v 0.056869 0.120325 0.012351
v 0.054741 0.121389 0.018096
v 0.051355 0.123083 0.023030
v 0.046943 0.125290 0.026815
v 0.041805 0.127860 0.029195
v 0.036291 0.130619 0.030007
v 0.030777 0.133377 0.029195
v 0.025639 0.135947 0.026815
v 0.021227 0.138155 0.023030
v 0.017841 0.139848 0.018096
v 0.015713 0.140913 0.000020
v 0.015713 0.140913 0.012351
v 0.014987 0.141276 0.006186
v 0.046435 0.137637 0.012118
v 0.047627 0.137041 0.001991
v 0.039188 0.141262 -0.001918
v 0.034632 0.143541 0.010380
v 0.043071 0.139320 0.014289
v 0.048632 0.136538 0.006186
v 0.033627 0.144044 0.006186
v 0.043071 0.139320 -0.001918
v 0.034632 0.143541 0.001991
v 0.039188 0.141262 0.014289
v 0.047627 0.137041 0.010380
v 0.046435 0.137637 0.000254
v 0.037378 0.142168 -0.001080
v 0.035824 0.142945 0.012118
v 0.044881 0.138414 0.013451
v 0.048377 0.136666 0.004014
v 0.033882 0.143916 0.008357
v 0.041129 0.140291 -0.002204
v 0.033882 0.143916 0.004014
v 0.041129 0.140291 0.014575
v 0.048377 0.136666 0.008357
v 0.044881 0.138414 -0.001080
v 0.035824 0.142945 0.000254
v 0.037378 0.142168 0.013451
v -0.017228 0.037558 -0.018357
v -0.015181 0.035585 -0.018357
v -0.017072 0.036803 -0.018357
v -0.016628 0.036163 -0.018357
v -0.015964 0.035735 -0.018357
v -0.015181 0.053513 -0.018357
v -0.017228 0.051540 -0.018357
v -0.015964 0.053363 -0.018357
v -0.016628 0.052935 -0.018357
v -0.017072 0.052295 -0.018357
v 0.015181 0.035585 -0.018357
v 0.017228 0.037558 -0.018357
v 0.015964 0.035735 -0.018357
v 0.016628 0.036163 -0.018357
v 0.017072 0.036803 -0.018357
v 0.017228 0.051540 -0.018357
v 0.015181 0.053513 -0.018357
v 0.017072 0.052295 -0.018357
v 0.016628 0.052935 -0.018357
v 0.015964 0.053363 -0.018357
v -0.022824 0.023648 -0.019824
v -0.026691 0.027514 -0.019824
v -0.024304 0.023942 -0.019824
v -0.025558 0.024780 -0.019824
v -0.026396 0.026034 -0.019824
v -0.026691 0.056303 -0.019050
v -0.022824 0.060170 -0.019050
v -0.026396 0.057783 -0.019050
v -0.025558 0.059037 -0.019050
v -0.024304 0.059875 -0.019050
v 0.026691 0.027514 -0.019824
v 0.022824 0.023648 -0.019824
v 0.026396 0.026034 -0.019824
v 0.025558 0.024780 -0.019824
v 0.024304 0.023942 -0.019824
v 0.022824 0.060170 -0.019050
v 0.026691 0.056303 -0.019050
v 0.024304 0.059875 -0.019050
v 0.025558 0.059037 -0.019050
v 0.026396 0.057783 -0.019050
v -0.026691 0.027514 -0.017504
v -0.022824 0.023648 -0.017504
v -0.026396 0.026034 -0.017504
v -0.025558 0.024780 -0.017504
v -0.024304 0.023942 -0.017504
v -0.022824 0.060170 -0.017504
v -0.026691 0.056303 -0.017504
v -0.024304 0.059875 -0.017504
v -0.025558 0.059037 -0.017504
v -0.026396 0.057783 -0.017504
v 0.022824 0.023648 -0.017504
v 0.026691 0.027514 -0.017504
v 0.024304 0.023942 -0.017504
v 0.025558 0.024780 -0.017504
v 0.026396 0.026034 -0.017504
v 0.026691 0.056303 -0.017504
v 0.022824 0.060170 -0.017504
v 0.026396 0.057783 -0.017504
v 0.025558 0.059037 -0.017504
v 0.024304 0.059875 -0.017504
v 0.026691 0.029173 -0.017504
v -0.026691 0.029173 -0.017504
v 0.026691 0.029173 -0.019824
v -0.026691 0.029173 -0.019824
v -0.026691 0.054932 -0.019050
v -0.026691 0.054932 -0.017504
v 0.026691 0.054932 -0.017504
v 0.026691 0.054932 -0.019050
v 0.026691 0.030485 -0.017504
v 0.026691 0.030485 -0.019050
v -0.026691 0.030485 -0.019050
v -0.026691 0.030485 -0.017504
v 0.026691 0.029759 -0.017504
v 0.026691 0.029919 -0.019601
v -0.026691 0.029919 -0.019601
v -0.026691 0.029759 -0.017504
v -0.017731 0.037085 -0.019050
v -0.017731 0.052013 -0.019050
v 0.015624 0.054120 -0.019050
v -0.015624 0.054120 -0.019050
v 0.017731 0.037085 -0.019050
v 0.017731 0.052013 -0.019050
v 0.015624 0.034978 -0.019050
v 0.016430 0.035138 -0.019050
v 0.017114 0.035595 -0.019050
v 0.017571 0.036279 -0.019050
v 0.016430 0.053960 -0.019050
v 0.017114 0.053503 -0.019050
v 0.017571 0.052819 -0.019050
v -0.015624 0.034978 -0.019050
v -0.016430 0.035138 -0.019050
v -0.017114 0.035595 -0.019050
v -0.017571 0.036279 -0.019050
v -0.016430 0.053960 -0.019050
v -0.017114 0.053503 -0.019050
v -0.017571 0.052819 -0.019050
v 0.006635 0.027541 -0.019824
v 0.006635 0.027541 -0.017504
v -0.006635 0.027541 -0.017504
v -0.006635 0.027541 -0.019824
v 0.007777 0.026421 -0.019824
v 0.007777 0.026421 -0.017504
v 0.007496 0.027143 -0.019824
v 0.007496 0.027143 -0.017504
v -0.007496 0.027143 -0.017504
v -0.007496 0.027143 -0.019824
v -0.007777 0.026421 -0.017504
v -0.007777 0.026421 -0.019824
v 0.008727 0.023648 -0.019824
v 0.007777 0.024607 -0.019824
v 0.008055 0.023929 -0.019824
v 0.007777 0.024607 -0.017504
v 0.008727 0.023648 -0.017504
v 0.008055 0.023929 -0.017504
v -0.007777 0.024607 -0.019824
v -0.008727 0.023648 -0.019824
v -0.008055 0.023929 -0.019824
v -0.008727 0.023648 -0.017504
v -0.007777 0.024607 -0.017504
v -0.008055 0.023929 -0.017504
v 0.006676 0.030485 -0.019050
v 0.006676 0.029919 -0.019601
v 0.006676 0.029173 -0.019824
v -0.006676 0.029173 -0.019824
v -0.006676 0.030485 -0.019050
v -0.006676 0.029919 -0.019601
v 0.026626 0.026774 -0.017504
v 0.026626 0.026774 -0.019824
v -0.026626 0.026774 -0.019824
v -0.026626 0.026774 -0.017504
v 0.015181 0.037558 -0.018357
v -0.015181 0.037558 -0.018357
v 0.015181 0.051540 -0.018357
v -0.015181 0.051540 -0.018357
v -0.038006 0.142351 0.006186
v -0.039228 0.142417 0.006186
v -0.038262 0.142223 0.007622
v -0.039411 0.142325 0.007215
v -0.038989 0.141859 0.008840
v -0.039932 0.142064 0.008088
v -0.040078 0.141315 0.009653
v -0.040713 0.141674 0.008671
v -0.041363 0.140672 0.009939
v -0.041634 0.141213 0.008876
v -0.042647 0.140030 0.009653
v -0.042554 0.140753 0.008671
v -0.043736 0.139485 0.008840
v -0.043335 0.140362 0.008088
v -0.044464 0.139121 0.007622
v -0.043857 0.140101 0.007215
v -0.044720 0.138993 0.006186
v -0.044040 0.140010 0.006186
v -0.044464 0.139121 0.004749
v -0.043857 0.140101 0.005156
v -0.043736 0.139485 0.003532
v -0.043335 0.140362 0.004283
v -0.042647 0.140030 0.002718
v -0.042554 0.140753 0.003700
v -0.041363 0.140672 0.002432
v -0.041634 0.141213 0.003495
v -0.040078 0.141315 0.002718
v -0.040713 0.141674 0.003700
v -0.038989 0.141859 0.003532
v -0.039932 0.142064 0.004283
v -0.038262 0.142223 0.004749
v -0.039411 0.142325 0.005156
v -0.038533 0.142765 0.007622
v -0.038277 0.142893 0.006186
v -0.039260 0.142401 0.008840
v -0.040349 0.141856 0.009653
v -0.041634 0.141213 0.009939
v -0.042918 0.140571 0.009653
v -0.044007 0.140026 0.008840
v -0.044735 0.139662 0.007622
v -0.044990 0.139534 0.006186
v -0.044735 0.139662 0.004749
v -0.044007 0.140026 0.003532
v -0.042918 0.140571 0.002718
v -0.041634 0.141213 0.002432
v -0.040349 0.141856 0.002718
v -0.039260 0.142401 0.003532
v -0.038533 0.142765 0.004749
v -0.040797 0.145096 0.007215
v -0.040613 0.145187 0.006186
v -0.041318 0.144835 0.008088
v -0.042099 0.144444 0.008671
v -0.043019 0.143984 0.008876
v -0.043940 0.143523 0.008671
v -0.044721 0.143132 0.008088
v -0.045242 0.142872 0.007215
v -0.045426 0.142780 0.006186
v -0.045242 0.142872 0.005156
v -0.044721 0.143132 0.004283
v -0.043940 0.143523 0.003700
v -0.043019 0.143984 0.003495
v -0.042099 0.144444 0.003700
v -0.041318 0.144835 0.004283
v -0.040797 0.145096 0.005156
v -0.042470 0.147323 0.007008
v -0.042324 0.147396 0.006186
v -0.042887 0.147114 0.007705
v -0.043510 0.146803 0.008171
v -0.044246 0.146435 0.008334
v -0.044981 0.146067 0.008171
v -0.045604 0.145755 0.007705
v -0.046021 0.145547 0.007008
v -0.046167 0.145473 0.006186
v -0.046021 0.145547 0.005363
v -0.045604 0.145755 0.004666
v -0.044981 0.146067 0.004201
v -0.044246 0.146435 0.004037
v -0.043510 0.146803 0.004201
v -0.042887 0.147114 0.004666
v -0.042470 0.147323 0.005363
v -0.039736 0.145626 0.007707
v -0.039465 0.145762 0.006186
v -0.040506 0.145241 0.008996
v -0.041659 0.144664 0.009858
v -0.043019 0.143984 0.010160
v -0.044380 0.143303 0.009858
v -0.045533 0.142726 0.008996
v -0.046303 0.142341 0.007707
v -0.046574 0.142205 0.006186
v -0.046303 0.142341 0.004665
v -0.045533 0.142726 0.003375
v -0.044380 0.143303 0.002514
v -0.043019 0.143984 0.002211
v -0.041659 0.144664 0.002514
v -0.040506 0.145241 0.003375
v -0.039736 0.145626 0.004665
v -0.040728 0.147610 0.007707
v -0.040457 0.147745 0.006186
v -0.041498 0.147224 0.008996
v -0.042651 0.146647 0.009858
v -0.044012 0.145967 0.010160
v -0.045372 0.145286 0.009858
v -0.046525 0.144709 0.008996
v -0.047296 0.144324 0.007707
v -0.047566 0.144189 0.006186
v -0.047296 0.144324 0.004665
v -0.046525 0.144709 0.003375
v -0.045372 0.145286 0.002514
v -0.044012 0.145967 0.002211
v -0.042651 0.146647 0.002514
v -0.041498 0.147224 0.003375
v -0.040728 0.147610 0.004665
v -0.044012 0.145967 0.009558
v -0.042857 0.146544 0.009301
v -0.041879 0.147033 0.008570
v -0.041225 0.147361 0.004895
v -0.040996 0.147475 0.006186
v -0.041225 0.147361 0.007476
v -0.041879 0.147033 0.003801
v -0.044012 0.145967 0.002814
v -0.042857 0.146544 0.003070
v -0.045166 0.145389 0.009301
v -0.046144 0.144900 0.008570
v -0.046798 0.144573 0.007476
v -0.047027 0.144458 0.006186
v -0.046798 0.144573 0.004895
v -0.046144 0.144900 0.003801
v -0.045166 0.145389 0.003070
v -0.044377 0.146698 0.006186
v -0.042866 0.139966 0.006186
v -0.033889 0.118991 0.006186
v -0.042431 0.140183 0.005012
v -0.033099 0.119386 0.004053
v -0.041381 0.140708 0.004525
v -0.031192 0.120341 0.003170
v -0.040331 0.141234 0.005012
v -0.029285 0.121295 0.004053
v -0.039896 0.141451 0.006186
v -0.028495 0.121690 0.006186
v -0.040331 0.141234 0.007360
v -0.029285 0.121295 0.008318
v -0.041381 0.140708 0.007846
v -0.031192 0.120341 0.009202
v -0.042431 0.140183 0.007360
v -0.033099 0.119386 0.008318
v -0.033453 0.121149 0.006186
v -0.033018 0.121366 0.005012
v -0.031968 0.121892 0.004525
v -0.030918 0.122417 0.005012
v -0.030483 0.122634 0.006186
v -0.030918 0.122417 0.007360
v -0.031968 0.121892 0.007846
v -0.033018 0.121366 0.007360
v -0.034592 0.120397 0.006186
v -0.033802 0.120792 0.004053
v -0.031895 0.121746 0.003170
v -0.029988 0.122700 0.004053
v -0.029198 0.123095 0.006186
v -0.029988 0.122700 0.008318
v -0.031895 0.121746 0.009202
v -0.033802 0.120792 0.008318
v 0.038006 0.142351 0.006186
v 0.039228 0.142417 0.006186
v 0.038262 0.142223 0.007622
v 0.039411 0.142325 0.007215
v 0.038989 0.141859 0.008840
v 0.039932 0.142064 0.008088
v 0.040078 0.141315 0.009653
v 0.040713 0.141674 0.008671
v 0.041363 0.140672 0.009939
v 0.041634 0.141213 0.008876
v 0.042648 0.140030 0.009653
v 0.042554 0.140753 0.008671
v 0.043736 0.139485 0.008840
v 0.043335 0.140362 0.008088
v 0.044464 0.139121 0.007622
v 0.043857 0.140101 0.007215
v 0.044720 0.138993 0.006186
v 0.044040 0.140010 0.006186
v 0.044464 0.139121 0.004749
v 0.043857 0.140101 0.005156
v 0.043736 0.139485 0.003532
v 0.043335 0.140362 0.004283
v 0.042648 0.140030 0.002718
v 0.042554 0.140753 0.003700
v 0.041363 0.140672 0.002432
v 0.041634 0.141213 0.003495
v 0.040078 0.141315 0.002718
v 0.040713 0.141674 0.003700
v 0.038989 0.141859 0.003532
v 0.039932 0.142064 0.004283
v 0.038262 0.142223 0.004749
v 0.039411 0.142325 0.005156
v 0.038533 0.142765 0.007622
v 0.038277 0.142893 0.006186
v 0.039260 0.142401 0.008840
v 0.040349 0.141856 0.009653
v 0.041634 0.141213 0.009939
v 0.042918 0.140571 0.009653
v 0.044007 0.140026 0.008840
v 0.044735 0.139662 0.007622
v 0.044990 0.139534 0.006186
v 0.044735 0.139662 0.004749
v 0.044007 0.140026 0.003532
v 0.042918 0.140571 0.002718
v 0.041634 0.141213 0.002432
v 0.040349 0.141856 0.002718
v 0.039260 0.142401 0.003532
v 0.038533 0.142765 0.004749
v 0.040797 0.145096 0.007215
v 0.040613 0.145187 0.006186
v 0.041318 0.144835 0.008088
v 0.042099 0.144444 0.008671
v 0.043020 0.143984 0.008876
v 0.043940 0.143523 0.008671
v 0.044721 0.143132 0.008088
v 0.045243 0.142872 0.007215
v 0.045426 0.142780 0.006186
v 0.045243 0.142872 0.005156
v 0.044721 0.143132 0.004283
v 0.043940 0.143523 0.003700
v 0.043020 0.143984 0.003495
v 0.042099 0.144444 0.003700
v 0.041318 0.144835 0.004283
v 0.040797 0.145096 0.005156
v 0.042470 0.147323 0.007008
v 0.042324 0.147396 0.006186
v 0.042887 0.147114 0.007705
v 0.043510 0.146803 0.008171
v 0.044246 0.146435 0.008334
v 0.044981 0.146067 0.008171
v 0.045604 0.145755 0.007705
v 0.046021 0.145547 0.007008
v 0.046167 0.145473 0.006186
v 0.046021 0.145547 0.005363
v 0.045604 0.145755 0.004666
v 0.044981 0.146067 0.004201
v 0.044246 0.146435 0.004037
v 0.043510 0.146803 0.004201
v 0.042887 0.147114 0.004666
v 0.042470 0.147323 0.005363
v 0.039736 0.145626 0.007707
v 0.039465 0.145762 0.006186
v 0.040506 0.145241 0.008996
v 0.041659 0.144664 0.009858
v 0.043020 0.143984 0.010160
v 0.044380 0.143303 0.009858
v 0.045533 0.142726 0.008996
v 0.046304 0.142341 0.007707
v 0.046574 0.142205 0.006186
v 0.046304 0.142341 0.004665
v 0.045533 0.142726 0.003375
v 0.044380 0.143303 0.002514
v 0.043020 0.143984 0.002211
v 0.041659 0.144664 0.002514
v 0.040506 0.145241 0.003375
v 0.039736 0.145626 0.004665
v 0.040728 0.147610 0.007707
v 0.040457 0.147745 0.006186
v 0.041498 0.147224 0.008996
v 0.042651 0.146647 0.009858
v 0.044012 0.145967 0.010160
v 0.045372 0.145286 0.009858
v 0.046525 0.144709 0.008996
v 0.047296 0.144324 0.007707
v 0.047566 0.144189 0.006186
v 0.047296 0.144324 0.004665
v 0.046525 0.144709 0.003375
v 0.045372 0.145286 0.002514
v 0.044012 0.145967 0.002211
v 0.042651 0.146647 0.002514
v 0.041498 0.147224 0.003375
v 0.040728 0.147610 0.004665
v 0.044012 0.145967 0.009558
v 0.042858 0.146544 0.009301
v 0.041879 0.147033 0.008570
v 0.041225 0.147361 0.004895
v 0.040996 0.147475 0.006186
v 0.041225 0.147361 0.007476
v 0.041879 0.147033 0.003801
v 0.044012 0.145967 0.002814
v 0.042858 0.146544 0.003070
v 0.045166 0.145389 0.009301
v 0.046144 0.144900 0.008570
v 0.046798 0.144573 0.007476
v 0.047027 0.144458 0.006186
v 0.046798 0.144573 0.004895
v 0.046144 0.144900 0.003801
v 0.045166 0.145389 0.003070
v 0.044377 0.146698 0.006186
v 0.042866 0.139966 0.006186
v 0.033889 0.118991 0.006186
v 0.042431 0.140183 0.005012
v 0.033099 0.119386 0.004053
v 0.041381 0.140708 0.004525
v 0.031192 0.120341 0.003170
v 0.040331 0.141234 0.005012
v 0.029285 0.121295 0.004053
v 0.039896 0.141451 0.006186
v 0.028495 0.121690 0.006186
v 0.040331 0.141234 0.007360
v 0.029285 0.121295 0.008318
v 0.041381 0.140708 0.007846
v 0.031192 0.120341 0.009202
v 0.042431 0.140183 0.007360
v 0.033099 0.119386 0.008318
v 0.033453 0.121149 0.006186
v 0.033018 0.121366 0.005012
v 0.031968 0.121892 0.004525
v 0.030918 0.122417 0.005012
v 0.030483 0.122634 0.006186
v 0.030918 0.122417 0.007360
v 0.031968 0.121892 0.007846
v 0.033018 0.121366 0.007360
v 0.034592 0.120397 0.006186
v 0.033802 0.120792 0.004053
v 0.031895 0.121746 0.003170
v 0.029988 0.122700 0.004053
v 0.029198 0.123095 0.006186
v 0.029988 0.122700 0.008318
v 0.031895 0.121746 0.009202
v 0.033802 0.120792 0.008318
v 0.006951 0.027816 -0.018734
v -0.006951 0.027816 -0.018734
v 0.006951 0.027816 -0.017841
v -0.006951 0.027816 -0.017841
v -0.006951 0.023678 -0.020694
v 0.006951 0.023678 -0.020694
v -0.006951 0.023989 -0.021713
v -0.006951 0.024712 -0.020993
v -0.006951 0.024500 -0.021502
v 0.006951 0.024712 -0.020993
v 0.006951 0.023989 -0.021713
v 0.006951 0.024500 -0.021502
v 0.006951 0.024712 -0.019453
v 0.006951 0.025452 -0.018734
v 0.006951 0.024929 -0.018945
v -0.006951 0.025452 -0.018734
v -0.006951 0.024712 -0.019453
v -0.006951 0.024929 -0.018945
v 0.006951 0.024448 -0.017841
v 0.006951 0.023708 -0.018559
v 0.006951 0.023925 -0.018051
v -0.006951 0.023708 -0.018559
v -0.006951 0.024448 -0.017841
v -0.006951 0.023925 -0.018051
v -0.006069 0.022545 -0.021713
v -0.006951 0.023398 -0.021713
v -0.006692 0.022795 -0.021713
v 0.006951 0.023398 -0.021713
v 0.006069 0.022545 -0.021713
v 0.006692 0.022795 -0.021713
v -0.006951 0.023398 -0.020701
v -0.006069 0.022545 -0.020723
v -0.006692 0.022795 -0.020717
v 0.006069 0.022545 -0.020723
v 0.006951 0.023398 -0.020701
v 0.006692 0.022795 -0.020717
v 0.062696 0.064894 0.031229
v 0.062159 0.056711 0.031229
v 0.060560 0.048668 0.031229
v 0.057923 0.040902 0.031229
v 0.054296 0.033547 0.031229
v 0.049740 0.026728 0.031229
v 0.044333 0.020562 0.031229
v 0.038167 0.015154 0.031229
v 0.031348 0.010598 0.031229
v 0.023993 0.006971 0.031229
v 0.016227 0.004335 0.031229
v 0.008183 0.002735 0.031229
v 0.000000 0.002199 0.031229
v -0.008183 0.002735 0.031229
v -0.016227 0.004335 0.031229
v -0.023993 0.006971 0.031229
v -0.031348 0.010598 0.031229
v -0.038167 0.015154 0.031229
v -0.044333 0.020562 0.031229
v -0.049740 0.026728 0.031229
v -0.054296 0.033547 0.031229
v -0.057923 0.040902 0.031229
v -0.060560 0.048668 0.031229
v -0.062159 0.056711 0.031229
v -0.062696 0.064894 0.031229
v -0.062159 0.073078 0.031229
v -0.060560 0.081121 0.031229
v -0.057923 0.088887 0.031229
v -0.054296 0.096242 0.031229
v -0.049740 0.103061 0.031229
v -0.044333 0.109227 0.031229
v -0.038167 0.114634 0.031229
v -0.031348 0.119191 0.031229
v -0.023993 0.122818 0.031229
v -0.016227 0.125454 0.031229
v -0.008183 0.127054 0.031229
v 0.000000 0.127590 0.031229
v 0.008183 0.127054 0.031229
v 0.016227 0.125454 0.031229
v 0.023993 0.122818 0.031229
v 0.031348 0.119191 0.031229
v 0.038167 0.114634 0.031229
v 0.044333 0.109227 0.031229
v 0.049740 0.103061 0.031229
v 0.054296 0.096242 0.031229
v 0.057923 0.088887 0.031229
v 0.060560 0.081121 0.031229
v 0.062160 0.073078 0.031229
v 0.063581 0.056524 0.031229
v 0.064129 0.064894 0.031229
v 0.061944 0.048297 0.031229
v 0.059248 0.040353 0.031229
v 0.055538 0.032830 0.031229
v 0.050877 0.025855 0.031229
v 0.045346 0.019548 0.031229
v 0.039039 0.014017 0.031229
v 0.032065 0.009357 0.031229
v 0.024541 0.005647 0.031229
v 0.016598 0.002950 0.031229
v 0.008371 0.001314 0.031229
v 0.000000 0.000765 0.031229
v -0.008371 0.001314 0.031229
v -0.016598 0.002950 0.031229
v -0.024541 0.005647 0.031229
v -0.032065 0.009357 0.031229
v -0.039039 0.014017 0.031229
v -0.045346 0.019548 0.031229
v -0.050877 0.025855 0.031229
v -0.055538 0.032830 0.031229
v -0.059248 0.040353 0.031229
v -0.061944 0.048297 0.031229
v -0.063581 0.056524 0.031229
v -0.064129 0.064894 0.031229
v -0.063581 0.073265 0.031229
v -0.061944 0.081492 0.031229
v -0.059248 0.089436 0.031229
v -0.055538 0.096959 0.031229
v -0.050877 0.103934 0.031229
v -0.045346 0.110241 0.031229
v -0.039040 0.115772 0.031229
v -0.032065 0.120432 0.031229
v -0.024541 0.124142 0.031229
v -0.016598 0.126839 0.031229
v -0.008371 0.128475 0.031229
v 0.000000 0.129024 0.031229
v 0.008371 0.128475 0.031229
v 0.016598 0.126839 0.031229
v 0.024541 0.124142 0.031229
v 0.032065 0.120432 0.031229
v 0.039040 0.115772 0.031229
v 0.045346 0.110241 0.031229
v 0.050877 0.103934 0.031229
v 0.055538 0.096959 0.031229
v 0.059248 0.089436 0.031229
v 0.061944 0.081492 0.031229
v 0.063581 0.073265 0.031229
v 0.064554 0.064894 0.030714
v 0.064002 0.056468 0.030714
v 0.062355 0.048187 0.030714
v 0.059640 0.040191 0.030714
v 0.055906 0.032617 0.030714
v 0.051214 0.025596 0.030714
v 0.045647 0.019248 0.030714
v 0.039298 0.013680 0.030714
v 0.032277 0.008989 0.030714
v 0.024704 0.005254 0.030714
v 0.016708 0.002540 0.030714
v 0.008426 0.000892 0.030714
v 0.000000 0.000340 0.030714
v -0.008426 0.000892 0.030714
v -0.016708 0.002540 0.030714
v -0.024704 0.005254 0.030714
v -0.032277 0.008989 0.030714
v -0.039298 0.013680 0.030714
v -0.045647 0.019248 0.030714
v -0.051214 0.025596 0.030714
v -0.055906 0.032617 0.030714
v -0.059640 0.040191 0.030714
v -0.062355 0.048187 0.030714
v -0.064002 0.056468 0.030714
v -0.064554 0.064894 0.030714
v -0.064002 0.073320 0.030714
v -0.062355 0.081602 0.030714
v -0.059640 0.089598 0.030714
v -0.055906 0.097172 0.030714
v -0.051214 0.104193 0.030714
v -0.045647 0.110541 0.030714
v -0.039298 0.116109 0.030714
v -0.032277 0.120800 0.030714
v -0.024704 0.124535 0.030714
v -0.016708 0.127249 0.030714
v -0.008426 0.128897 0.030714
v 0.000000 0.129449 0.030714
v 0.008426 0.128897 0.030714
v 0.016708 0.127249 0.030714
v 0.024704 0.124535 0.030714
v 0.032277 0.120800 0.030714
v 0.039298 0.116109 0.030714
v 0.045647 0.110541 0.030714
v 0.051214 0.104193 0.030714
v 0.055906 0.097172 0.030714
v 0.059640 0.089598 0.030714
v 0.062355 0.081602 0.030714
v 0.064002 0.073320 0.030714
v 0.065044 0.056331 -0.021768
v 0.063369 0.047915 -0.021768
v 0.060611 0.039789 -0.021768
v 0.056815 0.032092 -0.021768
v 0.052048 0.024957 -0.021768
v 0.046390 0.018505 -0.021768
v 0.039938 0.012847 -0.021768
v 0.032802 0.008079 -0.021768
v 0.025106 0.004284 -0.021768
v 0.016980 0.001525 -0.021768
v 0.008563 -0.000149 -0.021768
v 0.000000 -0.000710 -0.021768
v -0.008563 -0.000149 -0.021768
v -0.016980 0.001525 -0.021768
v -0.025106 0.004284 -0.021768
v -0.032802 0.008079 -0.021768
v -0.039938 0.012847 -0.021768
v -0.046390 0.018505 -0.021768
v -0.052048 0.024957 -0.021768
v -0.056815 0.032092 -0.021768
v -0.060611 0.039789 -0.021768
v -0.063369 0.047915 -0.021768
v -0.065044 0.056331 -0.021768
v -0.065605 0.064894 -0.021768
v -0.065044 0.073458 -0.021768
v -0.063369 0.081874 -0.021768
v -0.060611 0.090000 -0.021768
v -0.056815 0.097697 -0.021768
v -0.052048 0.104832 -0.021768
v -0.046390 0.111284 -0.021768
v -0.039938 0.116942 -0.021768
v -0.032802 0.121710 -0.021768
v -0.025106 0.125505 -0.021768
v -0.016980 0.128264 -0.021768
v -0.008563 0.129938 -0.021768
v 0.000000 0.130499 -0.021768
v 0.008563 0.129938 -0.021768
v 0.016980 0.128264 -0.021768
v 0.025106 0.125505 -0.021768
v 0.032802 0.121710 -0.021768
v 0.039938 0.116942 -0.021768
v 0.046390 0.111284 -0.021768
v 0.052048 0.104832 -0.021768
v 0.056815 0.097697 -0.021768
v 0.060611 0.090000 -0.021768
v 0.063369 0.081874 -0.021768
v 0.065044 0.073457 -0.021768
v 0.065605 0.064894 -0.021768
v 0.065057 0.064894 -0.015770
v 0.064500 0.056380 -0.015770
v 0.062840 0.048011 -0.015770
v 0.060105 0.039931 -0.015770
v 0.056341 0.032278 -0.015770
v 0.051613 0.025183 -0.015770
v 0.046002 0.018768 -0.015770
v 0.039604 0.013142 -0.015770
v 0.032528 0.008401 -0.015770
v 0.024896 0.004627 -0.015770
v 0.016838 0.001884 -0.015770
v 0.008492 0.000220 -0.015770
v 0.000000 -0.000339 -0.015770
v -0.008492 0.000219 -0.015770
v -0.016838 0.001884 -0.015770
v -0.024896 0.004627 -0.015770
v -0.032528 0.008401 -0.015770
v -0.039604 0.013142 -0.015770
v -0.046002 0.018768 -0.015770
v -0.051613 0.025183 -0.015770
v -0.056341 0.032278 -0.015770
v -0.060105 0.039931 -0.015770
v -0.062840 0.048011 -0.015770
v -0.064500 0.056380 -0.015770
v -0.065057 0.064894 -0.015770
v -0.064500 0.073409 -0.015770
v -0.062840 0.081778 -0.015770
v -0.060105 0.089858 -0.015770
v -0.056341 0.097511 -0.015770
v -0.051613 0.104606 -0.015770
v -0.046002 0.111021 -0.015770
v -0.039604 0.116647 -0.015770
v -0.032528 0.121388 -0.015770
v -0.024896 0.125162 -0.015770
v -0.016838 0.127905 -0.015770
v -0.008492 0.129569 -0.015770
v 0.000000 0.130127 -0.015770
v 0.008492 0.129569 -0.015770
v 0.016838 0.127905 -0.015770
v 0.024896 0.125162 -0.015770
v 0.032528 0.121388 -0.015770
v 0.039604 0.116647 -0.015770
v 0.046002 0.111021 -0.015770
v 0.051613 0.104606 -0.015770
v 0.056341 0.097511 -0.015770
v 0.060105 0.089858 -0.015770
v 0.062840 0.081778 -0.015770
v 0.064500 0.073409 -0.015770
v 0.065825 0.064894 -0.022488
v 0.065262 0.073486 -0.022488
v 0.063582 0.081931 -0.022488
v 0.060815 0.090085 -0.022488
v 0.057006 0.097807 -0.022488
v 0.052223 0.104966 -0.022488
v 0.046546 0.111440 -0.022488
v 0.040072 0.117117 -0.022488
v 0.032913 0.121901 -0.022488
v 0.025190 0.125709 -0.022488
v 0.017037 0.128477 -0.022488
v 0.008592 0.130157 -0.022488
v 0.000000 0.130720 -0.022488
v -0.008592 0.130157 -0.022488
v -0.017037 0.128477 -0.022488
v -0.025190 0.125709 -0.022488
v -0.032913 0.121901 -0.022488
v -0.040072 0.117117 -0.022488
v -0.046546 0.111440 -0.022488
v -0.052223 0.104966 -0.022488
v -0.057006 0.097807 -0.022488
v -0.060815 0.090085 -0.022488
v -0.063582 0.081931 -0.022488
v -0.065262 0.073486 -0.022488
v -0.065825 0.064894 -0.022488
v -0.065262 0.056303 -0.022488
v -0.063582 0.047858 -0.022488
v -0.060815 0.039704 -0.022488
v -0.057006 0.031982 -0.022488
v -0.052223 0.024823 -0.022488
v -0.046546 0.018349 -0.022488
v -0.040072 0.012672 -0.022488
v -0.032913 0.007888 -0.022488
v -0.025190 0.004080 -0.022488
v -0.017037 0.001312 -0.022488
v -0.008592 -0.000368 -0.022488
v 0.000000 -0.000931 -0.022488
v 0.008592 -0.000368 -0.022488
v 0.017037 0.001312 -0.022488
v 0.025190 0.004080 -0.022488
v 0.032913 0.007888 -0.022488
v 0.040072 0.012672 -0.022488
v 0.046546 0.018349 -0.022488
v 0.052223 0.024823 -0.022488
v 0.057006 0.031982 -0.022488
v 0.060815 0.039704 -0.022488
v 0.063582 0.047858 -0.022488
v 0.065262 0.056303 -0.022488
v 0.063985 0.056471 -0.014488
v 0.062338 0.048191 -0.014488
v 0.059625 0.040197 -0.014488
v 0.055891 0.032626 -0.014488
v 0.051201 0.025607 -0.014488
v 0.045635 0.019260 -0.014488
v 0.039288 0.013693 -0.014488
v 0.032269 0.009003 -0.014488
v 0.024697 0.005270 -0.014488
v 0.016704 0.002556 -0.014488
v 0.008424 0.000909 -0.014488
v 0.000000 0.000357 -0.014488
v -0.008424 0.000909 -0.014488
v -0.016703 0.002556 -0.014488
v -0.024697 0.005270 -0.014488
v -0.032269 0.009003 -0.014488
v -0.039288 0.013693 -0.014488
v -0.045635 0.019260 -0.014488
v -0.051201 0.025607 -0.014488
v -0.055891 0.032626 -0.014488
v -0.059625 0.040197 -0.014488
v -0.062338 0.048191 -0.014488
v -0.063985 0.056471 -0.014488
v -0.064537 0.064894 -0.014488
v -0.063985 0.073318 -0.014488
v -0.062338 0.081598 -0.014488
v -0.059625 0.089592 -0.014488
v -0.055891 0.097163 -0.014488
v -0.051201 0.104182 -0.014488
v -0.045635 0.110529 -0.014488
v -0.039288 0.116095 -0.014488
v -0.032269 0.120785 -0.014488
v -0.024697 0.124519 -0.014488
v -0.016704 0.127233 -0.014488
v -0.008424 0.128880 -0.014488
v 0.000000 0.129432 -0.014488
v 0.008424 0.128880 -0.014488
v 0.016704 0.127233 -0.014488
v 0.024697 0.124519 -0.014488
v 0.032269 0.120785 -0.014488
v 0.039288 0.116095 -0.014488
v 0.045635 0.110529 -0.014488
v 0.051201 0.104182 -0.014488
v 0.055891 0.097163 -0.014488
v 0.059625 0.089592 -0.014488
v 0.062338 0.081598 -0.014488
v 0.063985 0.073318 -0.014488
v 0.064537 0.064894 -0.014488
v 0.063015 0.056598 -0.022389
v 0.061390 0.048444 -0.022385
v 0.058713 0.040573 -0.022379
v 0.055031 0.033120 -0.022371
v 0.050407 0.026213 -0.022362
v 0.044921 0.019970 -0.022352
v 0.038668 0.014497 -0.022342
v 0.031756 0.009887 -0.022332
v 0.024303 0.006219 -0.022324
v 0.016435 0.003553 -0.022318
v 0.008288 0.001936 -0.022314
v 0.000000 0.001394 -0.022313
v -0.008288 0.001936 -0.022314
v -0.016435 0.003553 -0.022318
v -0.024302 0.006219 -0.022324
v -0.031756 0.009887 -0.022332
v -0.038668 0.014497 -0.022342
v -0.044921 0.019970 -0.022352
v -0.050407 0.026213 -0.022362
v -0.055031 0.033120 -0.022371
v -0.058713 0.040573 -0.022379
v -0.061390 0.048444 -0.022385
v -0.063015 0.056598 -0.022389
v -0.063560 0.064894 -0.022390
v -0.063015 0.073191 -0.022389
v -0.061390 0.081345 -0.022385
v -0.058713 0.089216 -0.022379
v -0.055031 0.096669 -0.022371
v -0.050407 0.103576 -0.022362
v -0.044921 0.109819 -0.022352
v -0.038669 0.115292 -0.022342
v -0.031756 0.119901 -0.022332
v -0.024303 0.123570 -0.022324
v -0.016435 0.126235 -0.022318
v -0.008288 0.127853 -0.022314
v 0.000000 0.128395 -0.022313
v 0.008288 0.127853 -0.022314
v 0.016435 0.126235 -0.022318
v 0.024303 0.123570 -0.022324
v 0.031756 0.119901 -0.022332
v 0.038669 0.115292 -0.022342
v 0.044921 0.109819 -0.022352
v 0.050407 0.103576 -0.022362
v 0.055031 0.096669 -0.022371
v 0.058713 0.089216 -0.022379
v 0.061390 0.081345 -0.022385
v 0.063015 0.073191 -0.022389
v 0.063560 0.064894 -0.022390
v 0.063324 0.064894 -0.010507
v 0.062783 0.056607 -0.010511
v 0.061169 0.048461 -0.010523
v 0.058510 0.040594 -0.010542
v 0.054849 0.033143 -0.010566
v 0.050250 0.026233 -0.010592
v 0.044791 0.019984 -0.010620
v 0.038564 0.014503 -0.010647
v 0.031675 0.009884 -0.010671
v 0.024244 0.006206 -0.010691
v 0.016397 0.003534 -0.010706
v 0.008270 0.001912 -0.010715
v 0.000000 0.001368 -0.010719
v -0.008270 0.001912 -0.010715
v -0.016397 0.003534 -0.010706
v -0.024244 0.006206 -0.010691
v -0.031675 0.009884 -0.010671
v -0.038564 0.014503 -0.010647
v -0.044791 0.019984 -0.010620
v -0.050250 0.026233 -0.010592
v -0.054849 0.033143 -0.010566
v -0.058510 0.040594 -0.010542
v -0.061169 0.048461 -0.010523
v -0.062783 0.056607 -0.010511
v -0.063324 0.064894 -0.010507
v -0.062783 0.073182 -0.010511
v -0.061169 0.081328 -0.010523
v -0.058510 0.089194 -0.010542
v -0.054849 0.096646 -0.010566
v -0.050250 0.103556 -0.010592
v -0.044791 0.109805 -0.010620
v -0.038564 0.115286 -0.010647
v -0.031675 0.119905 -0.010671
v -0.024244 0.123583 -0.010691
v -0.016397 0.126255 -0.010706
v -0.008270 0.127877 -0.010715
v 0.000000 0.128421 -0.010719
v 0.008270 0.127877 -0.010715
v 0.016397 0.126255 -0.010706
v 0.024244 0.123583 -0.010691
v 0.031676 0.119905 -0.010671
v 0.038564 0.115286 -0.010647
v 0.044791 0.109805 -0.010620
v 0.050251 0.103556 -0.010592
v 0.054850 0.096646 -0.010566
v 0.058510 0.089194 -0.010542
v 0.061169 0.081328 -0.010523
v 0.062783 0.073182 -0.010511
v 0.063086 0.056584 -0.021424
v 0.061462 0.048417 -0.021418
v 0.058786 0.040531 -0.021410
v 0.055103 0.033063 -0.021399
v 0.050478 0.026139 -0.021386
v 0.044990 0.019879 -0.021373
v 0.038732 0.014390 -0.021359
v 0.031812 0.009764 -0.021346
v 0.024347 0.006082 -0.021335
v 0.016467 0.003406 -0.021327
v 0.008304 0.001782 -0.021322
v 0.000000 0.001238 -0.021320
v -0.008304 0.001782 -0.021322
v -0.016467 0.003406 -0.021327
v -0.024347 0.006082 -0.021335
v -0.031812 0.009764 -0.021346
v -0.038732 0.014390 -0.021359
v -0.044990 0.019879 -0.021373
v -0.050478 0.026139 -0.021386
v -0.055103 0.033063 -0.021399
v -0.058786 0.040531 -0.021410
v -0.061462 0.048417 -0.021418
v -0.063086 0.056584 -0.021424
v -0.063631 0.064894 -0.021425
v -0.063086 0.073204 -0.021424
v -0.061462 0.081372 -0.021418
v -0.058786 0.089258 -0.021410
v -0.055103 0.096726 -0.021399
v -0.050479 0.103649 -0.021386
v -0.044990 0.109909 -0.021373
v -0.038732 0.115399 -0.021359
v -0.031812 0.120025 -0.021346
v -0.024347 0.123707 -0.021335
v -0.016467 0.126383 -0.021327
v -0.008304 0.128007 -0.021322
v 0.000000 0.128551 -0.021320
v 0.008304 0.128007 -0.021322
v 0.016467 0.126383 -0.021327
v 0.024347 0.123707 -0.021335
v 0.031812 0.120024 -0.021346
v 0.038732 0.115399 -0.021359
v 0.044990 0.109909 -0.021373
v 0.050479 0.103649 -0.021386
v 0.055103 0.096726 -0.021399
v 0.058786 0.089258 -0.021410
v 0.061462 0.081372 -0.021418
v 0.063086 0.073204 -0.021424
v 0.063631 0.064894 -0.021425
v 0.064580 0.064894 -0.023518
v 0.064027 0.073324 -0.023518
v 0.062379 0.081609 -0.023518
v 0.059664 0.089608 -0.023518
v 0.055928 0.097184 -0.023518
v 0.051235 0.104208 -0.023518
v 0.045665 0.110559 -0.023518
v 0.039314 0.116129 -0.023518
v 0.032290 0.120822 -0.023518
v 0.024714 0.124559 -0.023518
v 0.016715 0.127274 -0.023518
v 0.008429 0.128922 -0.023518
v 0.000000 0.129474 -0.023518
v -0.008429 0.128922 -0.023518
v -0.016715 0.127274 -0.023518
v -0.024714 0.124559 -0.023518
v -0.032290 0.120822 -0.023518
v -0.039314 0.116129 -0.023518
v -0.045665 0.110559 -0.023518
v -0.051235 0.104208 -0.023518
v -0.055928 0.097184 -0.023518
v -0.059664 0.089608 -0.023518
v -0.062379 0.081609 -0.023518
v -0.064027 0.073324 -0.023518
v -0.064580 0.064894 -0.023518
v -0.064027 0.056465 -0.023518
v -0.062379 0.048180 -0.023518
v -0.059664 0.040181 -0.023518
v -0.055928 0.032604 -0.023518
v -0.051235 0.025581 -0.023518
v -0.045665 0.019229 -0.023518
v -0.039314 0.013660 -0.023518
v -0.032290 0.008967 -0.023518
v -0.024714 0.005230 -0.023518
v -0.016715 0.002515 -0.023518
v -0.008429 0.000867 -0.023518
v 0.000000 0.000315 -0.023518
v 0.008429 0.000867 -0.023518
v 0.016715 0.002515 -0.023518
v 0.024714 0.005230 -0.023518
v 0.032290 0.008967 -0.023518
v 0.039314 0.013660 -0.023518
v 0.045665 0.019229 -0.023518
v 0.051235 0.025581 -0.023518
v 0.055928 0.032604 -0.023518
v 0.059664 0.040181 -0.023518
v 0.062379 0.048180 -0.023518
v 0.064027 0.056465 -0.023518
v 0.064489 0.064894 -0.020964
v 0.063937 0.056470 -0.020963
v 0.062291 0.048189 -0.020961
v 0.059578 0.040195 -0.020958
v 0.055847 0.032623 -0.020953
v 0.051159 0.025605 -0.020947
v 0.045597 0.019258 -0.020942
v 0.039254 0.013693 -0.020936
v 0.032240 0.009004 -0.020930
v 0.024675 0.005271 -0.020926
v 0.016688 0.002558 -0.020922
v 0.008416 0.000912 -0.020920
v 0.000000 0.000360 -0.020919
v -0.008416 0.000912 -0.020920
v -0.016688 0.002558 -0.020922
v -0.024675 0.005271 -0.020926
v -0.032240 0.009004 -0.020930
v -0.039254 0.013693 -0.020936
v -0.045597 0.019258 -0.020942
v -0.051159 0.025605 -0.020947
v -0.055847 0.032623 -0.020953
v -0.059578 0.040195 -0.020958
v -0.062291 0.048189 -0.020961
v -0.063937 0.056470 -0.020963
v -0.064489 0.064894 -0.020964
v -0.063937 0.073319 -0.020963
v -0.062291 0.081600 -0.020961
v -0.059578 0.089594 -0.020958
v -0.055847 0.097165 -0.020953
v -0.051159 0.104184 -0.020947
v -0.045597 0.110531 -0.020942
v -0.039254 0.116096 -0.020936
v -0.032240 0.120785 -0.020930
v -0.024675 0.124518 -0.020926
v -0.016688 0.127231 -0.020922
v -0.008416 0.128877 -0.020920
v 0.000000 0.129429 -0.020919
v 0.008416 0.128877 -0.020920
v 0.016689 0.127231 -0.020922
v 0.024676 0.124518 -0.020926
v 0.032241 0.120785 -0.020930
v 0.039254 0.116096 -0.020936
v 0.045597 0.110531 -0.020942
v 0.051159 0.104184 -0.020947
v 0.055847 0.097165 -0.020953
v 0.059578 0.089594 -0.020958
v 0.062291 0.081600 -0.020961
v 0.063937 0.073319 -0.020963
v 0.064798 0.064894 0.029852
v 0.064243 0.056437 0.029852
v 0.062590 0.048124 0.029852
v 0.059865 0.040097 0.029852
v 0.056116 0.032496 0.029852
v 0.051407 0.025448 0.029852
v 0.045819 0.019076 0.029852
v 0.039446 0.013487 0.029852
v 0.032399 0.008778 0.029852
v 0.024797 0.005029 0.029852
v 0.016771 0.002305 0.029852
v 0.008458 0.000651 0.029852
v 0.000000 0.000097 0.029852
v -0.008458 0.000651 0.029852
v -0.016771 0.002305 0.029852
v -0.024797 0.005029 0.029852
v -0.032399 0.008778 0.029852
v -0.039446 0.013487 0.029852
v -0.045819 0.019076 0.029852
v -0.051407 0.025448 0.029852
v -0.056116 0.032496 0.029852
v -0.059865 0.040097 0.029852
v -0.062590 0.048124 0.029852
v -0.064243 0.056437 0.029852
v -0.064798 0.064894 0.029852
v -0.064243 0.073352 0.029852
v -0.062590 0.081665 0.029852
v -0.059865 0.089691 0.029852
v -0.056116 0.097293 0.029852
v -0.051408 0.104341 0.029852
v -0.045819 0.110713 0.029852
v -0.039446 0.116302 0.029852
v -0.032399 0.121011 0.029852
v -0.024797 0.124760 0.029852
v -0.016771 0.127484 0.029852
v -0.008458 0.129138 0.029852
v 0.000000 0.129692 0.029852
v 0.008458 0.129138 0.029852
v 0.016771 0.127484 0.029852
v 0.024797 0.124760 0.029852
v 0.032399 0.121011 0.029852
v 0.039446 0.116302 0.029852
v 0.045819 0.110713 0.029852
v 0.051408 0.104341 0.029852
v 0.056117 0.097293 0.029852
v 0.059865 0.089691 0.029852
v 0.062590 0.081665 0.029852
v 0.064243 0.073352 0.029852
v 0.000000 0.064894 -0.020453
v 0.001170 0.064894 -0.018113
v 0.000946 0.064207 -0.018113
v 0.000361 0.063782 -0.018113
v -0.000361 0.063782 -0.018113
v -0.000946 0.064207 -0.018113
v -0.001170 0.064894 -0.018113
v -0.000946 0.065582 -0.018113
v -0.000361 0.066007 -0.018113
v 0.000361 0.066007 -0.018113
v 0.000946 0.065582 -0.018113
v 0.000871 0.064894 -0.020453
v 0.001170 0.064894 -0.020169
v 0.000705 0.064383 -0.020453
v 0.000946 0.064207 -0.020169
v 0.000269 0.064066 -0.020453
v 0.000361 0.063782 -0.020169
v -0.000269 0.064066 -0.020453
v -0.000361 0.063782 -0.020169
v -0.000704 0.064383 -0.020453
v -0.000946 0.064207 -0.020169
v -0.000871 0.064894 -0.020453
v -0.001170 0.064894 -0.020169
v -0.000704 0.065406 -0.020453
v -0.000946 0.065582 -0.020169
v -0.000269 0.065723 -0.020453
v -0.000361 0.066007 -0.020169
v 0.000269 0.065723 -0.020453
v 0.000361 0.066007 -0.020169
v 0.000705 0.065406 -0.020453
v 0.000946 0.065582 -0.020169
v -0.002841 0.131878 0.018361
v -0.004085 0.131878 0.017302
v -0.004531 0.131878 0.016080
v -0.004590 0.131878 0.014482
v -0.004029 0.131878 0.012918
v -0.003090 0.131878 0.011547
v -0.001760 0.131878 0.010658
v -0.000508 0.131878 0.010304
v 0.001079 0.131878 0.010693
v 0.002777 0.131878 0.016396
v 0.000817 0.131878 0.020230
v 0.004737 0.131878 0.012562
v 0.000435 0.131878 0.010441
v -0.003422 0.131878 0.017986
v 0.006771 0.131963 0.013602
v 0.009380 0.133449 0.014936
v 0.008321 0.132509 0.014395
v 0.002851 0.131963 0.021270
v 0.004401 0.132509 0.022062
v 0.005461 0.133449 0.022604
v 0.004826 0.131963 0.017444
v 0.007423 0.133440 0.018771
v 0.006369 0.132507 0.018233
v 0.007459 0.141732 0.020838
v 0.008297 0.142078 0.019218
v 0.009660 0.140872 0.016466
v 0.009896 0.139003 0.015862
v 0.009119 0.141732 0.017590
v 0.006514 0.139003 0.022480
v 0.006865 0.140872 0.021935
v 0.010019 0.134850 0.015262
v 0.006099 0.134850 0.022930
v 0.008059 0.134832 0.019096
v 0.006369 0.132507 0.018233
v -0.000881 0.131878 0.014527
v 0.006275 0.137081 0.022780
v 0.009999 0.137081 0.015493
v -0.002841 0.130864 0.018361
v -0.004085 0.130864 0.017302
v -0.004531 0.130864 0.016080
v -0.004590 0.130864 0.014482
v -0.004029 0.130864 0.012918
v -0.003090 0.130864 0.011547
v -0.001760 0.130864 0.010658
v -0.000508 0.130864 0.010304
v 0.001079 0.130864 0.010693
v 0.002793 0.130865 0.016405
v 0.000834 0.130865 0.020239
v 0.004753 0.130865 0.012571
v 0.000435 0.130864 0.010441
v -0.003422 0.130864 0.017986
v 0.006924 0.130964 0.013677
v 0.010081 0.132806 0.015286
v 0.008745 0.131613 0.014604
v 0.003002 0.130964 0.021350
v 0.004819 0.131613 0.022284
v 0.006155 0.132806 0.022968
v 0.004980 0.130964 0.017522
v 0.008119 0.132796 0.019127
v 0.006791 0.131611 0.018448
v 0.008364 0.141678 0.021290
v 0.009197 0.142017 0.019678
v 0.010557 0.140830 0.016936
v 0.010796 0.138965 0.016328
v 0.010016 0.141678 0.018059
v 0.007418 0.138965 0.022936
v 0.007771 0.140830 0.022386
v 0.010892 0.134589 0.015705
v 0.006969 0.134589 0.023379
v 0.008932 0.134576 0.019542
v 0.006410 0.131532 0.017960
v -0.000881 0.130864 0.014527
v 0.007177 0.137041 0.023239
v 0.010900 0.137041 0.015955
v 0.003979 0.131597 0.014810
v 0.003677 0.131597 0.016333
v 0.002814 0.131597 0.017624
v 0.001523 0.131597 0.018486
v 0.000000 0.131597 0.018789
v -0.001523 0.131597 0.018486
v -0.002814 0.131597 0.017624
v -0.003677 0.131597 0.016333
v -0.003979 0.131597 0.014810
v -0.003677 0.131597 0.013287
v -0.002814 0.131597 0.011996
v -0.001523 0.131597 0.011133
v 0.000000 0.131597 0.010830
v 0.001523 0.131597 0.011133
v 0.002814 0.131597 0.011996
v 0.003677 0.131597 0.013287
v 0.003122 0.134302 0.014810
v 0.003979 0.133468 0.014810
v 0.003702 0.134038 0.014810
v 0.002884 0.134302 0.016005
v 0.003677 0.133468 0.016333
v 0.003420 0.134038 0.016226
v 0.002208 0.134302 0.017017
v 0.002814 0.133468 0.017624
v 0.002618 0.134038 0.017427
v 0.001195 0.134302 0.017694
v 0.001523 0.133468 0.018486
v 0.001417 0.134038 0.018230
v 0.000000 0.134302 0.017932
v 0.000000 0.133468 0.018789
v 0.000000 0.134038 0.018511
v -0.001195 0.134302 0.017694
v -0.001523 0.133468 0.018486
v -0.001417 0.134038 0.018230
v -0.002208 0.134302 0.017017
v -0.002814 0.133468 0.017624
v -0.002617 0.134038 0.017427
v -0.002884 0.134302 0.016005
v -0.003677 0.133468 0.016333
v -0.003420 0.134038 0.016226
v -0.003122 0.134302 0.014810
v -0.003979 0.133468 0.014810
v -0.003702 0.134038 0.014810
v -0.002884 0.134302 0.013615
v -0.003677 0.133468 0.013287
v -0.003420 0.134038 0.013393
v -0.002208 0.134302 0.012602
v -0.002814 0.133468 0.011996
v -0.002617 0.134038 0.012192
v -0.001195 0.134302 0.011925
v -0.001523 0.133468 0.011133
v -0.001417 0.134038 0.011390
v 0.000000 0.134302 0.011688
v 0.000000 0.133468 0.010830
v 0.000000 0.134038 0.011108
v 0.001195 0.134302 0.011925
v 0.001523 0.133468 0.011133
v 0.001417 0.134038 0.011390
v 0.002208 0.134302 0.012602
v 0.002814 0.133468 0.011996
v 0.002618 0.134038 0.012192
v 0.002884 0.134302 0.013615
v 0.003677 0.133468 0.013287
v 0.003420 0.134038 0.013393
v 0.000000 0.134302 0.014810
v 0.004748 0.129685 0.016221
v 0.004748 0.130680 0.016221
v 0.002369 0.129685 0.019169
v 0.002369 0.130680 0.019169
v -0.001398 0.129685 0.019571
v -0.001398 0.130680 0.019571
v -0.004346 0.129685 0.017192
v -0.004346 0.130680 0.017192
v -0.004748 0.129685 0.013425
v -0.004748 0.130680 0.013425
v -0.002369 0.129685 0.010477
v -0.002369 0.130680 0.010477
v 0.001398 0.129685 0.010075
v 0.001398 0.130680 0.010075
v 0.004346 0.129685 0.012454
v 0.004346 0.130680 0.012454
v 0.000000 0.130680 0.014823
v 0.004828 0.064894 0.024036
v 0.004787 0.065526 0.024036
v 0.004664 0.066147 0.024036
v 0.004461 0.066747 0.024036
v 0.004182 0.067315 0.024036
v 0.003831 0.067842 0.024036
v 0.003415 0.068319 0.024036
v 0.002940 0.068736 0.024036
v 0.002415 0.069089 0.024036
v 0.001848 0.069369 0.024036
v 0.001250 0.069573 0.024036
v 0.000631 0.069696 0.024036
v 0.000000 0.069738 0.024036
v -0.000630 0.069696 0.024036
v -0.001250 0.069573 0.024036
v -0.001848 0.069369 0.024036
v -0.002415 0.069089 0.024036
v -0.002940 0.068736 0.024036
v -0.003415 0.068319 0.024036
v -0.003831 0.067842 0.024036
v -0.004182 0.067315 0.024036
v -0.004461 0.066747 0.024036
v -0.004664 0.066147 0.024036
v -0.004787 0.065526 0.024036
v -0.004828 0.064894 0.024036
v -0.004787 0.064263 0.024036
v -0.004664 0.063641 0.024036
v -0.004461 0.063042 0.024036
v -0.004182 0.062474 0.024036
v -0.003831 0.061947 0.024036
v -0.003415 0.061470 0.024036
v -0.002940 0.061052 0.024036
v -0.002415 0.060700 0.024036
v -0.001848 0.060420 0.024036
v -0.001250 0.060216 0.024036
v -0.000630 0.060092 0.024036
v 0.000000 0.060051 0.024036
v 0.000631 0.060092 0.024036
v 0.001250 0.060216 0.024036
v 0.001848 0.060420 0.024036
v 0.002415 0.060700 0.024036
v 0.002940 0.061052 0.024036
v 0.003415 0.061470 0.024036
v 0.003831 0.061947 0.024036
v 0.004182 0.062474 0.024036
v 0.004461 0.063042 0.024036
v 0.004664 0.063641 0.024036
v 0.004787 0.064263 0.024036
v 0.056562 0.057428 0.024036
v 0.055108 0.050089 0.024036
v 0.052712 0.043002 0.024036
v 0.049415 0.036289 0.024036
v 0.045271 0.030064 0.024036
v 0.040353 0.024434 0.024036
v 0.034742 0.019496 0.024036
v 0.028537 0.015335 0.024036
v 0.021842 0.012022 0.024036
v 0.014773 0.009614 0.024036
v 0.007450 0.008152 0.024036
v 0.000000 0.007662 0.024036
v -0.007450 0.008152 0.024036
v -0.014773 0.009614 0.024036
v -0.021842 0.012022 0.024036
v -0.028537 0.015335 0.024036
v -0.034742 0.019496 0.024036
v -0.040353 0.024434 0.024036
v -0.045271 0.030064 0.024036
v -0.049415 0.036289 0.024036
v -0.052712 0.043002 0.024036
v -0.055108 0.050089 0.024036
v -0.056562 0.057428 0.024036
v -0.057049 0.064894 0.024036
v -0.056562 0.072361 0.024036
v -0.055108 0.079700 0.024036
v -0.052712 0.086787 0.024036
v -0.049415 0.093500 0.024036
v -0.045271 0.099725 0.024036
v -0.040353 0.105355 0.024036
v -0.034742 0.110293 0.024036
v -0.028537 0.114454 0.024036
v -0.021842 0.117767 0.024036
v -0.014773 0.120175 0.024036
v -0.007450 0.121637 0.024036
v 0.000000 0.122126 0.024036
v 0.007450 0.121637 0.024036
v 0.014773 0.120175 0.024036
v 0.021842 0.117767 0.024036
v 0.028537 0.114454 0.024036
v 0.034742 0.110293 0.024036
v 0.040353 0.105355 0.024036
v 0.045271 0.099725 0.024036
v 0.049415 0.093500 0.024036
v 0.052712 0.086787 0.024036
v 0.055108 0.079700 0.024036
v 0.056562 0.072361 0.024036
v 0.057049 0.064894 0.024036
v 0.003044 0.064894 0.023615
v 0.003018 0.065293 0.023615
v 0.002940 0.065684 0.023615
v 0.002812 0.066062 0.023615
v 0.002636 0.066421 0.023615
v 0.002415 0.066753 0.023615
v 0.002153 0.067053 0.023615
v 0.001853 0.067316 0.023615
v 0.001522 0.067538 0.023615
v 0.001165 0.067715 0.023615
v 0.000788 0.067844 0.023615
v 0.000397 0.067922 0.023615
v 0.000000 0.067948 0.023615
v -0.000397 0.067922 0.023615
v -0.000788 0.067844 0.023615
v -0.001165 0.067715 0.023615
v -0.001522 0.067538 0.023615
v -0.001853 0.067316 0.023615
v -0.002153 0.067053 0.023615
v -0.002415 0.066753 0.023615
v -0.002636 0.066421 0.023615
v -0.002812 0.066062 0.023615
v -0.002940 0.065684 0.023615
v -0.003018 0.065293 0.023615
v -0.003044 0.064894 0.023615
v -0.003018 0.064496 0.023615
v -0.002940 0.064105 0.023615
v -0.002812 0.063727 0.023615
v -0.002636 0.063368 0.023615
v -0.002415 0.063036 0.023615
v -0.002153 0.062736 0.023615
v -0.001853 0.062472 0.023615
v -0.001522 0.062250 0.023615
v -0.001165 0.062074 0.023615
v -0.000788 0.061945 0.023615
v -0.000397 0.061867 0.023615
v 0.000000 0.061841 0.023615
v 0.000397 0.061867 0.023615
v 0.000788 0.061945 0.023615
v 0.001165 0.062074 0.023615
v 0.001522 0.062250 0.023615
v 0.001853 0.062472 0.023615
v 0.002153 0.062736 0.023615
v 0.002415 0.063036 0.023615
v 0.002636 0.063368 0.023615
v 0.002812 0.063727 0.023615
v 0.002940 0.064105 0.023615
v 0.003018 0.064496 0.023615
v 0.054439 0.087504 0.030672
v 0.056913 0.080185 0.030672
v -0.041675 0.023108 0.030672
v -0.046754 0.028923 0.030672
v -0.035881 0.111780 0.030672
v -0.029472 0.116078 0.030672
v 0.051034 0.035352 0.030672
v 0.046754 0.028923 0.030672
v 0.051033 0.094437 0.030672
v -0.035881 0.018009 0.030672
v -0.041675 0.106681 0.030672
v 0.054439 0.042285 0.030672
v 0.046754 0.100866 0.030672
v -0.029472 0.013711 0.030672
v -0.046754 0.100866 0.030672
v 0.056913 0.049604 0.030672
v 0.041675 0.106681 0.030672
v -0.022558 0.010289 0.030672
v -0.051033 0.094437 0.030672
v 0.058415 0.057184 0.030672
v 0.035881 0.111780 0.030672
v -0.015257 0.007803 0.030672
v -0.054439 0.087504 0.030672
v 0.058918 0.064894 0.030672
v 0.029472 0.116078 0.030672
v -0.007694 0.006293 0.030672
v -0.056913 0.080185 0.030672
v 0.022558 0.119500 0.030672
v 0.000000 0.005787 0.030672
v -0.058415 0.072605 0.030672
v 0.015257 0.121986 0.030672
v 0.007694 0.006293 0.030672
v -0.058918 0.064894 0.030672
v 0.007694 0.123496 0.030672
v 0.015257 0.007803 0.030672
v -0.058415 0.057184 0.030672
v 0.000000 0.124001 0.030672
v 0.022558 0.010289 0.030672
v -0.056913 0.049604 0.030672
v -0.007694 0.123496 0.030672
v 0.029472 0.013711 0.030672
v -0.054439 0.042285 0.030672
v -0.015257 0.121986 0.030672
v 0.035881 0.018009 0.030672
v 0.058415 0.072605 0.030672
v -0.051033 0.035352 0.030672
v -0.022557 0.119500 0.030672
v 0.041675 0.023108 0.030672
v 0.057049 0.064894 0.029704
v 0.057999 0.064894 0.030663
v 0.057327 0.064894 0.030378
v 0.057504 0.072485 0.030663
v 0.056562 0.072361 0.029704
v 0.056838 0.072397 0.030378
v 0.056026 0.079946 0.030663
v 0.055108 0.079700 0.029704
v 0.055377 0.079772 0.030378
v 0.053590 0.087151 0.030663
v 0.052712 0.086787 0.029704
v 0.052969 0.086893 0.030378
v 0.050237 0.093976 0.030663
v 0.049415 0.093500 0.029704
v 0.049655 0.093640 0.030378
v 0.046025 0.100305 0.030663
v 0.045271 0.099725 0.029704
v 0.045492 0.099895 0.030378
v 0.041024 0.106028 0.030663
v 0.040353 0.105355 0.029704
v 0.040549 0.105552 0.030378
v 0.035320 0.111048 0.030663
v 0.034742 0.110293 0.029704
v 0.034912 0.110514 0.030378
v 0.029011 0.115279 0.030663
v 0.028537 0.114454 0.029704
v 0.028676 0.114696 0.030378
v 0.022205 0.118646 0.030663
v 0.021842 0.117767 0.029704
v 0.021948 0.118025 0.030378
v 0.015018 0.121094 0.030663
v 0.014773 0.120175 0.029704
v 0.014845 0.120444 0.030378
v 0.007574 0.122580 0.030663
v 0.007450 0.121637 0.029704
v 0.007487 0.121913 0.030378
v 0.000000 0.123078 0.030663
v 0.000000 0.122126 0.029704
v 0.000000 0.122405 0.030378
v -0.007574 0.122580 0.030663
v -0.007450 0.121637 0.029704
v -0.007486 0.121913 0.030378
v -0.015018 0.121094 0.030663
v -0.014773 0.120175 0.029704
v -0.014845 0.120444 0.030378
v -0.022205 0.118646 0.030663
v -0.021842 0.117767 0.029704
v -0.021948 0.118025 0.030378
v -0.029011 0.115279 0.030663
v -0.028537 0.114454 0.029704
v -0.028676 0.114696 0.030378
v -0.035320 0.111048 0.030663
v -0.034742 0.110293 0.029704
v -0.034912 0.110514 0.030378
v -0.041024 0.106028 0.030663
v -0.040353 0.105355 0.029704
v -0.040549 0.105552 0.030378
v -0.046025 0.100305 0.030663
v -0.045271 0.099725 0.029704
v -0.045492 0.099895 0.030378
v -0.050237 0.093976 0.030663
v -0.049415 0.093500 0.029704
v -0.049655 0.093640 0.030378
v -0.053590 0.087151 0.030663
v -0.052712 0.086787 0.029704
v -0.052969 0.086893 0.030378
v -0.056026 0.079946 0.030663
v -0.055108 0.079700 0.029704
v -0.055377 0.079772 0.030378
v -0.057504 0.072485 0.030663
v -0.056562 0.072361 0.029704
v -0.056838 0.072397 0.030378
v -0.057999 0.064894 0.030663
v -0.057049 0.064894 0.029704
v -0.057327 0.064894 0.030378
v -0.057504 0.057304 0.030663
v -0.056562 0.057428 0.029704
v -0.056838 0.057392 0.030378
v -0.056026 0.049843 0.030663
v -0.055108 0.050089 0.029704
v -0.055377 0.050017 0.030378
v -0.053590 0.042638 0.030663
v -0.052712 0.043002 0.029704
v -0.052969 0.042896 0.030378
v -0.050237 0.035813 0.030663
v -0.049415 0.036289 0.029704
v -0.049655 0.036149 0.030378
v -0.046025 0.029484 0.030663
v -0.045271 0.030064 0.029704
v -0.045492 0.029894 0.030378
v -0.041024 0.023761 0.030663
v -0.040353 0.024434 0.029704
v -0.040549 0.024237 0.030378
v -0.035320 0.018741 0.030663
v -0.034742 0.019496 0.029704
v -0.034912 0.019275 0.030378
v -0.029011 0.014510 0.030663
v -0.028537 0.015335 0.029704
v -0.028676 0.015093 0.030378
v -0.022205 0.011142 0.030663
v -0.021842 0.012022 0.029704
v -0.021948 0.011764 0.030378
v -0.015018 0.008695 0.030663
v -0.014773 0.009614 0.029704
v -0.014845 0.009345 0.030378
v -0.007574 0.007209 0.030663
v -0.007450 0.008152 0.029704
v -0.007486 0.007876 0.030378
v 0.000000 0.006711 0.030663
v 0.000000 0.007662 0.029704
v 0.000000 0.007384 0.030378
v 0.007574 0.007209 0.030663
v 0.007450 0.008152 0.029704
v 0.007487 0.007876 0.030378
v 0.015018 0.008695 0.030663
v 0.014773 0.009614 0.029704
v 0.014845 0.009345 0.030378
v 0.022205 0.011142 0.030663
v 0.021842 0.012022 0.029704
v 0.021948 0.011764 0.030378
v 0.029011 0.014510 0.030663
v 0.028537 0.015335 0.029704
v 0.028676 0.015093 0.030378
v 0.035320 0.018741 0.030663
v 0.034742 0.019496 0.029704
v 0.034912 0.019275 0.030378
v 0.041024 0.023761 0.030663
v 0.040353 0.024434 0.029704
v 0.040549 0.024237 0.030378
v 0.046025 0.029484 0.030663
v 0.045271 0.030064 0.029704
v 0.045492 0.029894 0.030378
v 0.050237 0.035813 0.030663
v 0.049415 0.036289 0.029704
v 0.049656 0.036150 0.030378
v 0.053590 0.042638 0.030663
v 0.052712 0.043002 0.029704
v 0.052969 0.042896 0.030378
v 0.056026 0.049843 0.030663
v 0.055108 0.050089 0.029704
v 0.055377 0.050017 0.030378
v 0.057504 0.057304 0.030663
v 0.056562 0.057428 0.029704
v 0.056838 0.057392 0.030378
v -0.000000 0.064894 0.026305
v 0.002108 0.064894 0.023966
v 0.001705 0.066133 0.023966
v 0.000651 0.066899 0.023966
v -0.000651 0.066899 0.023966
v -0.001705 0.066133 0.023966
v -0.002108 0.064894 0.023966
v -0.001705 0.063655 0.023966
v -0.000651 0.062890 0.023966
v 0.000651 0.062890 0.023966
v 0.001705 0.063655 0.023966
v 0.001569 0.064894 0.026305
v 0.002108 0.064894 0.025884
v 0.001270 0.065817 0.026305
v 0.001705 0.066133 0.025884
v 0.000485 0.066387 0.026305
v 0.000651 0.066899 0.025884
v -0.000485 0.066387 0.026305
v -0.000651 0.066899 0.025884
v -0.001270 0.065817 0.026305
v -0.001705 0.066133 0.025884
v -0.001569 0.064894 0.026305
v -0.002108 0.064894 0.025884
v -0.001270 0.063972 0.026305
v -0.001705 0.063655 0.025884
v -0.000485 0.063402 0.026305
v -0.000651 0.062890 0.025884
v 0.000485 0.063402 0.026305
v 0.000651 0.062890 0.025884
v 0.001270 0.063972 0.026305
v 0.001705 0.063655 0.025884
v 0.037773 0.011561 0.022867
v 0.036843 0.012993 0.022867
v 0.037135 0.011146 0.024706
v 0.036204 0.012579 0.024706
v 0.035593 0.010144 0.025467
v 0.034662 0.011577 0.025467
v 0.034051 0.009143 0.024706
v 0.033121 0.010576 0.024706
v 0.033412 0.008728 0.022867
v 0.032482 0.010161 0.022867
v 0.034051 0.009143 0.021029
v 0.033121 0.010576 0.021029
v 0.035593 0.010144 0.020267
v 0.034662 0.011577 0.020267
v 0.037135 0.011146 0.021029
v 0.036204 0.012579 0.021029
v 0.042872 0.006991 0.022867
v 0.039215 0.012623 0.022867
v 0.042592 0.006809 0.024546
v 0.038935 0.012441 0.024546
v 0.041795 0.006291 0.025970
v 0.038137 0.011923 0.025970
v 0.040601 0.005516 0.026921
v 0.036943 0.011148 0.026921
v 0.039193 0.004601 0.027255
v 0.035535 0.010234 0.027255
v 0.037785 0.003687 0.026921
v 0.034127 0.009319 0.026921
v 0.036591 0.002912 0.025970
v 0.032933 0.008544 0.025970
v 0.035793 0.002394 0.024546
v 0.032136 0.008026 0.024546
v 0.035513 0.002212 0.022867
v 0.031855 0.007844 0.022867
v 0.035793 0.002394 0.021188
v 0.032136 0.008026 0.021188
v 0.036591 0.002912 0.019765
v 0.032933 0.008544 0.019765
v 0.037785 0.003687 0.018814
v 0.034127 0.009319 0.018814
v 0.039193 0.004601 0.018480
v 0.035535 0.010233 0.018480
v 0.040601 0.005516 0.018814
v 0.036943 0.011148 0.018814
v 0.041795 0.006291 0.019765
v 0.038137 0.011923 0.019765
v 0.042592 0.006809 0.021188
v 0.038935 0.012441 0.021188
v 0.042274 0.002187 0.022867
v 0.043106 0.003097 0.022867
v 0.043594 0.004204 0.022867
v 0.043620 0.005404 0.022867
v 0.042193 0.002135 0.023353
v 0.043355 0.005232 0.024456
v 0.043372 0.004060 0.024197
v 0.042949 0.002995 0.023810
v 0.041962 0.001985 0.023765
v 0.042601 0.004742 0.025802
v 0.042740 0.003649 0.025324
v 0.042501 0.002704 0.024609
v 0.041617 0.001760 0.024040
v 0.041471 0.004008 0.026702
v 0.041795 0.003035 0.026077
v 0.041831 0.002269 0.025143
v 0.041210 0.001496 0.024137
v 0.040139 0.003143 0.027018
v 0.040680 0.002311 0.026342
v 0.041041 0.001755 0.025330
v 0.040802 0.001231 0.024040
v 0.038807 0.002278 0.026702
v 0.039565 0.001587 0.026077
v 0.040250 0.001242 0.025143
v 0.040457 0.001007 0.023765
v 0.037678 0.001545 0.025802
v 0.038619 0.000973 0.025324
v 0.039580 0.000807 0.024609
v 0.040226 0.000857 0.023353
v 0.036924 0.001055 0.024456
v 0.037988 0.000563 0.024197
v 0.039133 0.000516 0.023810
v 0.040145 0.000804 0.022867
v 0.036659 0.000883 0.022867
v 0.037766 0.000419 0.022867
v 0.038975 0.000414 0.022867
v 0.040226 0.000857 0.022382
v 0.036924 0.001055 0.021279
v 0.037988 0.000563 0.021538
v 0.039133 0.000516 0.021925
v 0.040457 0.001007 0.021970
v 0.037678 0.001545 0.019933
v 0.038619 0.000973 0.020411
v 0.039580 0.000807 0.021126
v 0.040802 0.001231 0.021694
v 0.038807 0.002278 0.019033
v 0.039565 0.001587 0.019658
v 0.040250 0.001242 0.020592
v 0.041210 0.001496 0.021598
v 0.040139 0.003143 0.018717
v 0.040680 0.002311 0.019393
v 0.041041 0.001755 0.020405
v 0.041617 0.001760 0.021694
v 0.041471 0.004008 0.019033
v 0.041795 0.003035 0.019658
v 0.041831 0.002269 0.020592
v 0.041962 0.001985 0.021970
v 0.042601 0.004742 0.019933
v 0.042740 0.003649 0.020411
v 0.042501 0.002704 0.021126
v 0.042193 0.002135 0.022382
v 0.043355 0.005232 0.021279
v 0.043372 0.004060 0.021538
v 0.042949 0.002995 0.021925
v 0.041278 0.001390 0.022867
v 0.037548 0.011540 0.022867
v 0.037394 0.011441 0.023786
v 0.036958 0.011158 0.024564
v 0.036305 0.010734 0.025084
v 0.035535 0.010234 0.025267
v 0.034765 0.009733 0.025084
v 0.034112 0.009309 0.024564
v 0.033676 0.009026 0.023786
v 0.033523 0.008927 0.022867
v 0.033676 0.009026 0.021949
v 0.034112 0.009309 0.021171
v 0.034765 0.009733 0.020650
v 0.035535 0.010233 0.020468
v 0.036305 0.010734 0.020650
v 0.036958 0.011158 0.021171
v 0.037394 0.011441 0.021949
v -0.037773 0.011561 0.022867
v -0.036843 0.012993 0.022867
v -0.037135 0.011146 0.024706
v -0.036204 0.012579 0.024706
v -0.035593 0.010144 0.025467
v -0.034662 0.011577 0.025467
v -0.034051 0.009143 0.024706
v -0.033121 0.010576 0.024706
v -0.033412 0.008728 0.022867
v -0.032482 0.010161 0.022867
v -0.034051 0.009143 0.021029
v -0.033121 0.010576 0.021029
v -0.035593 0.010144 0.020267
v -0.034662 0.011577 0.020267
v -0.037135 0.011146 0.021029
v -0.036204 0.012579 0.021029
v -0.042872 0.006991 0.022867
v -0.039215 0.012623 0.022867
v -0.042592 0.006809 0.024546
v -0.038935 0.012441 0.024546
v -0.041795 0.006291 0.025970
v -0.038137 0.011923 0.025970
v -0.040601 0.005516 0.026921
v -0.036943 0.011148 0.026921
v -0.039193 0.004601 0.027255
v -0.035535 0.010234 0.027255
v -0.037785 0.003687 0.026921
v -0.034127 0.009319 0.026921
v -0.036591 0.002912 0.025970
v -0.032933 0.008544 0.025970
v -0.035793 0.002393 0.024546
v -0.032136 0.008026 0.024546
v -0.035513 0.002212 0.022867
v -0.031855 0.007844 0.022867
v -0.035793 0.002393 0.021188
v -0.032136 0.008026 0.021188
v -0.036591 0.002912 0.019765
v -0.032933 0.008544 0.019765
v -0.037785 0.003687 0.018814
v -0.034127 0.009319 0.018814
v -0.039193 0.004601 0.018480
v -0.035535 0.010234 0.018480
v -0.040601 0.005516 0.018814
v -0.036943 0.011148 0.018814
v -0.041795 0.006291 0.019765
v -0.038137 0.011923 0.019765
v -0.042592 0.006809 0.021188
v -0.038935 0.012441 0.021188
v -0.042274 0.002187 0.022867
v -0.043106 0.003097 0.022867
v -0.043594 0.004204 0.022867
v -0.043620 0.005404 0.022867
v -0.042193 0.002135 0.023353
v -0.043355 0.005232 0.024456
v -0.043372 0.004060 0.024197
v -0.042949 0.002995 0.023810
v -0.041962 0.001985 0.023765
v -0.042601 0.004742 0.025802
v -0.042740 0.003649 0.025324
v -0.042501 0.002704 0.024609
v -0.041617 0.001760 0.024040
v -0.041471 0.004008 0.026702
v -0.041795 0.003035 0.026077
v -0.041831 0.002269 0.025143
v -0.041209 0.001496 0.024137
v -0.040139 0.003143 0.027018
v -0.040680 0.002311 0.026342
v -0.041041 0.001755 0.025330
v -0.040802 0.001231 0.024040
v -0.038807 0.002278 0.026702
v -0.039565 0.001587 0.026077
v -0.040250 0.001242 0.025143
v -0.040457 0.001007 0.023765
v -0.037678 0.001545 0.025802
v -0.038619 0.000973 0.025324
v -0.039580 0.000807 0.024609
v -0.040226 0.000857 0.023353
v -0.036924 0.001055 0.024456
v -0.037988 0.000563 0.024197
v -0.039132 0.000516 0.023810
v -0.040145 0.000804 0.022867
v -0.036659 0.000883 0.022867
v -0.037766 0.000419 0.022867
v -0.038975 0.000414 0.022867
v -0.040226 0.000857 0.022382
v -0.036924 0.001055 0.021279
v -0.037988 0.000563 0.021538
v -0.039132 0.000516 0.021925
v -0.040457 0.001007 0.021970
v -0.037678 0.001545 0.019933
v -0.038619 0.000973 0.020411
v -0.039580 0.000807 0.021126
v -0.040802 0.001231 0.021694
v -0.038807 0.002278 0.019033
v -0.039565 0.001587 0.019658
v -0.040250 0.001242 0.020592
v -0.041209 0.001496 0.021598
v -0.040139 0.003143 0.018717
v -0.040680 0.002311 0.019393
v -0.041041 0.001755 0.020405
v -0.041617 0.001760 0.021694
v -0.041471 0.004008 0.019033
v -0.041795 0.003035 0.019658
v -0.041831 0.002269 0.020592
v -0.041962 0.001985 0.021970
v -0.042601 0.004742 0.019933
v -0.042740 0.003649 0.020411
v -0.042501 0.002704 0.021126
v -0.042193 0.002135 0.022382
v -0.043355 0.005232 0.021279
v -0.043372 0.004060 0.021538
v -0.042949 0.002995 0.021925
v -0.041278 0.001390 0.022867
v -0.037548 0.011540 0.022867
v -0.037394 0.011441 0.023786
v -0.036958 0.011158 0.024564
v -0.036305 0.010734 0.025084
v -0.035535 0.010234 0.025267
v -0.034765 0.009733 0.025084
v -0.034112 0.009309 0.024564
v -0.033676 0.009026 0.023786
v -0.033522 0.008927 0.022867
v -0.033676 0.009026 0.021949
v -0.034112 0.009309 0.021171
v -0.034765 0.009733 0.020650
v -0.035535 0.010234 0.020468
v -0.036305 0.010734 0.020650
v -0.036958 0.011158 0.021171
v -0.037394 0.011441 0.021949
v 0.003117 0.066185 0.025755
v 0.001376 0.066270 0.025755
v 0.003117 0.066185 0.025496
v 0.000744 0.066692 0.025755
v -0.000000 0.066840 0.025755
v 0.002385 0.067280 0.025496
v -0.000744 0.066692 0.025755
v -0.001376 0.066270 0.025755
v 0.001291 0.068011 0.025496
v -0.001797 0.065639 0.025755
v -0.001945 0.064894 0.025755
v -0.000000 0.068268 0.025496
v -0.001797 0.064150 0.025755
v -0.001376 0.063519 0.025755
v -0.001291 0.068011 0.025496
v -0.000744 0.063097 0.025755
v -0.000000 0.062949 0.025755
v -0.002385 0.067280 0.025496
v 0.000744 0.063097 0.025755
v 0.001376 0.063519 0.025755
v -0.003117 0.066185 0.025496
v 0.001797 0.064150 0.025755
v 0.001945 0.064894 0.025755
v -0.003374 0.064894 0.025496
v 0.001797 0.065639 0.025755
v 0.003374 0.064894 0.025755
v -0.003117 0.063603 0.025496
v 0.003117 0.063603 0.025755
v 0.002385 0.062509 0.025755
v -0.002385 0.062509 0.025496
v 0.001291 0.061778 0.025755
v -0.000000 0.061521 0.025755
v -0.001291 0.061778 0.025496
v -0.001291 0.061778 0.025755
v -0.002385 0.062509 0.025755
v -0.000000 0.061521 0.025496
v -0.003117 0.063603 0.025755
v -0.003374 0.064894 0.025755
v 0.001291 0.061778 0.025496
v -0.003117 0.066185 0.025755
v -0.002385 0.067280 0.025755
v 0.002385 0.062509 0.025496
v -0.001291 0.068011 0.025755
v -0.000000 0.068268 0.025755
v 0.003117 0.063603 0.025496
v 0.001291 0.068011 0.025755
v 0.002385 0.067280 0.025755
v 0.003374 0.064894 0.025496
v -0.002325 0.129061 0.004375
v -0.002737 0.129037 0.005371
v -0.003731 0.128979 0.005784
v -0.004726 0.128921 0.005371
v -0.005138 0.128897 0.004375
v -0.004726 0.128921 0.003378
v -0.003731 0.128979 0.002966
v -0.002737 0.129037 0.003378
v -0.004516 0.142421 0.004375
v -0.003354 0.142489 0.004375
v -0.003096 0.142277 0.004375
v -0.003694 0.142469 0.005198
v -0.003508 0.142253 0.005371
v -0.004516 0.142421 0.005539
v -0.004503 0.142195 0.005784
v -0.005337 0.142373 0.005198
v -0.005497 0.142137 0.005371
v -0.005678 0.142354 0.004375
v -0.005910 0.142113 0.004375
v -0.005337 0.142373 0.003552
v -0.005497 0.142137 0.003378
v -0.004516 0.142421 0.003211
v -0.004503 0.142195 0.002966
v -0.003694 0.142469 0.003552
v -0.003508 0.142253 0.003378
v 0.002813 0.140888 0.004367
v 0.002226 0.141500 0.004366
v -0.011653 0.140149 0.004354
v -0.011150 0.140816 0.004355
v 0.002833 0.140585 0.005499
v 0.002253 0.141111 0.005819
v -0.011632 0.139846 0.005487
v -0.011123 0.140428 0.005808
v 0.002888 0.139758 0.006328
v 0.002323 0.140050 0.006883
v -0.011578 0.139019 0.006316
v -0.011053 0.139367 0.006871
v 0.002961 0.138629 0.006631
v 0.002417 0.138601 0.007272
v -0.011504 0.137889 0.006619
v -0.010959 0.137917 0.007260
v 0.003035 0.137499 0.006328
v 0.002511 0.137151 0.006882
v -0.011431 0.136760 0.006316
v -0.010865 0.136468 0.006871
v 0.003088 0.136672 0.005499
v 0.002580 0.136090 0.005819
v -0.011377 0.135933 0.005487
v -0.010796 0.135407 0.005807
v 0.003107 0.136369 0.004366
v 0.002604 0.135702 0.004366
v -0.011359 0.135630 0.004354
v -0.010772 0.135018 0.004355
v 0.003086 0.136672 0.003234
v 0.002577 0.136090 0.002913
v -0.011379 0.135932 0.003222
v -0.010799 0.135406 0.002902
v 0.003032 0.137499 0.002405
v 0.002507 0.137151 0.001849
v -0.011434 0.136759 0.002393
v -0.010869 0.136467 0.001838
v 0.002958 0.138628 0.002102
v 0.002413 0.138600 0.001460
v -0.011507 0.137889 0.002089
v -0.010963 0.137917 0.001449
v 0.002885 0.139758 0.002405
v 0.002319 0.140050 0.001850
v -0.011581 0.139019 0.002393
v -0.011057 0.139366 0.001838
v 0.002831 0.140585 0.003234
v 0.002250 0.141111 0.002913
v -0.011634 0.139846 0.003222
v -0.011126 0.140428 0.002902
v -0.011506 0.137889 0.004354
v 0.002960 0.138629 0.004366
v 0.040595 0.143979 0.001808
v 0.040595 0.143979 0.010522
v 0.005885 0.172938 0.001808
v 0.003779 0.173126 0.001808
v 0.005885 0.172938 0.010522
v 0.003779 0.173126 0.010522
v 0.023290 0.165104 0.010522
v 0.016030 0.171692 0.010522
v 0.022595 0.166949 0.010522
v 0.021386 0.168686 0.010522
v 0.019780 0.170143 0.010522
v 0.017935 0.171179 0.010522
v 0.016030 0.171692 0.001808
v 0.023290 0.165104 0.001808
v 0.017935 0.171179 0.001808
v 0.019780 0.170143 0.001808
v 0.021386 0.168686 0.001808
v 0.022595 0.166949 0.001808
v 0.025645 0.154527 0.001808
v 0.030360 0.148689 0.001808
v 0.026112 0.153178 0.001808
v 0.026907 0.151790 0.001808
v 0.027950 0.150498 0.001808
v 0.029140 0.149430 0.001808
v 0.030360 0.148689 0.010522
v 0.025645 0.154527 0.010522
v 0.029140 0.149430 0.010522
v 0.027950 0.150498 0.010522
v 0.026907 0.151790 0.010522
v 0.026112 0.153178 0.010522
v 0.040157 0.143080 0.001808
v 0.040157 0.143080 0.010522
v 0.005780 0.171943 0.001808
v 0.003714 0.172128 0.001808
v 0.005780 0.171943 0.010522
v 0.003714 0.172128 0.010522
v 0.022331 0.164818 0.010522
v 0.015839 0.170710 0.010522
v 0.021710 0.166484 0.010522
v 0.020635 0.168026 0.010522
v 0.019196 0.169332 0.010522
v 0.017557 0.170253 0.010522
v 0.015839 0.170710 0.001808
v 0.022331 0.164818 0.001808
v 0.017557 0.170253 0.001808
v 0.019196 0.169332 0.001808
v 0.020635 0.168026 0.001808
v 0.021710 0.166484 0.001808
v 0.024683 0.154255 0.001808
v 0.029891 0.147806 0.001808
v 0.025202 0.152765 0.001808
v 0.026081 0.151226 0.001808
v 0.027224 0.149810 0.001808
v 0.028543 0.148627 0.001808
v 0.029891 0.147806 0.010522
v 0.024683 0.154255 0.010522
v 0.028543 0.148627 0.010522
v 0.027224 0.149810 0.010522
v 0.026081 0.151226 0.010522
v 0.025202 0.152765 0.010522
v 0.046509 0.140931 0.006165
v 0.041755 0.143381 0.001808
v 0.046276 0.141051 0.004818
v 0.045601 0.141399 0.003604
v 0.044549 0.141941 0.002640
v 0.043224 0.142624 0.002021
v 0.041755 0.143381 0.010522
v 0.043224 0.142624 0.010309
v 0.044549 0.141941 0.009690
v 0.045601 0.141399 0.008726
v 0.046276 0.141051 0.007511
v 0.041297 0.142492 0.001808
v 0.046051 0.140042 0.006165
v 0.042766 0.141735 0.002021
v 0.044091 0.141052 0.002640
v 0.045143 0.140510 0.003604
v 0.045818 0.140162 0.004818
v 0.041297 0.142492 0.010522
v 0.045818 0.140162 0.007511
v 0.045143 0.140510 0.008726
v 0.044091 0.141052 0.009690
v 0.042766 0.141735 0.010309
v 0.040595 0.143979 0.006165
v 0.040157 0.143080 0.006165
v -0.040595 0.143979 0.001808
v -0.040595 0.143979 0.010522
v -0.005885 0.172938 0.001808
v -0.000000 0.173225 0.001808
v -0.003779 0.173126 0.001808
v -0.005885 0.172938 0.010522
v -0.003779 0.173126 0.010522
v -0.000000 0.173225 0.010522
v -0.023290 0.165104 0.010522
v -0.016030 0.171692 0.010522
v -0.022595 0.166949 0.010522
v -0.021386 0.168686 0.010522
v -0.019780 0.170143 0.010522
v -0.017935 0.171179 0.010522
v -0.016030 0.171692 0.001808
v -0.023290 0.165104 0.001808
v -0.017935 0.171179 0.001808
v -0.019780 0.170143 0.001808
v -0.021386 0.168686 0.001808
v -0.022595 0.166949 0.001808
v -0.025645 0.154527 0.001808
v -0.030360 0.148689 0.001808
v -0.026112 0.153178 0.001808
v -0.026907 0.151790 0.001808
v -0.027950 0.150498 0.001808
v -0.029140 0.149430 0.001808
v -0.030360 0.148689 0.010522
v -0.025645 0.154527 0.010522
v -0.029140 0.149430 0.010522
v -0.027950 0.150498 0.010522
v -0.026907 0.151790 0.010522
v -0.026112 0.153178 0.010522
v -0.040157 0.143080 0.001808
v -0.040157 0.143080 0.010522
v -0.005780 0.171943 0.001808
v -0.000000 0.172225 0.001808
v -0.003714 0.172128 0.001808
v -0.005780 0.171943 0.010522
v -0.003714 0.172128 0.010522
v -0.000000 0.172225 0.010522
v -0.022331 0.164818 0.010522
v -0.015839 0.170710 0.010522
v -0.021710 0.166484 0.010522
v -0.020635 0.168026 0.010522
v -0.019196 0.169332 0.010522
v -0.017557 0.170253 0.010522
v -0.015839 0.170710 0.001808
v -0.022331 0.164818 0.001808
v -0.017557 0.170253 0.001808
v -0.019196 0.169332 0.001808
v -0.020635 0.168026 0.001808
v -0.021710 0.166484 0.001808
v -0.024683 0.154255 0.001808
v -0.029891 0.147806 0.001808
v -0.025202 0.152765 0.001808
v -0.026081 0.151226 0.001808
v -0.027224 0.149810 0.001808
v -0.028543 0.148627 0.001808
v -0.029891 0.147806 0.010522
v -0.024683 0.154255 0.010522
v -0.028543 0.148627 0.010522
v -0.027224 0.149810 0.010522
v -0.026081 0.151226 0.010522
v -0.025202 0.152765 0.010522
v -0.046509 0.140931 0.006165
v -0.041755 0.143381 0.001808
v -0.046276 0.141051 0.004818
v -0.045601 0.141399 0.003604
v -0.044549 0.141941 0.002640
v -0.043224 0.142624 0.002021
v -0.041755 0.143381 0.010522
v -0.043224 0.142624 0.010309
v -0.044549 0.141941 0.009690
v -0.045601 0.141399 0.008726
v -0.046276 0.141051 0.007511
v -0.041297 0.142492 0.001808
v -0.046051 0.140042 0.006165
v -0.042766 0.141735 0.002021
v -0.044091 0.141052 0.002640
v -0.045143 0.140510 0.003604
v -0.045818 0.140162 0.004818
v -0.041297 0.142492 0.010522
v -0.045818 0.140162 0.007511
v -0.045143 0.140510 0.008726
v -0.044091 0.141052 0.009690
v -0.042766 0.141735 0.010309
v -0.040595 0.143979 0.006165
v -0.040157 0.143080 0.006165
v 0.024414 0.023677 -0.018199
v 0.022852 0.023362 -0.018199
v 0.025761 0.024577 -0.018199
v 0.026655 0.025911 -0.018199
v 0.026907 0.026719 -0.018199
v 0.026977 0.027502 -0.018199
v 0.022852 0.060455 -0.018199
v 0.024414 0.060140 -0.018199
v 0.025761 0.059240 -0.018199
v 0.026661 0.057892 -0.018199
v 0.026976 0.056331 -0.018199
v -0.022852 0.023362 -0.018199
v -0.024414 0.023677 -0.018199
v -0.025761 0.024577 -0.018199
v -0.026655 0.025911 -0.018199
v -0.026907 0.026719 -0.018199
v -0.026977 0.027502 -0.018199
v -0.024414 0.060140 -0.018199
v -0.022852 0.060455 -0.018199
v -0.025761 0.059240 -0.018199
v -0.026661 0.057892 -0.018199
v -0.026976 0.056331 -0.018199
v 0.017090 0.027983 -0.018199
v 0.018258 0.028215 -0.018199
v 0.009789 0.023366 -0.018199
v 0.008895 0.022850 -0.018199
v 0.009273 0.023228 -0.018199
v -0.009789 0.023366 -0.018199
v -0.009273 0.023228 -0.018199
v -0.008895 0.022850 -0.018199
v 0.007724 0.021302 -0.018199
v 0.008240 0.021440 -0.018199
v 0.008618 0.021818 -0.018199
v -0.007724 0.021302 -0.018199
v -0.008618 0.021818 -0.018199
v -0.008240 0.021440 -0.018199
v 0.055521 0.064894 -0.011517
v 0.055046 0.057628 -0.011520
v 0.053631 0.050486 -0.011531
v 0.051300 0.043589 -0.011547
v 0.048091 0.037055 -0.011568
v 0.044058 0.030997 -0.011591
v 0.039271 0.025518 -0.011615
v 0.033812 0.020712 -0.011638
v 0.027772 0.016662 -0.011659
v 0.021257 0.013438 -0.011677
v 0.014377 0.011095 -0.011690
v 0.007251 0.009673 -0.011698
v 0.000000 0.009196 -0.011700
v -0.007251 0.009673 -0.011698
v -0.014377 0.011095 -0.011690
v -0.021257 0.013438 -0.011677
v -0.027772 0.016662 -0.011659
v -0.033812 0.020712 -0.011638
v -0.039271 0.025518 -0.011615
v -0.044058 0.030997 -0.011591
v -0.048091 0.037055 -0.011568
v -0.051300 0.043589 -0.011547
v -0.053631 0.050486 -0.011531
v -0.055046 0.057628 -0.011520
v -0.055521 0.064894 -0.011517
v -0.055046 0.072161 -0.011520
v -0.053631 0.079303 -0.011531
v -0.051300 0.086200 -0.011547
v -0.048091 0.092734 -0.011568
v -0.044058 0.098792 -0.011591
v -0.039271 0.104271 -0.011615
v -0.033812 0.109077 -0.011638
v -0.027772 0.113126 -0.011659
v -0.021257 0.116351 -0.011677
v -0.014377 0.118694 -0.011690
v -0.007251 0.120116 -0.011698
v 0.000000 0.120593 -0.011700
v 0.007251 0.120116 -0.011698
v 0.014377 0.118694 -0.011690
v 0.021257 0.116351 -0.011677
v 0.027772 0.113126 -0.011659
v 0.033812 0.109077 -0.011638
v 0.039271 0.104271 -0.011615
v 0.044058 0.098792 -0.011591
v 0.048091 0.092734 -0.011568
v 0.051300 0.086200 -0.011547
v 0.053631 0.079303 -0.011531
v 0.055046 0.072161 -0.011520
v 0.051556 0.064894 -0.019198
v 0.051116 0.058147 -0.019201
v 0.049802 0.051515 -0.019211
v 0.047637 0.045110 -0.019226
v 0.044657 0.039043 -0.019245
v 0.040912 0.033418 -0.019267
v 0.036467 0.028330 -0.019289
v 0.031397 0.023867 -0.019311
v 0.025789 0.020107 -0.019330
v 0.019739 0.017113 -0.019346
v 0.013350 0.014937 -0.019358
v 0.006733 0.013616 -0.019366
v 0.000000 0.013173 -0.019368
v -0.006733 0.013616 -0.019366
v -0.013350 0.014937 -0.019358
v -0.019739 0.017113 -0.019346
v -0.025789 0.020107 -0.019330
v -0.031397 0.023867 -0.019311
v -0.036467 0.028330 -0.019289
v -0.040912 0.033418 -0.019267
v -0.044657 0.039043 -0.019245
v -0.047637 0.045110 -0.019226
v -0.049802 0.051515 -0.019211
v -0.051116 0.058147 -0.019201
v -0.051556 0.064894 -0.019198
v -0.051116 0.071642 -0.019201
v -0.049802 0.078274 -0.019211
v -0.047637 0.084679 -0.019226
v -0.044657 0.090746 -0.019245
v -0.040912 0.096371 -0.019267
v -0.036467 0.101459 -0.019289
v -0.031397 0.105922 -0.019311
v -0.025789 0.109682 -0.019330
v -0.019739 0.112676 -0.019346
v -0.013350 0.114852 -0.019358
v -0.006733 0.116173 -0.019366
v 0.000000 0.116616 -0.019368
v 0.006733 0.116173 -0.019366
v 0.013350 0.114852 -0.019358
v 0.019739 0.112676 -0.019346
v 0.025789 0.109682 -0.019330
v 0.031397 0.105922 -0.019311
v 0.036467 0.101459 -0.019289
v 0.040912 0.096371 -0.019267
v 0.044657 0.090746 -0.019245
v 0.047637 0.084679 -0.019226
v 0.049802 0.078274 -0.019211
v 0.051116 0.071642 -0.019201
v 0.055521 0.064894 -0.016779
v 0.053093 0.064894 -0.019195
v 0.054810 0.064894 -0.018486
v 0.052639 0.057946 -0.019199
v 0.055046 0.057628 -0.016782
v 0.054341 0.057721 -0.018489
v 0.051287 0.051116 -0.019209
v 0.053631 0.050486 -0.016793
v 0.052945 0.050670 -0.018500
v 0.049057 0.044520 -0.019224
v 0.051300 0.043589 -0.016809
v 0.050643 0.043862 -0.018516
v 0.045989 0.038272 -0.019244
v 0.048091 0.037055 -0.016830
v 0.047475 0.037412 -0.018536
v 0.042133 0.032478 -0.019266
v 0.044058 0.030997 -0.016853
v 0.043494 0.031431 -0.018559
v 0.037556 0.027238 -0.019289
v 0.039271 0.025518 -0.016877
v 0.038769 0.026022 -0.018583
v 0.032335 0.022642 -0.019311
v 0.033812 0.020712 -0.016900
v 0.033379 0.021277 -0.018606
v 0.026559 0.018769 -0.019332
v 0.027772 0.016662 -0.016921
v 0.027417 0.017279 -0.018626
v 0.020329 0.015685 -0.019348
v 0.021257 0.013438 -0.016939
v 0.020985 0.014096 -0.018644
v 0.013749 0.013444 -0.019361
v 0.014377 0.011095 -0.016952
v 0.014193 0.011783 -0.018656
v 0.006934 0.012083 -0.019368
v 0.007251 0.009673 -0.016960
v 0.007158 0.010379 -0.018664
v 0.000000 0.011627 -0.019371
v 0.000000 0.009196 -0.016962
v 0.000000 0.009908 -0.018667
v -0.006934 0.012083 -0.019368
v -0.007251 0.009673 -0.016960
v -0.007158 0.010379 -0.018664
v -0.013749 0.013444 -0.019361
v -0.014377 0.011095 -0.016952
v -0.014193 0.011783 -0.018656
v -0.020329 0.015685 -0.019348
v -0.021257 0.013438 -0.016939
v -0.020985 0.014096 -0.018644
v -0.026559 0.018769 -0.019332
v -0.027772 0.016662 -0.016921
v -0.027417 0.017279 -0.018626
v -0.032335 0.022642 -0.019312
v -0.033812 0.020712 -0.016900
v -0.033379 0.021277 -0.018606
v -0.037556 0.027238 -0.019289
v -0.039271 0.025518 -0.016877
v -0.038769 0.026022 -0.018583
v -0.042133 0.032478 -0.019266
v -0.044058 0.030997 -0.016853
v -0.043494 0.031431 -0.018559
v -0.045989 0.038272 -0.019244
v -0.048091 0.037055 -0.016830
v -0.047475 0.037412 -0.018536
v -0.049057 0.044520 -0.019224
v -0.051300 0.043589 -0.016809
v -0.050643 0.043862 -0.018516
v -0.051287 0.051116 -0.019209
v -0.053631 0.050486 -0.016793
v -0.052945 0.050670 -0.018500
v -0.052639 0.057946 -0.019199
v -0.055046 0.057628 -0.016782
v -0.054341 0.057721 -0.018489
v -0.053093 0.064894 -0.019195
v -0.055521 0.064894 -0.016779
v -0.054810 0.064894 -0.018486
v -0.052639 0.071843 -0.019199
v -0.055046 0.072161 -0.016782
v -0.054341 0.072068 -0.018489
v -0.051287 0.078673 -0.019209
v -0.053631 0.079303 -0.016793
v -0.052945 0.079119 -0.018500
v -0.049057 0.085269 -0.019224
v -0.051300 0.086200 -0.016809
v -0.050643 0.085927 -0.018516
v -0.045989 0.091517 -0.019244
v -0.048091 0.092734 -0.016830
v -0.047475 0.092377 -0.018536
v -0.042133 0.097311 -0.019266
v -0.044058 0.098792 -0.016853
v -0.043494 0.098358 -0.018559
v -0.037556 0.102551 -0.019289
v -0.039271 0.104271 -0.016877
v -0.038769 0.103767 -0.018583
v -0.032335 0.107147 -0.019312
v -0.033812 0.109077 -0.016900
v -0.033379 0.108511 -0.018606
v -0.026559 0.111020 -0.019332
v -0.027772 0.113126 -0.016921
v -0.027417 0.112510 -0.018626
v -0.020329 0.114104 -0.019348
v -0.021257 0.116351 -0.016939
v -0.020985 0.115693 -0.018644
v -0.013749 0.116345 -0.019361
v -0.014377 0.118694 -0.016952
v -0.014193 0.118006 -0.018656
v -0.006934 0.117706 -0.019368
v -0.007251 0.120116 -0.016960
v -0.007158 0.119410 -0.018664
v 0.000000 0.118162 -0.019371
v 0.000000 0.120593 -0.016962
v 0.000000 0.119881 -0.018667
v 0.006934 0.117706 -0.019368
v 0.007251 0.120116 -0.016960
v 0.007158 0.119410 -0.018664
v 0.013749 0.116345 -0.019361
v 0.014377 0.118694 -0.016952
v 0.014193 0.118006 -0.018656
v 0.020329 0.114104 -0.019348
v 0.021257 0.116351 -0.016939
v 0.020985 0.115693 -0.018644
v 0.026559 0.111020 -0.019332
v 0.027772 0.113126 -0.016921
v 0.027417 0.112509 -0.018626
v 0.032335 0.107147 -0.019312
v 0.033812 0.109077 -0.016900
v 0.033379 0.108511 -0.018606
v 0.037556 0.102551 -0.019289
v 0.039271 0.104271 -0.016877
v 0.038769 0.103767 -0.018583
v 0.042133 0.097311 -0.019266
v 0.044058 0.098792 -0.016853
v 0.043494 0.098358 -0.018559
v 0.045989 0.091517 -0.019244
v 0.048091 0.092734 -0.016830
v 0.047475 0.092377 -0.018536
v 0.049057 0.085269 -0.019224
v 0.051300 0.086200 -0.016809
v 0.050643 0.085927 -0.018516
v 0.051287 0.078673 -0.019209
v 0.053631 0.079303 -0.016793
v 0.052945 0.079119 -0.018500
v 0.052639 0.071843 -0.019199
v 0.055046 0.072161 -0.016782
v 0.054341 0.072067 -0.018489
v 0.044529 0.109542 -0.011616
v 0.049956 0.103329 -0.011588
v -0.024102 0.006550 -0.011686
v -0.031490 0.010206 -0.011666
v -0.054528 0.096460 -0.011561
v -0.049956 0.103330 -0.011588
v 0.062415 0.056655 -0.011507
v 0.060811 0.048557 -0.011519
v 0.038338 0.114991 -0.011642
v -0.016301 0.003893 -0.011701
v -0.058167 0.089052 -0.011538
v 0.062953 0.064894 -0.011503
v 0.031490 0.119583 -0.011666
v -0.008221 0.002280 -0.011710
v -0.060811 0.081232 -0.011519
v 0.024102 0.123239 -0.011686
v 0.000000 0.001740 -0.011713
v -0.062415 0.073133 -0.011507
v 0.016301 0.125896 -0.011701
v 0.008221 0.002280 -0.011710
v -0.062953 0.064894 -0.011503
v 0.008221 0.127509 -0.011710
v 0.016301 0.003893 -0.011701
v -0.062415 0.056655 -0.011507
v 0.000000 0.128049 -0.011713
v 0.024102 0.006550 -0.011686
v -0.060811 0.048557 -0.011519
v -0.008221 0.127509 -0.011710
v 0.031490 0.010206 -0.011666
v -0.058167 0.040737 -0.011538
v -0.016301 0.125896 -0.011701
v 0.038338 0.014798 -0.011642
v 0.062415 0.073133 -0.011507
v -0.054528 0.033329 -0.011561
v -0.024102 0.123239 -0.011686
v 0.044528 0.020247 -0.011616
v 0.060811 0.081232 -0.011519
v -0.049956 0.026459 -0.011588
v -0.031490 0.119583 -0.011666
v 0.049956 0.026459 -0.011588
v 0.058167 0.089052 -0.011538
v -0.044528 0.020247 -0.011616
v -0.038338 0.114991 -0.011642
v 0.054528 0.033329 -0.011561
v 0.054528 0.096460 -0.011561
v -0.038338 0.014798 -0.011642
v -0.044529 0.109542 -0.011616
v 0.058167 0.040737 -0.011538
v 0.044619 0.109633 -0.010782
v 0.050058 0.103408 -0.010754
v -0.024151 0.006431 -0.010853
v -0.031554 0.010094 -0.010833
v -0.054639 0.096525 -0.010728
v -0.050058 0.103408 -0.010754
v 0.062542 0.056639 -0.010673
v 0.060935 0.048524 -0.010685
v 0.038416 0.115093 -0.010809
v -0.016335 0.003769 -0.010868
v -0.058286 0.089101 -0.010704
v 0.063081 0.064894 -0.010669
v 0.031554 0.119694 -0.010833
v -0.008238 0.002153 -0.010877
v -0.060935 0.081265 -0.010685
v 0.024151 0.123358 -0.010853
v 0.000000 0.001611 -0.010880
v -0.062542 0.073150 -0.010673
v 0.016335 0.126020 -0.010868
v 0.008238 0.002153 -0.010877
v -0.063081 0.064894 -0.010669
v 0.008238 0.127636 -0.010877
v 0.016335 0.003769 -0.010868
v -0.062542 0.056639 -0.010673
v 0.000000 0.128178 -0.010880
v 0.024151 0.006431 -0.010853
v -0.060935 0.048524 -0.010685
v -0.008238 0.127636 -0.010877
v 0.031554 0.010094 -0.010833
v -0.058286 0.040687 -0.010704
v -0.016335 0.126020 -0.010868
v 0.038416 0.014696 -0.010809
v 0.062542 0.073150 -0.010673
v -0.054639 0.033264 -0.010728
v -0.024151 0.123358 -0.010853
v 0.044619 0.020156 -0.010782
v 0.060935 0.081265 -0.010685
v -0.050058 0.026381 -0.010754
v -0.031554 0.119695 -0.010833
v 0.050058 0.026381 -0.010754
v 0.058286 0.089101 -0.010704
v -0.044619 0.020156 -0.010782
v -0.038416 0.115093 -0.010809
v 0.054639 0.033264 -0.010728
v 0.054639 0.096525 -0.010728
v -0.038416 0.014696 -0.010809
v -0.044619 0.109633 -0.010782
v 0.058286 0.040687 -0.010704
v 0.044885 0.109900 -0.010782
v 0.050356 0.103637 -0.010754
v -0.024295 0.006083 -0.010853
v -0.031742 0.009768 -0.010833
v -0.054965 0.096713 -0.010728
v -0.050356 0.103637 -0.010754
v 0.062915 0.056590 -0.010673
v 0.061298 0.048426 -0.010685
v 0.038645 0.115392 -0.010809
v -0.016432 0.003405 -0.010868
v -0.058633 0.089246 -0.010704
v 0.063457 0.064894 -0.010669
v 0.031742 0.120021 -0.010833
v -0.008287 0.001779 -0.010877
v -0.061298 0.081363 -0.010685
v 0.024295 0.123706 -0.010853
v 0.000000 0.001234 -0.010880
v -0.062915 0.073199 -0.010673
v 0.016432 0.126384 -0.010868
v 0.008287 0.001779 -0.010877
v -0.063457 0.064894 -0.010669
v 0.008287 0.128010 -0.010877
v 0.016432 0.003405 -0.010868
v -0.062915 0.056589 -0.010673
v 0.000000 0.128555 -0.010880
v 0.024295 0.006083 -0.010853
v -0.061298 0.048426 -0.010685
v -0.008287 0.128010 -0.010877
v 0.031742 0.009768 -0.010833
v -0.058633 0.040543 -0.010704
v -0.016432 0.126384 -0.010868
v 0.038645 0.014397 -0.010809
v 0.062915 0.073199 -0.010673
v -0.054965 0.033076 -0.010728
v -0.024295 0.123706 -0.010853
v 0.044885 0.019889 -0.010782
v 0.061298 0.081363 -0.010685
v -0.050356 0.026152 -0.010754
v -0.031742 0.120021 -0.010833
v 0.050356 0.026152 -0.010754
v 0.058633 0.089245 -0.010704
v -0.044885 0.019889 -0.010782
v -0.038645 0.115392 -0.010809
v 0.054965 0.033076 -0.010728
v 0.054965 0.096713 -0.010728
v -0.038645 0.014397 -0.010809
v -0.044885 0.109900 -0.010782
v 0.058633 0.040543 -0.010704
v 0.044885 0.109900 -0.010115
v 0.050356 0.103637 -0.010088
v -0.024295 0.006083 -0.010186
v -0.031742 0.009768 -0.010166
v -0.054965 0.096713 -0.010061
v -0.050356 0.103637 -0.010088
v 0.062915 0.056590 -0.010007
v 0.061298 0.048426 -0.010019
v 0.038645 0.115392 -0.010142
v -0.016432 0.003405 -0.010201
v -0.058633 0.089246 -0.010037
v 0.063457 0.064894 -0.010003
v 0.031742 0.120021 -0.010166
v -0.008287 0.001779 -0.010210
v -0.061298 0.081363 -0.010019
v 0.024295 0.123706 -0.010186
v 0.000000 0.001234 -0.010213
v -0.062915 0.073199 -0.010007
v 0.016432 0.126384 -0.010201
v 0.008287 0.001779 -0.010210
v -0.063457 0.064894 -0.010003
v 0.008287 0.128010 -0.010210
v 0.016432 0.003405 -0.010201
v -0.062915 0.056589 -0.010007
v 0.000000 0.128555 -0.010213
v 0.024295 0.006083 -0.010186
v -0.061298 0.048426 -0.010019
v -0.008287 0.128010 -0.010210
v 0.031742 0.009768 -0.010166
v -0.058633 0.040543 -0.010037
v -0.016432 0.126384 -0.010201
v 0.038645 0.014397 -0.010142
v 0.062915 0.073199 -0.010007
v -0.054965 0.033076 -0.010061
v -0.024295 0.123706 -0.010186
v 0.044885 0.019889 -0.010115
v 0.061298 0.081363 -0.010019
v -0.050356 0.026152 -0.010088
v -0.031742 0.120021 -0.010166
v 0.050356 0.026152 -0.010088
v 0.058633 0.089245 -0.010037
v -0.044885 0.019889 -0.010115
v -0.038645 0.115392 -0.010142
v 0.054965 0.033076 -0.010061
v 0.054965 0.096713 -0.010061
v -0.038645 0.014397 -0.010142
v -0.044885 0.109900 -0.010115
v 0.058633 0.040543 -0.010037
v 0.000000 0.060455 -0.019201
v -0.025761 0.024577 -0.019309
v 0.008618 0.021818 -0.019323
v -0.026976 0.056331 -0.019205
v 0.007724 0.021302 -0.019326
v 0.022852 0.060455 -0.019202
v -0.007724 0.021302 -0.019326
v -0.026655 0.025911 -0.019302
v 0.008240 0.021440 -0.019325
v -0.026907 0.026719 -0.019298
v -0.022852 0.060455 -0.019200
v 0.026977 0.027502 -0.019293
v -0.026977 0.027502 -0.019293
v 0.000000 0.060455 -0.018199
v 0.026976 0.056331 -0.019204
v 0.026655 0.025911 -0.019302
v 0.022852 0.023362 -0.019314
v 0.026907 0.026719 -0.019297
v -0.008618 0.021818 -0.019323
v -0.024414 0.060140 -0.019200
v 0.024414 0.023677 -0.019313
v -0.008240 0.021440 -0.019325
v 0.025761 0.024577 -0.019308
v -0.025761 0.059240 -0.019201
v -0.022852 0.023362 -0.019315
v -0.009789 0.023366 -0.019315
v 0.009789 0.023366 -0.019315
v -0.026661 0.057892 -0.019203
v 0.009273 0.023228 -0.019316
v 0.025761 0.059240 -0.019202
v 0.024414 0.060140 -0.019202
v 0.026661 0.057892 -0.019203
v 0.008895 0.022850 -0.019318
v -0.009273 0.023228 -0.019316
v -0.024414 0.023677 -0.019313
v -0.008895 0.022850 -0.019318
v 0.019266 0.028889 -0.018199
v 0.019934 0.029886 -0.018199
v 0.020123 0.030490 -0.018199
v 0.020175 0.031075 -0.018199
v 0.017090 0.055720 -0.018199
v 0.018258 0.055484 -0.018199
v 0.019266 0.054811 -0.018199
v 0.019939 0.053804 -0.018199
v 0.020174 0.052636 -0.018199
v -0.017090 0.027983 -0.018199
v -0.018258 0.028215 -0.018199
v -0.019266 0.028889 -0.018199
v -0.019934 0.029886 -0.018199
v -0.020123 0.030490 -0.018199
v -0.020175 0.031075 -0.018199
v -0.018258 0.055484 -0.018199
v -0.017090 0.055720 -0.018199
v -0.019266 0.054811 -0.018199
v -0.019939 0.053804 -0.018199
v -0.020174 0.052636 -0.018199
v 0.000000 0.027983 -0.018199
v 0.000000 0.055720 -0.018199
vn 0.5222 -0.7187 -0.4590
vn 0.5878 -0.8090 -0.0000
vn -0.0000 -1.0000 -0.0000
vn -0.0000 -0.8884 -0.4590
vn -0.8449 -0.2745 -0.4590
vn -0.9511 -0.3090 -0.0000
vn -0.9511 0.3090 -0.0000
vn -0.8449 0.2745 -0.4590
vn -0.5878 0.8090 -0.0000
vn -0.5222 0.7187 -0.4590
vn -0.0000 1.0000 -0.0000
vn -0.0000 0.8884 -0.4590
vn 0.5878 0.8090 -0.0000
vn 0.5222 0.7187 -0.4590
vn 0.9511 0.3090 -0.0000
vn 0.8449 0.2745 -0.4590
vn 0.9511 -0.3090 -0.0000
vn 0.8449 -0.2745 -0.4590
vn -0.2106 0.0684 -0.9752
vn -0.1301 0.1791 -0.9752
vn -0.0000 -0.0000 -1.0000
vn -0.5222 -0.7187 -0.4590
vn -0.5878 -0.8090 -0.0000
vn -0.1301 -0.1791 -0.9752
vn -0.0000 -0.2214 -0.9752
vn -0.2106 -0.0684 -0.9752
vn -0.0000 0.2214 -0.9752
vn 0.1301 0.1791 -0.9752
vn 0.2106 0.0684 -0.9752
vn 0.2106 -0.0684 -0.9752
vn 0.1301 -0.1791 -0.9752
vn 0.3613 0.8116 -0.4590
vn 0.4067 0.9135 -0.0000
vn 0.8660 0.5000 -0.0000
vn 0.7694 0.4442 -0.4590
vn 0.6602 -0.5945 -0.4590
vn 0.7431 -0.6691 -0.0000
vn 0.2079 -0.9781 -0.0000
vn 0.1847 -0.8690 -0.4590
vn -0.4067 -0.9135 -0.0000
vn -0.3614 -0.8116 -0.4590
vn -0.8660 -0.5000 -0.0000
vn -0.7694 -0.4442 -0.4590
vn -0.9945 0.1045 -0.0000
vn -0.8835 0.0929 -0.4590
vn -0.7431 0.6691 -0.0000
vn -0.6602 0.5945 -0.4590
vn -0.2079 0.9781 -0.0000
vn -0.1847 0.8690 -0.4590
vn 0.0460 -0.2165 -0.9752
vn -0.0900 -0.2022 -0.9752
vn 0.8835 -0.0929 -0.4590
vn 0.9945 -0.1045 -0.0000
vn 0.2202 -0.0231 -0.9752
vn 0.1917 0.1107 -0.9752
vn 0.1645 -0.1481 -0.9752
vn -0.1917 -0.1107 -0.9752
vn -0.2202 0.0231 -0.9752
vn -0.1645 0.1481 -0.9752
vn -0.0460 0.2165 -0.9752
vn 0.0900 0.2022 -0.9752
vn -0.8835 -0.0929 -0.4590
vn -0.9945 -0.1045 -0.0000
vn -0.8660 0.5000 -0.0000
vn -0.7694 0.4442 -0.4590
vn 0.1847 0.8690 -0.4590
vn 0.2079 0.9781 -0.0000
vn 0.7431 0.6691 -0.0000
vn 0.6602 0.5945 -0.4590
vn 0.9945 0.1045 -0.0000
vn 0.8835 0.0929 -0.4590
vn 0.8660 -0.5000 -0.0000
vn 0.7694 -0.4442 -0.4590
vn 0.4067 -0.9135 -0.0000
vn 0.3614 -0.8116 -0.4590
vn -0.2079 -0.9781 -0.0000
vn -0.1847 -0.8690 -0.4590
vn -0.7431 -0.6691 -0.0000
vn -0.6602 -0.5945 -0.4590
vn 0.1645 0.1481 -0.9752
vn 0.2202 0.0231 -0.9752
vn -0.3614 0.8116 -0.4590
vn -0.4067 0.9135 -0.0000
vn -0.0900 0.2022 -0.9752
vn -0.1917 0.1107 -0.9752
vn 0.0460 0.2165 -0.9752
vn 0.1917 -0.1107 -0.9752
vn 0.0901 -0.2022 -0.9752
vn -0.0460 -0.2165 -0.9752
vn -0.1645 -0.1481 -0.9752
vn -0.2202 -0.0231 -0.9752
vn 0.8362 -0.0000 0.5485
vn 0.9781 -0.0000 0.2083
vn 0.9697 0.1277 0.2083
vn 0.8290 0.1091 0.5485
vn 0.8077 -0.2164 0.5485
vn 0.9447 -0.2531 0.2083
vn 0.9697 -0.1277 0.2083
vn 0.8290 -0.1091 0.5485
vn 0.7725 -0.3200 0.5485
vn 0.9036 -0.3743 0.2083
vn 0.7242 -0.4181 0.5485
vn 0.8470 -0.4890 0.2083
vn 0.6634 -0.5090 0.5485
vn 0.7760 -0.5954 0.2083
vn 0.5912 -0.5912 0.5485
vn 0.6916 -0.6916 0.2083
vn 0.5090 -0.6634 0.5485
vn 0.5954 -0.7760 0.2083
vn 0.4181 -0.7242 0.5485
vn 0.4890 -0.8470 0.2083
vn 0.3200 -0.7725 0.5485
vn 0.3743 -0.9036 0.2083
vn 0.2164 -0.8077 0.5485
vn 0.2531 -0.9447 0.2083
vn 0.1091 -0.8290 0.5485
vn 0.1277 -0.9697 0.2083
vn -0.0000 -0.8362 0.5485
vn -0.0000 -0.9781 0.2083
vn -0.1091 -0.8290 0.5485
vn -0.1277 -0.9697 0.2083
vn -0.2164 -0.8077 0.5485
vn -0.2531 -0.9447 0.2083
vn -0.3200 -0.7725 0.5485
vn -0.3743 -0.9036 0.2083
vn -0.4181 -0.7241 0.5485
vn -0.4890 -0.8470 0.2083
vn -0.5090 -0.6634 0.5485
vn -0.5954 -0.7760 0.2083
vn -0.5912 -0.5912 0.5485
vn -0.6916 -0.6916 0.2083
vn -0.6634 -0.5090 0.5485
vn -0.7760 -0.5954 0.2083
vn -0.7242 -0.4181 0.5485
vn -0.8470 -0.4890 0.2083
vn -0.7725 -0.3200 0.5485
vn -0.9036 -0.3743 0.2083
vn -0.8077 -0.2164 0.5485
vn -0.9447 -0.2531 0.2083
vn -0.8290 -0.1091 0.5485
vn -0.9697 -0.1277 0.2083
vn -0.8290 0.1091 0.5485
vn -0.9697 0.1277 0.2083
vn -0.9781 -0.0000 0.2083
vn -0.8362 -0.0000 0.5485
vn -0.8077 0.2164 0.5485
vn -0.9447 0.2531 0.2084
vn -0.7725 0.3200 0.5485
vn -0.9036 0.3743 0.2083
vn -0.7242 0.4181 0.5485
vn -0.8470 0.4890 0.2083
vn -0.6634 0.5090 0.5485
vn -0.7760 0.5954 0.2083
vn -0.5913 0.5913 0.5485
vn -0.6916 0.6916 0.2083
vn -0.5090 0.6634 0.5485
vn -0.5954 0.7760 0.2083
vn -0.4181 0.7241 0.5485
vn -0.4890 0.8470 0.2083
vn -0.3200 0.7725 0.5485
vn -0.3743 0.9036 0.2083
vn -0.2164 0.8077 0.5485
vn -0.2531 0.9447 0.2083
vn -0.1091 0.8290 0.5485
vn -0.1277 0.9697 0.2083
vn -0.0000 0.8362 0.5485
vn -0.0000 0.9781 0.2083
vn 0.1091 0.8290 0.5485
vn 0.1277 0.9697 0.2083
vn 0.2164 0.8077 0.5485
vn 0.2531 0.9447 0.2083
vn 0.3200 0.7725 0.5485
vn 0.3743 0.9036 0.2083
vn 0.4181 0.7242 0.5485
vn 0.4890 0.8470 0.2083
vn 0.5090 0.6634 0.5485
vn 0.5954 0.7759 0.2083
vn 0.5913 0.5913 0.5485
vn 0.6916 0.6916 0.2083
vn 0.6634 0.5090 0.5485
vn 0.7759 0.5954 0.2084
vn 0.7241 0.4181 0.5485
vn 0.8470 0.4890 0.2083
vn 0.7725 0.3200 0.5485
vn 0.9036 0.3743 0.2083
vn -0.4999 0.8658 0.0226
vn -0.6086 0.7932 0.0226
vn -0.6088 0.7934 -0.0000
vn -0.5000 0.8660 -0.0000
vn 0.8077 0.2164 0.5485
vn 0.9447 0.2531 0.2083
vn 0.9832 -0.1295 -0.1289
vn 0.7744 -0.1020 -0.6244
vn 0.7811 -0.0000 -0.6244
vn 0.9917 -0.0000 -0.1289
vn 0.9579 -0.2567 -0.1289
vn 0.7545 -0.2022 -0.6244
vn 0.9162 -0.3795 -0.1289
vn 0.7216 -0.2989 -0.6244
vn 0.8588 -0.4958 -0.1289
vn 0.6764 -0.3905 -0.6244
vn 0.7867 -0.6037 -0.1289
vn 0.6197 -0.4755 -0.6244
vn 0.7011 -0.7013 -0.1289
vn 0.5523 -0.5523 -0.6244
vn 0.6037 -0.7867 -0.1289
vn 0.4755 -0.6197 -0.6244
vn 0.4959 -0.8588 -0.1289
vn 0.3905 -0.6765 -0.6244
vn 0.3795 -0.9162 -0.1289
vn 0.2989 -0.7216 -0.6244
vn 0.2567 -0.9579 -0.1289
vn 0.2022 -0.7545 -0.6244
vn 0.1294 -0.9832 -0.1289
vn 0.1020 -0.7744 -0.6244
vn 0.0001 -0.9917 -0.1289
vn -0.0000 -0.7811 -0.6244
vn -0.1295 -0.9832 -0.1289
vn -0.1020 -0.7744 -0.6244
vn -0.2567 -0.9579 -0.1289
vn -0.2022 -0.7545 -0.6244
vn -0.3795 -0.9162 -0.1289
vn -0.2989 -0.7216 -0.6244
vn -0.4958 -0.8588 -0.1289
vn -0.3905 -0.6765 -0.6244
vn -0.6037 -0.7867 -0.1289
vn -0.4755 -0.6197 -0.6244
vn -0.7012 -0.7012 -0.1289
vn -0.5523 -0.5523 -0.6244
vn -0.7867 -0.6037 -0.1289
vn -0.6197 -0.4755 -0.6244
vn -0.8588 -0.4958 -0.1289
vn -0.6764 -0.3905 -0.6244
vn -0.9162 -0.3795 -0.1289
vn -0.7216 -0.2989 -0.6244
vn -0.9579 -0.2566 -0.1289
vn -0.7545 -0.2022 -0.6244
vn -0.9832 -0.1295 -0.1289
vn -0.7744 -0.1020 -0.6244
vn -0.9917 -0.0000 -0.1289
vn -0.7811 -0.0000 -0.6244
vn -0.9832 0.1295 -0.1289
vn -0.7744 0.1020 -0.6244
vn -0.9579 0.2567 -0.1289
vn -0.7545 0.2022 -0.6244
vn -0.9162 0.3795 -0.1289
vn -0.7216 0.2989 -0.6244
vn -0.8588 0.4958 -0.1289
vn -0.6765 0.3905 -0.6244
vn -0.7867 0.6037 -0.1289
vn -0.6197 0.4755 -0.6244
vn -0.7012 0.7012 -0.1289
vn -0.5523 0.5523 -0.6244
vn -0.6037 0.7867 -0.1289
vn -0.4755 0.6197 -0.6244
vn -0.4959 0.8588 -0.1289
vn -0.3905 0.6765 -0.6244
vn -0.3795 0.9162 -0.1289
vn -0.2989 0.7216 -0.6244
vn -0.2566 0.9579 -0.1289
vn -0.2022 0.7545 -0.6244
vn -0.1294 0.9832 -0.1289
vn -0.1020 0.7744 -0.6244
vn -0.0000 0.9917 -0.1289
vn -0.0000 0.7811 -0.6244
vn 0.1295 0.9832 -0.1289
vn 0.1020 0.7744 -0.6244
vn 0.2567 0.9579 -0.1289
vn 0.2022 0.7545 -0.6244
vn 0.3795 0.9162 -0.1289
vn 0.2989 0.7216 -0.6244
vn 0.4958 0.8588 -0.1289
vn 0.3906 0.6765 -0.6244
vn 0.6038 0.7867 -0.1289
vn 0.4755 0.6197 -0.6244
vn 0.7012 0.7012 -0.1289
vn 0.5523 0.5523 -0.6244
vn 0.7867 0.6037 -0.1289
vn 0.6197 0.4755 -0.6244
vn 0.8588 0.4959 -0.1289
vn 0.6764 0.3905 -0.6244
vn 0.9162 0.3795 -0.1289
vn 0.7216 0.2989 -0.6244
vn 0.9579 0.2566 -0.1289
vn 0.7545 0.2022 -0.6244
vn 0.9832 0.1294 -0.1289
vn 0.7744 0.1020 -0.6244
vn -0.9912 0.1305 0.0226
vn -0.9680 0.1274 0.2161
vn -0.9764 -0.0000 0.2161
vn -0.9997 -0.0000 0.0226
vn -0.9912 -0.1305 0.0226
vn -0.9680 -0.1274 0.2161
vn -0.9431 -0.2527 0.2161
vn -0.9657 -0.2587 0.0226
vn -0.9020 -0.3736 0.2161
vn -0.9236 -0.3826 0.0226
vn -0.8456 -0.4882 0.2161
vn -0.8658 -0.4999 0.0226
vn -0.7746 -0.5944 0.2161
vn -0.7932 -0.6086 0.0226
vn -0.6904 -0.6904 0.2161
vn -0.7069 -0.7069 0.0226
vn -0.5944 -0.7746 0.2161
vn -0.6086 -0.7931 0.0226
vn -0.4882 -0.8456 0.2161
vn -0.4999 -0.8658 0.0226
vn -0.3736 -0.9020 0.2161
vn -0.3826 -0.9236 0.0226
vn -0.2527 -0.9431 0.2161
vn -0.2588 -0.9657 0.0226
vn -0.1274 -0.9680 0.2161
vn -0.1305 -0.9912 0.0226
vn -0.0000 -0.9764 0.2161
vn -0.0000 -0.9997 0.0226
vn 0.1274 -0.9680 0.2161
vn 0.1305 -0.9912 0.0226
vn 0.2527 -0.9431 0.2161
vn 0.2588 -0.9657 0.0226
vn 0.3736 -0.9020 0.2161
vn 0.3826 -0.9236 0.0226
vn 0.4882 -0.8456 0.2161
vn 0.4999 -0.8658 0.0226
vn 0.5944 -0.7746 0.2161
vn 0.6086 -0.7932 0.0226
vn 0.6904 -0.6904 0.2161
vn 0.7069 -0.7069 0.0226
vn 0.7746 -0.5944 0.2162
vn 0.7931 -0.6086 0.0226
vn 0.8456 -0.4882 0.2161
vn 0.8658 -0.4999 0.0226
vn 0.9020 -0.3736 0.2161
vn 0.9236 -0.3826 0.0226
vn 0.9431 -0.2527 0.2161
vn 0.9657 -0.2588 0.0226
vn 0.9680 -0.1274 0.2161
vn 0.9912 -0.1305 0.0226
vn 0.9764 -0.0000 0.2161
vn 0.9997 -0.0000 0.0226
vn 0.9680 0.1274 0.2161
vn 0.9912 0.1305 0.0226
vn 0.9431 0.2527 0.2161
vn 0.9657 0.2588 0.0226
vn 0.9020 0.3736 0.2161
vn 0.9236 0.3826 0.0226
vn 0.8456 0.4882 0.2161
vn 0.8658 0.4999 0.0226
vn 0.7746 0.5944 0.2161
vn 0.7932 0.6086 0.0226
vn 0.6904 0.6904 0.2161
vn 0.7069 0.7069 0.0226
vn 0.5944 0.7746 0.2161
vn 0.6086 0.7931 0.0226
vn 0.4882 0.8456 0.2161
vn 0.4999 0.8658 0.0226
vn 0.3736 0.9020 0.2161
vn 0.3826 0.9236 0.0226
vn 0.2527 0.9431 0.2161
vn 0.2588 0.9657 0.0226
vn 0.1274 0.9680 0.2161
vn 0.1305 0.9912 0.0226
vn -0.0000 0.9764 0.2161
vn -0.0000 0.9997 0.0226
vn -0.1274 0.9680 0.2161
vn -0.1305 0.9912 0.0226
vn -0.2527 0.9431 0.2161
vn -0.2588 0.9657 0.0226
vn -0.3736 0.9020 0.2161
vn -0.3826 0.9236 0.0226
vn -0.4882 0.8456 0.2161
vn -0.5944 0.7746 0.2161
vn -0.6904 0.6904 0.2161
vn -0.7069 0.7069 0.0226
vn -0.7746 0.5944 0.2161
vn -0.7931 0.6086 0.0226
vn -0.8456 0.4882 0.2161
vn -0.8658 0.4999 0.0226
vn -0.9020 0.3736 0.2161
vn -0.9236 0.3826 0.0226
vn -0.9431 0.2527 0.2161
vn -0.9657 0.2588 0.0226
vn -0.7579 0.0998 0.6447
vn -0.7644 -0.0000 0.6447
vn -0.7579 -0.0998 0.6447
vn -0.7384 0.1978 0.6447
vn -0.7062 0.2925 0.6447
vn 0.5848 -0.0770 0.8075
vn 0.5698 -0.1527 0.8075
vn -0.6620 0.3822 0.6447
vn 0.5450 -0.2257 0.8075
vn -0.6065 0.4653 0.6447
vn 0.5109 -0.2949 0.8075
vn -0.5405 0.5405 0.6447
vn 0.4680 -0.3591 0.8075
vn -0.4654 0.6065 0.6447
vn 0.4171 -0.4171 0.8075
vn -0.3822 0.6620 0.6447
vn 0.3591 -0.4680 0.8075
vn -0.2925 0.7062 0.6447
vn 0.2949 -0.5109 0.8075
vn -0.1979 0.7384 0.6447
vn 0.2257 -0.5450 0.8075
vn -0.0998 0.7579 0.6447
vn 0.1527 -0.5698 0.8075
vn -0.0000 0.7644 0.6447
vn 0.0770 -0.5848 0.8075
vn 0.0998 0.7579 0.6447
vn -0.0000 -0.5899 0.8075
vn 0.1978 0.7384 0.6447
vn -0.0770 -0.5848 0.8075
vn 0.2925 0.7062 0.6447
vn -0.1527 -0.5698 0.8075
vn 0.3822 0.6620 0.6447
vn -0.2257 -0.5450 0.8075
vn 0.4653 0.6065 0.6447
vn -0.2949 -0.5109 0.8075
vn 0.5405 0.5405 0.6447
vn -0.3591 -0.4680 0.8075
vn 0.6065 0.4654 0.6447
vn -0.4171 -0.4171 0.8075
vn 0.6620 0.3822 0.6447
vn -0.4680 -0.3591 0.8075
vn 0.7062 0.2925 0.6447
vn -0.5109 -0.2949 0.8075
vn 0.7384 0.1979 0.6447
vn -0.5450 -0.2257 0.8075
vn 0.7579 0.0998 0.6447
vn -0.5698 -0.1527 0.8075
vn 0.7644 -0.0000 0.6447
vn -0.5848 -0.0770 0.8075
vn 0.7579 -0.0998 0.6447
vn -0.5899 -0.0000 0.8075
vn 0.7384 -0.1978 0.6447
vn -0.5848 0.0770 0.8075
vn 0.7062 -0.2925 0.6447
vn -0.5698 0.1527 0.8075
vn 0.6620 -0.3822 0.6447
vn -0.5450 0.2257 0.8075
vn 0.6065 -0.4653 0.6447
vn -0.5109 0.2949 0.8075
vn 0.5405 -0.5405 0.6447
vn -0.4680 0.3591 0.8075
vn 0.4654 -0.6065 0.6447
vn -0.4171 0.4171 0.8075
vn 0.3822 -0.6620 0.6447
vn -0.3591 0.4680 0.8075
vn 0.2925 -0.7062 0.6447
vn -0.2949 0.5109 0.8075
vn 0.1979 -0.7384 0.6447
vn -0.2257 0.5450 0.8075
vn 0.0998 -0.7579 0.6447
vn -0.1527 0.5698 0.8075
vn -0.0000 -0.7644 0.6447
vn -0.0770 0.5848 0.8075
vn -0.0998 -0.7579 0.6447
vn -0.0000 0.5899 0.8075
vn -0.1978 -0.7384 0.6447
vn 0.0770 0.5848 0.8075
vn -0.2925 -0.7062 0.6447
vn 0.1527 0.5698 0.8075
vn -0.3822 -0.6620 0.6447
vn 0.2257 0.5450 0.8075
vn -0.4653 -0.6065 0.6447
vn 0.2949 0.5109 0.8075
vn -0.5405 -0.5405 0.6447
vn 0.3591 0.4680 0.8075
vn -0.6065 -0.4654 0.6447
vn 0.4171 0.4171 0.8075
vn -0.6620 -0.3822 0.6447
vn 0.4680 0.3591 0.8075
vn -0.7062 -0.2925 0.6447
vn 0.5109 0.2949 0.8075
vn -0.7384 -0.1979 0.6447
vn 0.5450 0.2257 0.8075
vn 0.5698 0.1527 0.8075
vn 0.5899 -0.0000 0.8075
vn 0.5848 0.0770 0.8075
vn 0.0207 -0.0027 0.9998
vn 0.0209 -0.0000 0.9998
vn 0.0202 -0.0054 0.9998
vn 0.0193 -0.0080 0.9998
vn 0.0181 -0.0105 0.9998
vn 0.0166 -0.0127 0.9998
vn 0.0148 -0.0148 0.9998
vn 0.0127 -0.0166 0.9998
vn 0.0105 -0.0181 0.9998
vn 0.0080 -0.0193 0.9998
vn 0.0054 -0.0202 0.9998
vn 0.0027 -0.0207 0.9998
vn -0.0000 -0.0209 0.9998
vn -0.0027 -0.0207 0.9998
vn -0.0054 -0.0202 0.9998
vn -0.0080 -0.0193 0.9998
vn -0.0105 -0.0181 0.9998
vn -0.0127 -0.0166 0.9998
vn -0.0148 -0.0148 0.9998
vn -0.0166 -0.0127 0.9998
vn -0.0181 -0.0105 0.9998
vn -0.0193 -0.0080 0.9998
vn -0.0202 -0.0054 0.9998
vn -0.0207 -0.0027 0.9998
vn -0.0209 -0.0000 0.9998
vn -0.0207 0.0027 0.9998
vn -0.0202 0.0054 0.9998
vn -0.0193 0.0080 0.9998
vn -0.0181 0.0105 0.9998
vn -0.0166 0.0127 0.9998
vn -0.0148 0.0148 0.9998
vn -0.0127 0.0166 0.9998
vn -0.0105 0.0181 0.9998
vn -0.0080 0.0193 0.9998
vn -0.0054 0.0202 0.9998
vn -0.0027 0.0207 0.9998
vn -0.0000 0.0209 0.9998
vn 0.0027 0.0207 0.9998
vn 0.0054 0.0202 0.9998
vn 0.0080 0.0193 0.9998
vn 0.0105 0.0181 0.9998
vn 0.0127 0.0166 0.9998
vn 0.0148 0.0148 0.9998
vn 0.0166 0.0127 0.9998
vn 0.0181 0.0105 0.9998
vn 0.0193 0.0080 0.9998
vn 0.0202 0.0054 0.9998
vn 0.0207 0.0027 0.9998
vn 0.2588 -0.9659 -0.0000
vn 0.1305 -0.9914 -0.0000
vn 0.9239 0.3827 -0.0000
vn 0.9659 0.2588 -0.0000
vn -0.3827 0.9239 -0.0000
vn 0.9914 0.1305 -0.0000
vn -0.2588 0.9659 -0.0000
vn -0.1305 -0.9914 -0.0000
vn 1.0000 -0.0000 -0.0000
vn -0.1305 0.9914 -0.0000
vn -0.2588 -0.9659 -0.0000
vn 0.9914 -0.1305 -0.0000
vn -0.3827 -0.9239 -0.0000
vn 0.9659 -0.2588 -0.0000
vn 0.1305 0.9914 -0.0000
vn -0.5000 -0.8660 -0.0000
vn 0.9239 -0.3827 -0.0000
vn 0.2588 0.9659 -0.0000
vn -0.6088 -0.7934 -0.0000
vn -1.0000 -0.0000 -0.0000
vn -0.9914 0.1305 -0.0000
vn 0.3827 0.9239 -0.0000
vn -0.7071 -0.7071 -0.0000
vn -0.9659 0.2588 -0.0000
vn 0.7934 -0.6088 -0.0000
vn 0.5000 0.8660 -0.0000
vn -0.7934 -0.6088 -0.0000
vn -0.9239 0.3827 -0.0000
vn 0.7071 -0.7071 -0.0000
vn 0.6088 0.7934 -0.0000
vn 0.6088 -0.7934 -0.0000
vn 0.7071 0.7071 -0.0000
vn -0.9239 -0.3827 -0.0000
vn -0.7934 0.6088 -0.0000
vn 0.5000 -0.8660 -0.0000
vn 0.7934 0.6088 -0.0000
vn -0.9659 -0.2588 -0.0000
vn -0.7071 0.7071 -0.0000
vn 0.3827 -0.9239 -0.0000
vn -0.9914 -0.1305 -0.0000
vn 0.9075 -0.3759 -0.1873
vn 0.9823 -0.0000 -0.1873
vn 0.6946 0.6946 -0.1873
vn 0.3759 0.9075 -0.1873
vn -0.0000 0.9823 -0.1873
vn -0.3759 0.9075 -0.1873
vn -0.6946 0.6946 -0.1873
vn -0.9075 0.3759 -0.1873
vn -0.9823 -0.0000 -0.1873
vn -0.9075 -0.3759 -0.1873
vn -0.6946 -0.6946 -0.1873
vn -0.3759 -0.9075 -0.1873
vn -0.0000 -0.9823 -0.1873
vn 0.3759 -0.9075 -0.1873
vn 0.6946 -0.6946 -0.1873
vn 0.9075 0.3759 -0.1873
vn 0.6991 -0.0000 -0.7150
vn 0.6459 0.2675 -0.7150
vn 0.1316 -0.0000 -0.9913
vn 0.1216 0.0504 -0.9913
vn 0.4944 0.4944 -0.7150
vn 0.0931 0.0931 -0.9913
vn 0.2675 0.6459 -0.7150
vn 0.0504 0.1216 -0.9913
vn -0.0000 0.6991 -0.7150
vn -0.0000 0.1316 -0.9913
vn -0.2675 0.6459 -0.7150
vn -0.0504 0.1216 -0.9913
vn -0.4944 0.4944 -0.7150
vn -0.0931 0.0931 -0.9913
vn -0.6459 0.2676 -0.7150
vn -0.1216 0.0504 -0.9913
vn -0.6991 -0.0000 -0.7150
vn -0.1316 -0.0000 -0.9913
vn -0.6459 -0.2676 -0.7150
vn -0.1216 -0.0504 -0.9913
vn -0.4944 -0.4944 -0.7150
vn -0.0931 -0.0931 -0.9913
vn -0.2675 -0.6459 -0.7150
vn -0.0504 -0.1216 -0.9913
vn -0.0000 -0.6991 -0.7150
vn -0.0000 -0.1316 -0.9913
vn 0.2675 -0.6459 -0.7150
vn 0.0504 -0.1216 -0.9913
vn 0.4944 -0.4944 -0.7149
vn 0.0931 -0.0931 -0.9913
vn 0.6460 -0.2676 -0.7149
vn 0.1216 -0.0504 -0.9913
vn -0.0000 -0.0000 1.0000
vn -0.6459 0.2675 -0.7150
vn 0.2676 0.6460 -0.7149
vn 0.4944 0.4944 -0.7149
vn 0.4944 -0.4944 -0.7150
vn -0.0000 -0.6992 -0.7149
vn -0.2676 -0.6460 -0.7149
vn -0.6459 -0.2675 -0.7150
vn 0.2058 0.1661 0.9644
vn 0.1978 0.1815 0.9633
vn -0.0330 0.0660 0.9973
vn -0.0253 0.0505 0.9984
vn -0.2638 -0.0495 0.9633
vn -0.2564 -0.0651 0.9644
vn 0.8372 0.4820 -0.2584
vn 0.8285 0.4970 -0.2581
vn 0.8589 0.5122 -0.0000
vn 0.8676 0.4972 -0.0000
vn -0.4717 -0.1728 0.8646
vn -0.4790 -0.1571 0.8637
vn -0.6637 -0.2495 0.7052
vn -0.6567 -0.2653 0.7060
vn -0.8054 -0.3204 0.4986
vn -0.7986 -0.3363 0.4992
vn 0.4212 0.2739 0.8646
vn 0.4129 0.2891 0.8637
vn -0.8878 -0.3809 0.2584
vn -0.8945 -0.3650 0.2581
vn -0.9249 -0.3802 -0.0000
vn -0.9182 -0.3962 -0.0000
vn -0.8945 -0.3650 -0.2581
vn -0.8878 -0.3809 -0.2584
vn -0.7986 -0.3363 -0.4992
vn -0.8054 -0.3204 -0.4986
vn -0.6637 -0.2495 -0.7052
vn -0.6567 -0.2653 -0.7060
vn -0.4790 -0.1571 -0.8637
vn -0.4717 -0.1728 -0.8646
vn -0.2564 -0.0651 -0.9644
vn -0.2638 -0.0495 -0.9633
vn -0.0330 0.0660 -0.9973
vn -0.0253 0.0505 -0.9984
vn 0.1978 0.1815 -0.9633
vn 0.2058 0.1661 -0.9644
vn 0.4212 0.2739 -0.8646
vn 0.4129 0.2891 -0.8637
vn 0.5977 0.3815 -0.7052
vn 0.6061 0.3664 -0.7060
vn 0.7394 0.4524 -0.4986
vn 0.7480 0.4374 -0.4992
vn 0.8285 0.4970 0.2581
vn 0.8372 0.4820 0.2584
vn 0.7394 0.4524 0.4986
vn 0.7480 0.4374 0.4992
vn -0.5064 0.8596 -0.0684
vn -0.5202 0.8527 -0.0483
vn -0.4356 0.9001 0.0075
vn -0.4378 0.8990 0.0107
vn 0.6061 0.3664 0.7060
vn 0.5977 0.3815 0.7052
vn -0.5202 0.8527 0.0483
vn -0.5064 0.8596 0.0684
vn -0.4378 0.8990 -0.0107
vn -0.4356 0.9001 -0.0076
vn -0.4021 0.9118 -0.0837
vn -0.4229 0.9013 -0.0934
vn -0.4508 0.8925 0.0146
vn -0.4541 0.8908 0.0131
vn -0.3842 0.9207 0.0684
vn -0.3704 0.9276 0.0483
vn -0.4591 0.8884 -0.0075
vn -0.4569 0.8894 -0.0107
vn -0.4885 0.8685 0.0837
vn -0.4677 0.8790 0.0934
vn -0.4439 0.8960 -0.0146
vn -0.4406 0.8976 -0.0131
vn -0.5288 0.8484 -0.0250
vn -0.5318 0.8469 -0.0000
vn -0.4338 0.9010 -0.0000
vn -0.4343 0.9008 0.0039
vn -0.3618 0.9319 0.0250
vn -0.3588 0.9334 -0.0000
vn -0.4609 0.8875 -0.0000
vn -0.4604 0.8877 -0.0039
vn -0.4453 0.8901 -0.0967
vn -0.4677 0.8790 -0.0934
vn -0.4438 0.8960 0.0146
vn -0.4473 0.8942 0.0151
vn -0.3618 0.9319 -0.0250
vn -0.3704 0.9276 -0.0483
vn -0.4590 0.8884 0.0076
vn -0.4604 0.8877 0.0039
vn -0.4453 0.8901 0.0967
vn -0.4229 0.9013 0.0934
vn -0.4509 0.8925 -0.0146
vn -0.4473 0.8942 -0.0151
vn -0.5288 0.8484 0.0250
vn -0.4343 0.9008 -0.0039
vn -0.4885 0.8685 -0.0838
vn -0.4406 0.8976 0.0131
vn -0.3842 0.9207 -0.0684
vn -0.4569 0.8895 0.0107
vn -0.4020 0.9118 0.0838
vn -0.4541 0.8908 -0.0131
vn -0.1640 0.7271 0.6667
vn -0.0151 0.8015 0.5978
vn -0.1304 0.8713 0.4732
vn -0.2482 0.8123 0.5278
vn 0.2109 0.9146 -0.3451
vn 0.1128 0.8655 -0.4881
vn -0.0291 0.9219 -0.3864
vn 0.0485 0.9607 -0.2732
vn -0.4835 0.5672 -0.6667
vn -0.6324 0.4927 -0.5978
vn -0.6190 0.6268 -0.4732
vn -0.5012 0.6857 -0.5278
vn -0.9410 0.3383 -0.0000
vn -0.9200 0.3488 0.1786
vn -0.8467 0.5129 0.1414
vn -0.8634 0.5046 -0.0000
vn -0.4835 0.5672 0.6667
vn -0.3237 0.6471 0.6902
vn -0.3747 0.7490 0.5464
vn -0.5012 0.6857 0.5278
vn 0.2109 0.9146 0.3451
vn 0.2725 0.9454 0.1786
vn 0.0973 0.9852 0.1414
vn 0.0485 0.9607 0.2732
vn 0.2936 0.9559 -0.0000
vn 0.2726 0.9454 -0.1786
vn 0.0973 0.9852 -0.1414
vn 0.1140 0.9935 -0.0000
vn -0.1640 0.7271 -0.6667
vn -0.3237 0.6471 -0.6902
vn -0.3747 0.7490 -0.5464
vn -0.2482 0.8123 -0.5278
vn -0.8583 0.3797 -0.3451
vn -0.9200 0.3488 -0.1786
vn -0.8467 0.5129 -0.1414
vn -0.7979 0.5373 -0.2732
vn -0.7602 0.4288 0.4881
vn -0.6324 0.4927 0.5978
vn -0.6204 0.6299 0.4672
vn -0.7171 0.5844 0.3798
vn 0.1128 0.8655 0.4881
vn -0.0291 0.9219 0.3864
vn -0.0151 0.8015 -0.5978
vn -0.1304 0.8713 -0.4732
vn -0.7602 0.4288 -0.4881
vn -0.7202 0.5762 -0.3864
vn -0.8583 0.3797 0.3451
vn -0.7941 0.5431 0.2730
vn -0.3290 0.8731 0.3597
vn -0.2487 0.9133 0.3225
vn -0.3359 0.9217 0.1940
vn -0.3842 0.8976 0.2163
vn -0.1268 0.9743 -0.1862
vn -0.1797 0.9478 -0.2633
vn -0.2944 0.9425 -0.1584
vn -0.2626 0.9584 -0.1120
vn -0.5014 0.7869 -0.3597
vn -0.5817 0.7467 -0.3225
vn -0.5362 0.8215 -0.1940
vn -0.4879 0.8457 -0.2163
vn -0.7482 0.6634 -0.0000
vn -0.7369 0.6691 0.0964
vn -0.6296 0.7748 0.0580
vn -0.6364 0.7713 -0.0000
vn -0.5014 0.7869 0.3597
vn -0.4152 0.8300 0.3724
vn -0.4360 0.8716 0.2241
vn -0.4879 0.8457 0.2163
vn -0.1268 0.9743 0.1862
vn -0.0935 0.9909 0.0964
vn -0.2425 0.9684 0.0580
vn -0.2625 0.9584 0.1120
vn -0.0822 0.9966 -0.0000
vn -0.0935 0.9909 -0.0964
vn -0.2425 0.9684 -0.0580
vn -0.2357 0.9718 -0.0000
vn -0.3290 0.8731 -0.3597
vn -0.4152 0.8300 -0.3724
vn -0.4360 0.8716 -0.2241
vn -0.3842 0.8975 -0.2164
vn -0.7036 0.6857 -0.1862
vn -0.7369 0.6691 -0.0964
vn -0.6295 0.7748 -0.0580
vn -0.6095 0.7848 -0.1120
vn -0.6507 0.7122 0.2633
vn -0.5877 0.7446 0.3166
vn -0.5422 0.8173 0.1949
vn -0.5837 0.7948 0.1664
vn -0.1797 0.9478 0.2633
vn -0.2943 0.9425 0.1585
vn -0.2487 0.9133 -0.3225
vn -0.3359 0.9217 -0.1940
vn -0.6507 0.7122 -0.2633
vn -0.5777 0.8007 -0.1584
vn -0.6987 0.6891 0.1925
vn -0.6099 0.7835 0.1193
vn 0.4175 0.8041 -0.4233
vn 0.4932 0.8419 -0.2191
vn 0.2972 0.7439 -0.5986
vn 0.1404 0.6654 -0.7331
vn -0.0422 0.5741 -0.8177
vn -0.2381 0.4760 -0.8466
vn -0.4341 0.3780 -0.8177
vn -0.6167 0.2867 -0.7331
vn -0.7735 0.2082 -0.5986
vn -0.8938 0.1480 -0.4233
vn -0.9695 0.1102 -0.2191
vn -0.9953 0.0973 -0.0000
vn -0.9695 0.1102 0.2191
vn -0.8938 0.1480 0.4233
vn -0.7735 0.2082 0.5986
vn -0.6167 0.2867 0.7331
vn -0.4341 0.3780 0.8177
vn -0.2381 0.4760 0.8466
vn -0.0422 0.5740 0.8177
vn 0.1404 0.6654 0.7331
vn 0.2972 0.7439 0.5986
vn 0.4176 0.8040 0.4233
vn 0.4932 0.8419 0.2191
vn 0.5190 0.8548 -0.0000
vn 0.7350 0.6780 -0.0000
vn 0.7058 0.6634 -0.2487
vn 0.6199 0.6204 -0.4804
vn 0.4834 0.5521 -0.6793
vn 0.3054 0.4631 -0.8320
vn 0.0982 0.3595 -0.9280
vn -0.1242 0.2482 -0.9607
vn -0.3465 0.1370 -0.9280
vn -0.5538 0.0333 -0.8320
vn -0.7317 -0.0557 -0.6793
vn -0.8683 -0.1240 -0.4804
vn -0.9541 -0.1670 -0.2487
vn -0.9834 -0.1816 -0.0000
vn -0.9541 -0.1670 0.2487
vn -0.8683 -0.1240 0.4804
vn -0.7317 -0.0557 0.6793
vn -0.5538 0.0333 0.8320
vn -0.3465 0.1370 0.9280
vn -0.1242 0.2482 0.9607
vn 0.0982 0.3595 0.9280
vn 0.3054 0.4631 0.8320
vn 0.4834 0.5521 0.6793
vn 0.6199 0.6204 0.4804
vn 0.7058 0.6634 0.2487
vn -0.5052 -0.5235 0.6861
vn -0.6431 -0.5925 0.4851
vn -0.1507 -0.9355 0.3195
vn -0.0599 -0.8901 0.4518
vn -0.2272 -0.9738 -0.0000
vn -0.7593 -0.6507 -0.0000
vn -0.7298 -0.6359 -0.2511
vn -0.2078 -0.9641 -0.1654
vn -0.6431 -0.5925 -0.4851
vn -0.1507 -0.9355 -0.3195
vn -0.5052 -0.5235 -0.6861
vn -0.0599 -0.8901 -0.4518
vn -0.3255 -0.4337 -0.8402
vn 0.0585 -0.8309 -0.5533
vn -0.1162 -0.3289 -0.9372
vn 0.1963 -0.7620 -0.6171
vn 0.1083 -0.2166 -0.9702
vn 0.3442 -0.6880 -0.6389
vn 0.3329 -0.1042 -0.9372
vn 0.4921 -0.6140 -0.6171
vn 0.5422 0.0005 -0.8402
vn 0.6299 -0.5451 -0.5533
vn 0.7219 0.0904 -0.6861
vn 0.7482 -0.4859 -0.4518
vn 0.8598 0.1593 -0.4851
vn 0.8390 -0.4404 -0.3195
vn 0.9465 0.2027 -0.2511
vn 0.8961 -0.4119 -0.1654
vn 0.9761 0.2175 -0.0000
vn 0.9156 -0.4021 -0.0000
vn 0.9465 0.2027 0.2511
vn 0.8961 -0.4119 0.1654
vn 0.8598 0.1593 0.4851
vn 0.8390 -0.4404 0.3195
vn 0.7219 0.0904 0.6861
vn 0.7482 -0.4859 0.4518
vn 0.5422 0.0004 0.8402
vn 0.6299 -0.5451 0.5533
vn 0.3329 -0.1043 0.9372
vn 0.4921 -0.6140 0.6171
vn 0.1083 -0.2166 0.9702
vn 0.3442 -0.6880 0.6389
vn -0.1162 -0.3289 0.9372
vn 0.1963 -0.7620 0.6171
vn -0.3255 -0.4336 0.8402
vn 0.0585 -0.8309 0.5533
vn 0.6191 -0.7551 0.2158
vn 0.4757 -0.8790 0.0323
vn 0.4822 -0.8758 0.0228
vn 0.6624 -0.7334 0.1526
vn -0.8424 -0.4728 -0.2585
vn -0.7531 -0.4282 -0.4995
vn -0.7298 -0.6359 0.2511
vn -0.2078 -0.9641 0.1654
vn 0.6625 -0.7334 -0.1526
vn 0.4823 -0.8757 -0.0227
vn 0.4758 -0.8790 -0.0322
vn 0.6191 -0.7551 -0.2158
vn 0.2895 -0.9199 0.2643
vn 0.4265 -0.9036 0.0394
vn 0.4364 -0.8987 0.0440
vn 0.3554 -0.8870 0.2948
vn 0.2330 -0.9482 -0.2158
vn 0.4182 -0.9078 -0.0323
vn 0.4116 -0.9111 -0.0228
vn 0.1896 -0.9699 -0.1526
vn 0.5625 -0.7834 -0.2643
vn 0.4674 -0.8832 -0.0394
vn 0.4575 -0.8881 -0.0440
vn 0.4967 -0.8163 -0.2948
vn 0.6897 -0.7197 0.0790
vn 0.4863 -0.8737 0.0118
vn 0.4877 -0.8730 -0.0000
vn 0.6990 -0.7151 -0.0000
vn 0.1624 -0.9836 -0.0790
vn 0.4076 -0.9131 -0.0119
vn 0.4062 -0.9138 -0.0000
vn 0.1531 -0.9882 -0.0000
vn 0.4260 -0.8517 0.3052
vn 0.4469 -0.8934 0.0456
vn 0.4575 -0.8881 0.0440
vn 0.4967 -0.8163 0.2948
vn 0.1624 -0.9836 0.0790
vn 0.4076 -0.9131 0.0118
vn 0.4116 -0.9111 0.0228
vn 0.1896 -0.9699 0.1526
vn 0.4260 -0.8517 -0.3052
vn 0.4470 -0.8934 -0.0456
vn 0.4364 -0.8987 -0.0440
vn 0.3554 -0.8870 -0.2948
vn 0.6897 -0.7197 -0.0790
vn 0.4863 -0.8737 -0.0118
vn 0.5625 -0.7834 0.2643
vn 0.4673 -0.8832 0.0394
vn 0.2330 -0.9482 0.2158
vn 0.4180 -0.9079 0.0322
vn 0.2895 -0.9199 -0.2643
vn 0.4266 -0.9036 -0.0395
vn -0.8728 -0.4881 -0.0000
vn -0.7531 -0.4282 0.4995
vn -0.8424 -0.4728 0.2585
vn -0.6111 -0.3572 0.7064
vn -0.4261 -0.2646 0.8651
vn -0.2106 -0.1568 0.9649
vn 0.0206 -0.0411 0.9989
vn 0.2518 0.0745 0.9649
vn 0.4673 0.1823 0.8651
vn 0.6523 0.2749 0.7064
vn 0.7943 0.3459 0.4995
vn 0.8835 0.3905 0.2585
vn 0.9140 0.4058 -0.0000
vn 0.8835 0.3905 -0.2585
vn 0.7943 0.3459 -0.4995
vn 0.6523 0.2749 -0.7064
vn 0.4673 0.1823 -0.8651
vn 0.2518 0.0745 -0.9649
vn 0.0206 -0.0411 -0.9989
vn -0.2106 -0.1568 -0.9649
vn -0.4261 -0.2646 -0.8651
vn -0.6111 -0.3572 -0.7064
vn 0.4537 -0.8912 -0.0000
vn 0.4535 -0.8913 0.0018
vn 0.4529 -0.8916 0.0035
vn 0.4519 -0.8921 0.0050
vn 0.4505 -0.8927 0.0061
vn 0.4490 -0.8935 0.0068
vn 0.4474 -0.8943 0.0071
vn 0.4457 -0.8951 0.0068
vn 0.4442 -0.8959 0.0061
vn 0.4429 -0.8966 0.0050
vn 0.4419 -0.8971 0.0035
vn 0.4413 -0.8974 0.0018
vn 0.4411 -0.8975 -0.0000
vn 0.4413 -0.8974 -0.0018
vn 0.4419 -0.8971 -0.0035
vn 0.4429 -0.8966 -0.0050
vn 0.4442 -0.8959 -0.0061
vn 0.4457 -0.8951 -0.0068
vn 0.4474 -0.8943 -0.0071
vn 0.4490 -0.8935 -0.0068
vn 0.4505 -0.8927 -0.0061
vn 0.4519 -0.8921 -0.0050
vn 0.4529 -0.8916 -0.0035
vn 0.4535 -0.8913 -0.0018
vn -0.2058 0.1661 0.9644
vn 0.0253 0.0505 0.9984
vn 0.0330 0.0660 0.9973
vn -0.1978 0.1815 0.9633
vn 0.2564 -0.0651 0.9644
vn 0.2638 -0.0495 0.9633
vn -0.8372 0.4820 -0.2584
vn -0.8676 0.4972 -0.0000
vn -0.8589 0.5122 -0.0000
vn -0.8285 0.4969 -0.2581
vn 0.4717 -0.1728 0.8646
vn 0.6567 -0.2653 0.7060
vn 0.6637 -0.2495 0.7052
vn 0.4790 -0.1571 0.8637
vn 0.7986 -0.3363 0.4992
vn 0.8054 -0.3204 0.4986
vn -0.4212 0.2739 0.8646
vn -0.4129 0.2891 0.8637
vn 0.8878 -0.3809 0.2584
vn 0.9182 -0.3962 -0.0000
vn 0.9249 -0.3802 -0.0000
vn 0.8945 -0.3650 0.2581
vn 0.8878 -0.3809 -0.2584
vn 0.8945 -0.3650 -0.2581
vn 0.7986 -0.3363 -0.4992
vn 0.6567 -0.2653 -0.7060
vn 0.6637 -0.2495 -0.7052
vn 0.8054 -0.3204 -0.4986
vn 0.4717 -0.1728 -0.8646
vn 0.4790 -0.1571 -0.8637
vn 0.2564 -0.0651 -0.9644
vn 0.0253 0.0505 -0.9984
vn 0.0330 0.0660 -0.9973
vn 0.2638 -0.0495 -0.9633
vn -0.2058 0.1661 -0.9644
vn -0.1978 0.1815 -0.9633
vn -0.4212 0.2739 -0.8646
vn -0.6061 0.3664 -0.7060
vn -0.5977 0.3815 -0.7052
vn -0.4129 0.2891 -0.8637
vn -0.7480 0.4374 -0.4992
vn -0.7394 0.4524 -0.4986
vn -0.8372 0.4820 0.2584
vn -0.8285 0.4970 0.2581
vn -0.7480 0.4374 0.4992
vn -0.7394 0.4524 0.4986
vn 0.5064 0.8596 -0.0684
vn 0.4378 0.8990 0.0107
vn 0.4356 0.9001 0.0076
vn 0.5202 0.8527 -0.0483
vn -0.6061 0.3664 0.7060
vn -0.5977 0.3815 0.7052
vn 0.5202 0.8527 0.0483
vn 0.4356 0.9001 -0.0075
vn 0.4378 0.8990 -0.0107
vn 0.5064 0.8596 0.0684
vn 0.4021 0.9118 -0.0837
vn 0.4541 0.8908 0.0131
vn 0.4508 0.8925 0.0146
vn 0.4229 0.9013 -0.0934
vn 0.3842 0.9207 0.0684
vn 0.4569 0.8895 -0.0107
vn 0.4591 0.8884 -0.0076
vn 0.3704 0.9276 0.0483
vn 0.4885 0.8685 0.0837
vn 0.4405 0.8976 -0.0131
vn 0.4439 0.8960 -0.0146
vn 0.4677 0.8790 0.0934
vn 0.5288 0.8484 -0.0250
vn 0.4343 0.9008 0.0040
vn 0.4338 0.9010 -0.0000
vn 0.5318 0.8469 -0.0000
vn 0.3618 0.9319 0.0250
vn 0.4604 0.8877 -0.0040
vn 0.4609 0.8875 -0.0000
vn 0.3588 0.9334 -0.0000
vn 0.4453 0.8902 -0.0967
vn 0.4474 0.8942 0.0151
vn 0.4439 0.8960 0.0146
vn 0.4677 0.8789 -0.0934
vn 0.3618 0.9319 -0.0250
vn 0.4604 0.8877 0.0039
vn 0.4591 0.8884 0.0076
vn 0.3704 0.9276 -0.0483
vn 0.4453 0.8901 0.0967
vn 0.4473 0.8943 -0.0151
vn 0.4508 0.8925 -0.0146
vn 0.4229 0.9013 0.0934
vn 0.5288 0.8484 0.0250
vn 0.4343 0.9008 -0.0039
vn 0.4885 0.8685 -0.0838
vn 0.4406 0.8976 0.0131
vn 0.3842 0.9207 -0.0684
vn 0.4569 0.8894 0.0107
vn 0.4021 0.9118 0.0837
vn 0.4541 0.8909 -0.0131
vn 0.1640 0.7271 0.6667
vn 0.2482 0.8123 0.5278
vn 0.1304 0.8713 0.4732
vn 0.0151 0.8015 0.5978
vn -0.2109 0.9146 -0.3451
vn -0.0485 0.9607 -0.2732
vn 0.0291 0.9219 -0.3864
vn -0.1128 0.8655 -0.4881
vn 0.4835 0.5672 -0.6667
vn 0.5012 0.6857 -0.5278
vn 0.6190 0.6268 -0.4732
vn 0.6324 0.4927 -0.5978
vn 0.9410 0.3383 -0.0000
vn 0.8634 0.5046 -0.0000
vn 0.8467 0.5129 0.1414
vn 0.9200 0.3488 0.1786
vn 0.4835 0.5672 0.6667
vn 0.5012 0.6857 0.5278
vn 0.3747 0.7490 0.5464
vn 0.3237 0.6471 0.6902
vn -0.2109 0.9146 0.3451
vn -0.0485 0.9607 0.2732
vn -0.0973 0.9852 0.1414
vn -0.2725 0.9454 0.1786
vn -0.2936 0.9559 -0.0000
vn -0.1140 0.9935 -0.0000
vn -0.0973 0.9852 -0.1414
vn -0.2725 0.9454 -0.1786
vn 0.1640 0.7271 -0.6667
vn 0.2482 0.8123 -0.5278
vn 0.3747 0.7490 -0.5464
vn 0.3237 0.6471 -0.6902
vn 0.8583 0.3797 -0.3451
vn 0.7979 0.5373 -0.2732
vn 0.8467 0.5129 -0.1414
vn 0.9200 0.3488 -0.1786
vn 0.7602 0.4288 0.4881
vn 0.7171 0.5844 0.3798
vn 0.6204 0.6299 0.4672
vn 0.6324 0.4927 0.5978
vn 0.0291 0.9219 0.3864
vn -0.1128 0.8655 0.4881
vn 0.1304 0.8713 -0.4732
vn 0.0151 0.8015 -0.5978
vn 0.7202 0.5762 -0.3864
vn 0.7602 0.4288 -0.4881
vn 0.7941 0.5431 0.2730
vn 0.8583 0.3797 0.3451
vn 0.3290 0.8731 0.3597
vn 0.3842 0.8976 0.2163
vn 0.3359 0.9217 0.1940
vn 0.2487 0.9133 0.3225
vn 0.1268 0.9743 -0.1862
vn 0.2625 0.9584 -0.1120
vn 0.2943 0.9425 -0.1584
vn 0.1797 0.9478 -0.2633
vn 0.5014 0.7869 -0.3597
vn 0.4879 0.8457 -0.2163
vn 0.5362 0.8215 -0.1941
vn 0.5817 0.7467 -0.3225
vn 0.7482 0.6634 -0.0000
vn 0.6364 0.7713 -0.0000
vn 0.6295 0.7748 0.0580
vn 0.7369 0.6691 0.0964
vn 0.5014 0.7869 0.3597
vn 0.4879 0.8457 0.2164
vn 0.4360 0.8716 0.2239
vn 0.4152 0.8300 0.3724
vn 0.1268 0.9743 0.1862
vn 0.2625 0.9584 0.1120
vn 0.2426 0.9684 0.0580
vn 0.0935 0.9909 0.0964
vn 0.0822 0.9966 -0.0000
vn 0.2356 0.9718 -0.0000
vn 0.2426 0.9684 -0.0580
vn 0.0935 0.9909 -0.0964
vn 0.3290 0.8731 -0.3597
vn 0.3842 0.8975 -0.2164
vn 0.4360 0.8716 -0.2239
vn 0.4152 0.8300 -0.3724
vn 0.7036 0.6857 -0.1862
vn 0.6095 0.7848 -0.1120
vn 0.6297 0.7747 -0.0580
vn 0.7369 0.6691 -0.0964
vn 0.6507 0.7122 0.2633
vn 0.5837 0.7948 0.1664
vn 0.5422 0.8173 0.1949
vn 0.5877 0.7446 0.3166
vn 0.2943 0.9425 0.1584
vn 0.1797 0.9478 0.2633
vn 0.3359 0.9217 -0.1940
vn 0.2487 0.9133 -0.3225
vn 0.5777 0.8008 -0.1584
vn 0.6507 0.7122 -0.2633
vn 0.6099 0.7835 0.1193
vn 0.6987 0.6891 0.1925
vn -0.4176 0.8040 -0.4233
vn -0.4932 0.8419 -0.2191
vn -0.2972 0.7439 -0.5986
vn -0.1404 0.6654 -0.7332
vn 0.0422 0.5741 -0.8177
vn 0.2381 0.4760 -0.8466
vn 0.4341 0.3780 -0.8177
vn 0.6167 0.2867 -0.7331
vn 0.7735 0.2082 -0.5986
vn 0.8938 0.1480 -0.4233
vn 0.9695 0.1102 -0.2191
vn 0.9953 0.0973 -0.0000
vn 0.9695 0.1102 0.2191
vn 0.8938 0.1480 0.4233
vn 0.7735 0.2082 0.5986
vn 0.6167 0.2867 0.7331
vn 0.4341 0.3780 0.8177
vn 0.2381 0.4760 0.8466
vn 0.0422 0.5741 0.8177
vn -0.1404 0.6654 0.7332
vn -0.2973 0.7438 0.5986
vn -0.4175 0.8041 0.4233
vn -0.4932 0.8419 0.2191
vn -0.5190 0.8548 -0.0000
vn -0.7058 0.6634 -0.2487
vn -0.7350 0.6780 -0.0000
vn -0.6199 0.6204 -0.4804
vn -0.4834 0.5521 -0.6793
vn -0.3054 0.4631 -0.8320
vn -0.0982 0.3595 -0.9280
vn 0.1242 0.2482 -0.9607
vn 0.3465 0.1370 -0.9280
vn 0.5538 0.0333 -0.8320
vn 0.7317 -0.0557 -0.6793
vn 0.8683 -0.1240 -0.4804
vn 0.9541 -0.1670 -0.2487
vn 0.9834 -0.1816 -0.0000
vn 0.9541 -0.1670 0.2487
vn 0.8683 -0.1240 0.4804
vn 0.7317 -0.0558 0.6793
vn 0.5538 0.0334 0.8320
vn 0.3465 0.1370 0.9280
vn 0.1242 0.2483 0.9607
vn -0.0982 0.3595 0.9280
vn -0.3054 0.4631 0.8320
vn -0.4834 0.5521 0.6793
vn -0.6199 0.6204 0.4804
vn -0.7058 0.6634 0.2487
vn 0.5052 -0.5235 0.6861
vn 0.0599 -0.8901 0.4518
vn 0.1507 -0.9355 0.3195
vn 0.6431 -0.5925 0.4851
vn 0.2272 -0.9738 -0.0000
vn 0.2078 -0.9641 -0.1654
vn 0.7298 -0.6359 -0.2511
vn 0.7594 -0.6507 -0.0000
vn 0.1507 -0.9355 -0.3195
vn 0.6431 -0.5925 -0.4851
vn 0.0599 -0.8901 -0.4518
vn 0.5052 -0.5236 -0.6861
vn -0.0585 -0.8309 -0.5533
vn 0.3255 -0.4336 -0.8402
vn -0.1963 -0.7620 -0.6171
vn 0.1162 -0.3289 -0.9372
vn -0.3442 -0.6880 -0.6389
vn -0.1083 -0.2166 -0.9702
vn -0.4921 -0.6140 -0.6171
vn -0.3329 -0.1043 -0.9372
vn -0.6299 -0.5451 -0.5533
vn -0.5422 0.0005 -0.8402
vn -0.7482 -0.4859 -0.4518
vn -0.7219 0.0904 -0.6861
vn -0.8390 -0.4404 -0.3195
vn -0.8598 0.1593 -0.4851
vn -0.8961 -0.4119 -0.1654
vn -0.9465 0.2027 -0.2511
vn -0.9156 -0.4021 -0.0000
vn -0.9761 0.2175 -0.0000
vn -0.8961 -0.4119 0.1654
vn -0.9465 0.2027 0.2511
vn -0.8390 -0.4404 0.3195
vn -0.8598 0.1593 0.4851
vn -0.7482 -0.4859 0.4518
vn -0.7219 0.0904 0.6861
vn -0.6299 -0.5451 0.5533
vn -0.5422 0.0005 0.8402
vn -0.4921 -0.6140 0.6171
vn -0.3329 -0.1042 0.9372
vn -0.3442 -0.6880 0.6389
vn -0.1083 -0.2166 0.9702
vn -0.1963 -0.7620 0.6171
vn 0.1162 -0.3290 0.9372
vn -0.0585 -0.8309 0.5533
vn 0.3255 -0.4336 0.8402
vn -0.6191 -0.7551 0.2158
vn -0.6625 -0.7334 0.1526
vn -0.4823 -0.8757 0.0227
vn -0.4758 -0.8790 0.0322
vn 0.8424 -0.4728 -0.2585
vn 0.7531 -0.4282 -0.4995
vn 0.7298 -0.6359 0.2511
vn 0.2078 -0.9641 0.1654
vn -0.6624 -0.7334 -0.1526
vn -0.6191 -0.7551 -0.2158
vn -0.4757 -0.8790 -0.0323
vn -0.4822 -0.8757 -0.0228
vn -0.2896 -0.9199 0.2644
vn -0.3554 -0.8870 0.2948
vn -0.4364 -0.8987 0.0440
vn -0.4265 -0.9036 0.0395
vn -0.2330 -0.9482 -0.2158
vn -0.1896 -0.9699 -0.1526
vn -0.4116 -0.9111 -0.0227
vn -0.4181 -0.9078 -0.0322
vn -0.5625 -0.7834 -0.2643
vn -0.4967 -0.8163 -0.2948
vn -0.4574 -0.8882 -0.0440
vn -0.4673 -0.8832 -0.0395
vn -0.6897 -0.7197 0.0790
vn -0.6990 -0.7151 -0.0000
vn -0.4877 -0.8730 -0.0001
vn -0.4863 -0.8737 0.0118
vn -0.1624 -0.9836 -0.0790
vn -0.1531 -0.9882 -0.0000
vn -0.4062 -0.9138 0.0001
vn -0.4076 -0.9131 -0.0118
vn -0.4260 -0.8517 0.3052
vn -0.4967 -0.8163 0.2948
vn -0.4574 -0.8881 0.0440
vn -0.4469 -0.8934 0.0456
vn -0.1624 -0.9836 0.0790
vn -0.1896 -0.9699 0.1526
vn -0.4117 -0.9111 0.0229
vn -0.4076 -0.9131 0.0118
vn -0.4260 -0.8517 -0.3052
vn -0.3554 -0.8870 -0.2948
vn -0.4364 -0.8987 -0.0440
vn -0.4469 -0.8934 -0.0456
vn -0.6897 -0.7197 -0.0790
vn -0.4863 -0.8737 -0.0118
vn -0.5625 -0.7834 0.2643
vn -0.4673 -0.8832 0.0395
vn -0.2330 -0.9482 0.2158
vn -0.4181 -0.9078 0.0322
vn -0.2895 -0.9199 -0.2643
vn -0.4265 -0.9036 -0.0395
vn 0.8728 -0.4881 -0.0000
vn 0.7531 -0.4282 0.4995
vn 0.8424 -0.4728 0.2585
vn 0.6111 -0.3572 0.7064
vn 0.4261 -0.2646 0.8651
vn 0.2106 -0.1568 0.9649
vn -0.0206 -0.0411 0.9989
vn -0.2518 0.0745 0.9649
vn -0.4673 0.1823 0.8651
vn -0.6523 0.2749 0.7064
vn -0.7943 0.3459 0.4995
vn -0.8835 0.3905 0.2585
vn -0.9140 0.4058 -0.0000
vn -0.8835 0.3905 -0.2585
vn -0.7943 0.3459 -0.4995
vn -0.6523 0.2749 -0.7064
vn -0.4673 0.1823 -0.8651
vn -0.2518 0.0745 -0.9649
vn -0.0206 -0.0411 -0.9989
vn 0.2106 -0.1568 -0.9649
vn 0.4261 -0.2646 -0.8651
vn 0.6111 -0.3572 -0.7064
vn -0.4537 -0.8912 -0.0000
vn -0.4535 -0.8913 0.0018
vn -0.4529 -0.8916 0.0035
vn -0.4518 -0.8921 0.0050
vn -0.4505 -0.8927 0.0061
vn -0.4490 -0.8935 0.0068
vn -0.4474 -0.8943 0.0071
vn -0.4457 -0.8951 0.0068
vn -0.4442 -0.8959 0.0061
vn -0.4429 -0.8966 0.0050
vn -0.4419 -0.8971 0.0035
vn -0.4413 -0.8974 0.0018
vn -0.4411 -0.8975 -0.0000
vn -0.4413 -0.8974 -0.0018
vn -0.4419 -0.8971 -0.0035
vn -0.4429 -0.8966 -0.0050
vn -0.4442 -0.8959 -0.0061
vn -0.4457 -0.8951 -0.0068
vn -0.4474 -0.8943 -0.0071
vn -0.4490 -0.8935 -0.0068
vn -0.4505 -0.8927 -0.0061
vn -0.4519 -0.8921 -0.0050
vn -0.4529 -0.8916 -0.0035
vn -0.4535 -0.8913 -0.0018
vn -0.9947 0.1027 -0.0000
vn 0.0063 1.0000 -0.0000
vn 0.0062 1.0000 -0.0000
vn -0.0063 1.0000 -0.0000
vn -0.0062 1.0000 -0.0000
vn 0.9947 0.1027 -0.0000
vn 0.0189 -0.9998 -0.0000
vn 0.8816 -0.4721 -0.0000
vn 0.9808 -0.1951 -0.0000
vn 0.9996 -0.0269 -0.0000
vn -0.0189 -0.9998 -0.0000
vn -0.8816 -0.4721 -0.0000
vn -0.9808 -0.1951 -0.0000
vn -0.9996 -0.0269 -0.0000
vn -0.0000 0.0929 -0.9957
vn -0.0000 0.0932 -0.9956
vn -0.0000 0.5080 -0.8614
vn -0.0000 0.5079 -0.8614
vn -0.0000 0.6971 -0.7170
vn 0.8064 -0.0084 -0.5913
vn 0.8064 0.0084 -0.5913
vn -0.0037 -0.7513 -0.6600
vn 0.0037 -0.7513 -0.6600
vn -0.8064 0.0084 -0.5913
vn -0.8064 -0.0084 -0.5913
vn -0.0037 0.7513 -0.6600
vn -0.2602 0.6395 -0.7234
vn -0.4772 0.4858 -0.7323
vn -0.6648 0.2803 -0.6924
vn -0.6648 0.2804 -0.6924
vn -0.2602 -0.6395 -0.7234
vn -0.4772 -0.4858 -0.7323
vn -0.6648 -0.2803 -0.6924
vn -0.6648 -0.2804 -0.6924
vn 0.2602 0.6395 -0.7234
vn 0.0037 0.7513 -0.6600
vn 0.4772 0.4858 -0.7323
vn 0.6648 0.2803 -0.6924
vn 0.6648 0.2804 -0.6924
vn 0.2602 -0.6395 -0.7234
vn 0.4772 -0.4858 -0.7323
vn 0.6648 -0.2803 -0.6924
vn 0.6648 -0.2804 -0.6924
vn 0.0282 -0.9996 -0.0000
vn -0.0282 -0.9996 -0.0000
vn -0.0190 -0.9998 -0.0000
vn -0.7004 -0.7137 -0.0000
vn -0.9939 -0.1101 -0.0000
vn 0.7004 -0.7137 -0.0000
vn 0.9939 -0.1101 -0.0000
vn 0.0190 -0.9998 -0.0000
vn 0.9938 -0.1110 -0.0000
vn -0.9938 -0.1110 -0.0000
vn -0.7106 -0.7036 -0.0000
vn 0.7105 -0.7037 -0.0000
vn -0.0000 0.5080 -0.8613
vn 0.8943 0.4474 -0.0000
vn 0.1216 0.9926 -0.0000
vn 0.0839 0.9738 0.2116
vn 0.8263 0.4133 0.3827
vn -0.0232 0.9201 0.3909
vn 0.6324 0.3164 0.7071
vn -0.1836 0.8399 0.5107
vn 0.3422 0.1712 0.9239
vn -0.3727 0.7453 0.5528
vn -0.5620 0.6506 0.5107
vn -0.3423 -0.1712 0.9239
vn -0.7225 0.5704 0.3908
vn -0.6324 -0.3164 0.7071
vn -0.8295 0.5168 0.2117
vn -0.8263 -0.4133 0.3827
vn -0.8672 0.4980 0.0001
vn -0.8943 -0.4474 -0.0000
vn -0.8296 0.5168 -0.2116
vn -0.8263 -0.4133 -0.3827
vn -0.7224 0.5704 -0.3909
vn -0.6324 -0.3164 -0.7071
vn -0.5620 0.6506 -0.5107
vn -0.3423 -0.1712 -0.9239
vn -0.3728 0.7453 -0.5528
vn -0.1836 0.8399 -0.5107
vn 0.3422 0.1712 -0.9239
vn -0.0232 0.9202 -0.3909
vn 0.6324 0.3164 -0.7071
vn 0.0839 0.9737 -0.2116
vn 0.8263 0.4133 -0.3827
vn -0.4474 0.8943 -0.0000
vn 0.4474 -0.8943 -0.0000
vn -0.3734 -0.6752 -0.6361
vn -0.1124 -0.5447 -0.8311
vn -0.3422 -0.1712 -0.9239
vn -0.3422 -0.1712 0.9239
vn -0.4332 0.8659 0.2502
vn -0.5188 0.8231 0.2311
vn -0.4409 0.0518 0.8961
vn -0.1089 0.2178 0.9699
vn -0.5478 -0.7625 -0.3443
vn -0.3475 0.9087 0.2311
vn 0.2230 0.3839 0.8960
vn -0.6091 -0.7931 -0.0000
vn -0.2750 0.9450 0.1769
vn 0.5044 0.5247 0.6858
vn -0.5478 -0.7625 0.3442
vn -0.2265 0.9693 -0.0957
vn -0.2094 0.9778 -0.0000
vn 0.7584 0.6517 -0.0000
vn 0.6924 0.6187 -0.3712
vn -0.2265 0.9693 0.0957
vn 0.6924 0.6187 0.3711
vn -0.3734 -0.6753 0.6361
vn -0.2750 0.9450 -0.1769
vn 0.5044 0.5246 -0.6858
vn -0.1125 -0.5447 0.8311
vn -0.3475 0.9087 -0.2311
vn 0.2229 0.3839 -0.8961
vn 0.1954 -0.3907 0.8995
vn -0.4332 0.8659 -0.2502
vn -0.1089 0.2179 -0.9699
vn 0.5033 -0.2367 -0.8311
vn 0.1954 -0.3907 -0.8995
vn -0.7223 -0.0890 0.6858
vn 0.7643 -0.1061 -0.6361
vn -0.9103 -0.1831 0.3712
vn 0.9387 -0.0189 -0.3443
vn -0.9764 -0.2161 -0.0000
vn 0.9387 -0.0189 0.3442
vn 0.9999 0.0118 -0.0000
vn -0.9103 -0.1831 -0.3712
vn 0.7643 -0.1061 0.6361
vn -0.7223 -0.0890 -0.6858
vn 0.5033 -0.2367 0.8311
vn -0.4409 0.0518 -0.8961
vn -0.5914 0.7868 0.1769
vn -0.6399 0.7625 0.0957
vn -0.6569 0.7540 -0.0000
vn -0.6399 0.7625 -0.0957
vn -0.5914 0.7868 -0.1769
vn -0.5188 0.8231 -0.2311
vn -0.5286 0.8037 -0.2733
vn -0.4274 0.8543 -0.2958
vn -0.6145 0.7607 -0.2092
vn -0.6718 0.7320 -0.1132
vn -0.6920 0.7219 -0.0000
vn -0.6718 0.7320 0.1132
vn -0.6145 0.7607 0.2092
vn -0.5286 0.8037 0.2733
vn -0.3261 0.9050 -0.2733
vn -0.2403 0.9479 -0.2092
vn -0.1628 0.9867 -0.0000
vn -0.1829 0.9766 0.1132
vn -0.1829 0.9766 -0.1132
vn -0.2403 0.9479 0.2092
vn -0.3261 0.9050 0.2733
vn -0.4274 0.8543 0.2958
vn -0.9959 0.0904 -0.0000
vn -0.7732 0.2018 -0.6012
vn -0.2355 0.4708 -0.8502
vn 0.3022 0.7397 -0.6012
vn 0.5249 0.8512 -0.0000
vn 0.3022 0.7397 0.6012
vn -0.2355 0.4708 0.8502
vn -0.7732 0.2018 0.6012
vn -0.5196 0.8502 0.0843
vn -0.5509 0.8346 -0.0000
vn -0.4442 0.8880 0.1193
vn -0.3688 0.9257 0.0843
vn -0.3375 0.9413 -0.0000
vn -0.3688 0.9257 -0.0844
vn -0.4442 0.8880 -0.1193
vn -0.5196 0.8502 -0.0843
vn -0.8943 0.4474 -0.0000
vn -0.8263 0.4133 0.3827
vn -0.0839 0.9738 0.2115
vn -0.1216 0.9926 -0.0000
vn -0.6324 0.3164 0.7071
vn 0.0232 0.9202 0.3909
vn -0.3422 0.1712 0.9239
vn 0.1836 0.8399 0.5107
vn 0.3728 0.7453 0.5528
vn 0.3422 -0.1712 0.9239
vn 0.5620 0.6506 0.5107
vn 0.6324 -0.3164 0.7071
vn 0.7224 0.5704 0.3909
vn 0.8263 -0.4133 0.3827
vn 0.8296 0.5168 0.2116
vn 0.8943 -0.4474 -0.0000
vn 0.8672 0.4979 -0.0000
vn 0.8263 -0.4133 -0.3827
vn 0.8296 0.5168 -0.2115
vn 0.6324 -0.3164 -0.7071
vn 0.7224 0.5704 -0.3909
vn 0.3422 -0.1712 -0.9239
vn 0.5620 0.6506 -0.5107
vn 0.3728 0.7453 -0.5528
vn -0.3422 0.1712 -0.9239
vn 0.1836 0.8399 -0.5107
vn -0.6324 0.3164 -0.7071
vn 0.0233 0.9201 -0.3909
vn -0.8263 0.4133 -0.3827
vn -0.0839 0.9738 -0.2116
vn 0.4474 0.8943 -0.0000
vn -0.4474 -0.8943 -0.0000
vn 0.1125 -0.5447 -0.8311
vn 0.3734 -0.6753 -0.6361
vn -0.3423 0.1712 -0.9239
vn 0.4332 0.8659 0.2501
vn 0.1090 0.2178 0.9699
vn 0.4410 0.0518 0.8960
vn 0.5188 0.8231 0.2311
vn 0.5478 -0.7625 -0.3444
vn 0.3476 0.9087 0.2311
vn -0.2230 0.3839 0.8961
vn 0.6091 -0.7931 -0.0001
vn 0.2750 0.9450 0.1769
vn -0.5044 0.5246 0.6858
vn 0.5478 -0.7625 0.3443
vn 0.2265 0.9693 -0.0957
vn -0.6924 0.6187 -0.3711
vn -0.7584 0.6517 -0.0000
vn 0.2094 0.9778 -0.0000
vn 0.2265 0.9693 0.0957
vn -0.6924 0.6187 0.3712
vn 0.3734 -0.6752 0.6361
vn 0.2750 0.9450 -0.1769
vn -0.5044 0.5247 -0.6858
vn 0.1124 -0.5447 0.8311
vn 0.3476 0.9087 -0.2311
vn -0.2230 0.3839 -0.8960
vn -0.1955 -0.3907 0.8995
vn 0.4332 0.8659 -0.2501
vn 0.1089 0.2178 -0.9699
vn -0.5033 -0.2367 -0.8311
vn -0.1954 -0.3907 -0.8995
vn 0.7223 -0.0890 0.6858
vn -0.7643 -0.1061 -0.6361
vn 0.9103 -0.1831 0.3712
vn -0.9387 -0.0189 -0.3442
vn 0.9764 -0.2161 -0.0000
vn -0.9387 -0.0189 0.3442
vn -0.9999 0.0118 -0.0000
vn 0.9104 -0.1831 -0.3711
vn -0.7643 -0.1061 0.6361
vn 0.7223 -0.0890 -0.6858
vn -0.5033 -0.2367 0.8311
vn 0.4409 0.0518 -0.8960
vn 0.5914 0.7868 0.1769
vn 0.6398 0.7625 0.0957
vn 0.6569 0.7540 -0.0000
vn 0.6398 0.7625 -0.0957
vn 0.5914 0.7868 -0.1769
vn 0.5188 0.8231 -0.2311
vn 0.5286 0.8037 -0.2733
vn 0.4274 0.8543 -0.2958
vn 0.6145 0.7607 -0.2092
vn 0.6718 0.7320 -0.1132
vn 0.6919 0.7219 -0.0000
vn 0.6718 0.7320 0.1132
vn 0.6145 0.7607 0.2092
vn 0.5286 0.8037 0.2733
vn 0.3261 0.9050 -0.2733
vn 0.2403 0.9479 -0.2092
vn 0.1628 0.9867 -0.0000
vn 0.1829 0.9766 0.1132
vn 0.1829 0.9766 -0.1132
vn 0.2403 0.9479 0.2092
vn 0.3261 0.9050 0.2733
vn 0.4274 0.8543 0.2958
vn 0.9959 0.0904 -0.0000
vn 0.7732 0.2018 -0.6012
vn 0.2355 0.4708 -0.8502
vn -0.3022 0.7397 -0.6012
vn -0.5249 0.8512 -0.0000
vn -0.3022 0.7397 0.6012
vn 0.2355 0.4708 0.8502
vn 0.7732 0.2018 0.6012
vn 0.5196 0.8502 0.0843
vn 0.5509 0.8346 -0.0000
vn 0.4442 0.8880 0.1193
vn 0.3688 0.9257 0.0844
vn 0.3375 0.9413 -0.0000
vn 0.3688 0.9257 -0.0844
vn 0.4442 0.8880 -0.1193
vn 0.5196 0.8502 -0.0843
vn -0.0000 0.0728 -0.9973
vn -0.9708 -0.2399 -0.0000
vn -0.9708 -0.2400 -0.0000
vn -0.0000 0.9947 -0.1028
vn -0.0000 0.9944 -0.1053
vn 0.0197 -0.9998 -0.0000
vn -0.0197 -0.9998 -0.0000
vn -0.0000 -0.0256 0.9997
vn 0.9708 -0.2400 -0.0000
vn 0.9708 -0.2399 -0.0000
vn -0.0000 0.7057 -0.7085
vn -0.0000 0.1878 -0.9822
vn -0.0000 -0.0541 0.9985
vn -0.0000 0.6967 -0.7174
vn -0.0000 -0.6967 0.7174
vn -0.0000 -0.9957 0.0930
vn -0.0000 -0.9999 0.0140
vn 0.6969 -0.7171 -0.0000
vn 0.6969 -0.7171 -0.0001
vn -0.6969 -0.7171 -0.0000
vn 0.8999 -0.0000 0.4361
vn 0.2701 -0.0000 0.9628
vn 0.2678 -0.0353 0.9628
vn 0.8922 -0.1175 0.4361
vn 0.2609 -0.0699 0.9628
vn 0.8692 -0.2329 0.4361
vn 0.2496 -0.1034 0.9628
vn 0.8314 -0.3444 0.4361
vn 0.2339 -0.1351 0.9628
vn 0.7793 -0.4499 0.4361
vn 0.2143 -0.1645 0.9628
vn 0.7139 -0.5478 0.4361
vn 0.1910 -0.1910 0.9628
vn 0.6363 -0.6363 0.4361
vn 0.1644 -0.2144 0.9628
vn 0.5478 -0.7139 0.4361
vn 0.1351 -0.2340 0.9628
vn 0.4499 -0.7793 0.4361
vn 0.1034 -0.2496 0.9628
vn 0.3444 -0.8314 0.4361
vn 0.0699 -0.2609 0.9628
vn 0.2329 -0.8692 0.4361
vn 0.0352 -0.2678 0.9628
vn 0.1175 -0.8922 0.4361
vn -0.0000 -0.2702 0.9628
vn -0.0000 -0.8999 0.4361
vn -0.0353 -0.2678 0.9628
vn -0.1175 -0.8922 0.4361
vn -0.0699 -0.2609 0.9628
vn -0.2329 -0.8692 0.4361
vn -0.1034 -0.2496 0.9628
vn -0.3444 -0.8314 0.4361
vn -0.1351 -0.2339 0.9628
vn -0.4499 -0.7793 0.4361
vn -0.1645 -0.2143 0.9628
vn -0.5478 -0.7139 0.4361
vn -0.1910 -0.1910 0.9628
vn -0.6363 -0.6363 0.4361
vn -0.2143 -0.1644 0.9628
vn -0.7139 -0.5478 0.4361
vn -0.2340 -0.1351 0.9628
vn -0.7793 -0.4499 0.4361
vn -0.2496 -0.1033 0.9628
vn -0.8314 -0.3444 0.4361
vn -0.2610 -0.0699 0.9628
vn -0.8692 -0.2329 0.4361
vn -0.2678 -0.0352 0.9628
vn -0.8922 -0.1175 0.4361
vn -0.2702 -0.0000 0.9628
vn -0.8999 -0.0000 0.4361
vn -0.2678 0.0353 0.9628
vn -0.8922 0.1175 0.4361
vn -0.2609 0.0699 0.9628
vn -0.8692 0.2329 0.4361
vn -0.2496 0.1034 0.9628
vn -0.8314 0.3444 0.4361
vn -0.2339 0.1351 0.9628
vn -0.7793 0.4499 0.4361
vn -0.2143 0.1645 0.9628
vn -0.7139 0.5478 0.4361
vn -0.1910 0.1910 0.9628
vn -0.6363 0.6363 0.4361
vn -0.1644 0.2143 0.9628
vn -0.5478 0.7139 0.4361
vn -0.1351 0.2340 0.9628
vn -0.4499 0.7793 0.4361
vn -0.1034 0.2496 0.9628
vn -0.3444 0.8314 0.4361
vn -0.0699 0.2610 0.9628
vn -0.2329 0.8692 0.4361
vn -0.0352 0.2678 0.9628
vn -0.1175 0.8922 0.4361
vn -0.0001 0.2701 0.9628
vn -0.0000 0.8999 0.4361
vn 0.0353 0.2678 0.9628
vn 0.1175 0.8922 0.4361
vn 0.0699 0.2609 0.9628
vn 0.2329 0.8692 0.4361
vn 0.1034 0.2496 0.9628
vn 0.3444 0.8314 0.4361
vn 0.1351 0.2339 0.9628
vn 0.4499 0.7793 0.4361
vn 0.1645 0.2143 0.9628
vn 0.5478 0.7139 0.4361
vn 0.1910 0.1910 0.9628
vn 0.6363 0.6363 0.4361
vn 0.2143 0.1644 0.9628
vn 0.7139 0.5478 0.4361
vn 0.2340 0.1351 0.9628
vn 0.7793 0.4499 0.4361
vn 0.2496 0.1034 0.9628
vn 0.8314 0.3444 0.4361
vn 0.2609 0.0699 0.9628
vn 0.8692 0.2329 0.4361
vn 0.2678 0.0352 0.9628
vn 0.8922 0.1175 0.4361
vn 0.9914 -0.1305 0.0058
vn 0.9659 -0.2588 0.0060
vn 0.9558 -0.2558 0.1447
vn 0.9810 -0.1290 0.1447
vn 0.9239 -0.3827 0.0063
vn 0.9143 -0.3782 0.1447
vn 0.8660 -0.5000 0.0067
vn 0.8572 -0.4942 0.1447
vn 0.7933 -0.6087 0.0072
vn 0.7854 -0.6019 0.1447
vn 0.7071 -0.7071 0.0077
vn 0.7001 -0.6992 0.1446
vn 0.6088 -0.7933 0.0082
vn 0.6029 -0.7846 0.1446
vn 0.5000 -0.8660 0.0086
vn 0.4952 -0.8566 0.1446
vn 0.3827 -0.9238 0.0091
vn 0.3791 -0.9140 0.1446
vn 0.2588 -0.9659 0.0093
vn 0.2564 -0.9557 0.1445
vn 0.1305 -0.9914 0.0095
vn 0.1293 -0.9810 0.1445
vn -0.0000 -1.0000 0.0096
vn -0.0000 -0.9895 0.1445
vn -0.1305 -0.9914 0.0095
vn -0.1293 -0.9810 0.1445
vn -0.2588 -0.9659 0.0093
vn -0.2564 -0.9557 0.1445
vn -0.3827 -0.9238 0.0091
vn -0.3791 -0.9140 0.1446
vn -0.5000 -0.8660 0.0086
vn -0.4952 -0.8566 0.1446
vn -0.6088 -0.7933 0.0082
vn -0.6029 -0.7846 0.1446
vn -0.7071 -0.7071 0.0077
vn -0.7001 -0.6992 0.1446
vn -0.7933 -0.6087 0.0072
vn -0.7854 -0.6019 0.1447
vn -0.8660 -0.5000 0.0067
vn -0.8572 -0.4942 0.1447
vn -0.9239 -0.3827 0.0063
vn -0.9143 -0.3782 0.1447
vn -0.9659 -0.2588 0.0060
vn -0.9558 -0.2558 0.1447
vn -0.9914 -0.1305 0.0058
vn -0.9810 -0.1290 0.1447
vn -1.0000 -0.0000 0.0058
vn -0.9895 -0.0000 0.1447
vn -0.9914 0.1305 0.0058
vn -0.9810 0.1290 0.1447
vn -0.9659 0.2588 0.0060
vn -0.9558 0.2558 0.1447
vn -0.9239 0.3827 0.0063
vn -0.9143 0.3782 0.1447
vn -0.8660 0.5000 0.0067
vn -0.8572 0.4942 0.1447
vn -0.7933 0.6087 0.0072
vn -0.7854 0.6018 0.1447
vn -0.7071 0.7071 0.0077
vn -0.7001 0.6992 0.1446
vn -0.6088 0.7933 0.0082
vn -0.6029 0.7846 0.1446
vn -0.5000 0.8660 0.0086
vn -0.4952 0.8566 0.1446
vn -0.3827 0.9238 0.0091
vn -0.3791 0.9140 0.1446
vn -0.2588 0.9659 0.0093
vn -0.2564 0.9557 0.1445
vn -0.1305 0.9914 0.0095
vn -0.1293 0.9810 0.1445
vn -0.0000 1.0000 0.0096
vn -0.0000 0.9895 0.1445
vn 0.1305 0.9914 0.0095
vn 0.1293 0.9810 0.1445
vn 0.2588 0.9659 0.0093
vn 0.2564 0.9557 0.1445
vn 0.3827 0.9238 0.0091
vn 0.3791 0.9140 0.1446
vn 0.5000 0.8660 0.0086
vn 0.4952 0.8566 0.1446
vn 0.6088 0.7933 0.0082
vn 0.6029 0.7846 0.1446
vn 0.7071 0.7071 0.0077
vn 0.7001 0.6992 0.1446
vn 0.7933 0.6087 0.0072
vn 0.7854 0.6019 0.1447
vn 0.8660 0.5000 0.0067
vn 0.8572 0.4942 0.1447
vn 0.9239 0.3826 0.0063
vn 0.9143 0.3782 0.1447
vn 0.9659 0.2588 0.0060
vn 0.9558 0.2558 0.1447
vn 0.9914 0.1305 0.0058
vn 0.9810 0.1290 0.1447
vn 1.0000 -0.0000 0.0058
vn 0.9895 -0.0000 0.1447
vn 1.0000 -0.0000 -0.0003
vn 0.9914 -0.1305 -0.0003
vn 0.9659 -0.2588 -0.0003
vn 0.9239 -0.3827 -0.0003
vn 0.8660 -0.5000 -0.0003
vn 0.7934 -0.6088 -0.0003
vn 0.7071 -0.7071 -0.0003
vn 0.6088 -0.7933 -0.0003
vn 0.5000 -0.8660 -0.0003
vn 0.3827 -0.9239 -0.0003
vn 0.2588 -0.9659 -0.0003
vn 0.1305 -0.9914 -0.0003
vn -0.0000 -1.0000 -0.0003
vn -0.1305 -0.9914 -0.0003
vn -0.2588 -0.9659 -0.0003
vn -0.3827 -0.9239 -0.0003
vn -0.5000 -0.8660 -0.0003
vn -0.6088 -0.7934 -0.0003
vn -0.7071 -0.7071 -0.0003
vn -0.7933 -0.6088 -0.0003
vn -0.8660 -0.5000 -0.0003
vn -0.9239 -0.3827 -0.0003
vn -0.9659 -0.2588 -0.0003
vn -0.9914 -0.1305 -0.0003
vn -1.0000 -0.0000 -0.0003
vn -0.9914 0.1305 -0.0003
vn -0.9659 0.2588 -0.0003
vn -0.9239 0.3827 -0.0003
vn -0.8660 0.5000 -0.0003
vn -0.7934 0.6088 -0.0003
vn -0.7071 0.7071 -0.0003
vn -0.6088 0.7933 -0.0003
vn -0.5000 0.8660 -0.0003
vn -0.3827 0.9239 -0.0003
vn -0.2588 0.9659 -0.0003
vn -0.1305 0.9914 -0.0003
vn -0.0000 1.0000 -0.0003
vn 0.1305 0.9914 -0.0003
vn 0.2588 0.9659 -0.0003
vn 0.3827 0.9239 -0.0003
vn 0.5000 0.8660 -0.0003
vn 0.6088 0.7934 -0.0003
vn 0.7071 0.7071 -0.0003
vn 0.7933 0.6088 -0.0003
vn 0.8660 0.5000 -0.0003
vn 0.9239 0.3827 -0.0003
vn 0.9659 0.2588 -0.0003
vn 0.9914 0.1305 -0.0003
vn 0.9874 -0.1300 0.0904
vn 0.9622 -0.2575 0.0889
vn 0.9874 0.1297 0.0904
vn 0.9959 -0.0000 0.0909
vn 0.9621 0.2577 0.0889
vn 0.9207 0.3804 0.0867
vn 0.8634 0.4976 0.0837
vn 0.7912 0.6063 0.0802
vn 0.7054 0.7046 0.0765
vn 0.6077 0.7909 0.0727
vn 0.4993 0.8636 0.0692
vn 0.3824 0.9216 0.0662
vn 0.2586 0.9639 0.0639
vn 0.1306 0.9895 0.0625
vn -0.0000 0.9981 0.0620
vn -0.1306 0.9895 0.0625
vn -0.2584 0.9639 0.0639
vn -0.3821 0.9217 0.0662
vn -0.4993 0.8636 0.0692
vn -0.6077 0.7909 0.0727
vn -0.7056 0.7045 0.0765
vn -0.7912 0.6062 0.0802
vn -0.8633 0.4977 0.0837
vn -0.9205 0.3810 0.0867
vn -0.9623 0.2572 0.0890
vn -0.9874 0.1297 0.0904
vn -0.9959 -0.0000 0.0909
vn -0.9874 -0.1300 0.0904
vn -0.9622 -0.2575 0.0890
vn -0.9206 -0.3809 0.0867
vn -0.8633 -0.4977 0.0837
vn -0.7912 -0.6062 0.0802
vn -0.7055 -0.7046 0.0765
vn -0.6076 -0.7909 0.0727
vn -0.4993 -0.8636 0.0692
vn -0.3827 -0.9215 0.0662
vn -0.2586 -0.9639 0.0639
vn -0.1306 -0.9895 0.0625
vn -0.0000 -0.9981 0.0620
vn 0.1306 -0.9895 0.0625
vn 0.2586 -0.9639 0.0639
vn 0.3824 -0.9216 0.0662
vn 0.4992 -0.8637 0.0692
vn 0.6077 -0.7908 0.0727
vn 0.7056 -0.7045 0.0765
vn 0.7912 -0.6062 0.0802
vn 0.8633 -0.4977 0.0837
vn 0.9205 -0.3810 0.0867
vn -0.9236 -0.2475 0.2928
vn -0.9480 -0.1248 0.2928
vn -0.8566 -0.1128 -0.5035
vn -0.8345 -0.2237 -0.5035
vn 0.3659 -0.8834 0.2928
vn 0.2475 -0.9236 0.2928
vn 0.2236 -0.8346 -0.5035
vn 0.3306 -0.7983 -0.5035
vn -0.0000 0.9562 0.2928
vn 0.1248 0.9480 0.2928
vn 0.1128 0.8566 -0.5035
vn -0.0000 0.8640 -0.5035
vn -0.9562 -0.0000 0.2928
vn -0.8640 -0.0000 -0.5035
vn 0.1248 -0.9480 0.2928
vn 0.1128 -0.8566 -0.5035
vn 0.2475 0.9236 0.2928
vn 0.2236 0.8346 -0.5035
vn -0.9480 0.1248 0.2928
vn -0.8566 0.1128 -0.5035
vn -0.0000 -0.9562 0.2928
vn -0.0000 -0.8640 -0.5035
vn 0.3659 0.8834 0.2928
vn 0.3307 0.7982 -0.5035
vn -0.9236 0.2475 0.2928
vn -0.8346 0.2236 -0.5035
vn -0.1248 -0.9480 0.2928
vn -0.1128 -0.8566 -0.5035
vn 0.4781 0.8281 0.2928
vn 0.4320 0.7482 -0.5035
vn -0.8834 0.3659 0.2928
vn -0.7982 0.3307 -0.5035
vn -0.2475 -0.9236 0.2928
vn -0.2236 -0.8346 -0.5035
vn 0.5821 0.7586 0.2928
vn 0.5260 0.6854 -0.5035
vn 0.9562 -0.0000 0.2928
vn 0.9480 -0.1248 0.2928
vn 0.8566 -0.1128 -0.5035
vn 0.8640 -0.0000 -0.5035
vn -0.8281 0.4781 0.2928
vn -0.7483 0.4320 -0.5034
vn -0.3659 -0.8834 0.2928
vn -0.3307 -0.7982 -0.5035
vn 0.6761 0.6761 0.2928
vn 0.6110 0.6110 -0.5034
vn 0.9236 -0.2475 0.2928
vn 0.8346 -0.2236 -0.5035
vn -0.7586 0.5821 0.2928
vn -0.6855 0.5260 -0.5034
vn -0.4781 -0.8281 0.2928
vn -0.4320 -0.7482 -0.5035
vn 0.7586 0.5821 0.2928
vn 0.6855 0.5260 -0.5034
vn 0.8834 -0.3659 0.2928
vn 0.7982 -0.3307 -0.5035
vn -0.6761 0.6761 0.2928
vn -0.6110 0.6110 -0.5034
vn -0.5821 -0.7586 0.2928
vn -0.5260 -0.6855 -0.5034
vn 0.8281 0.4781 0.2928
vn 0.7483 0.4320 -0.5034
vn 0.8281 -0.4781 0.2928
vn 0.7483 -0.4320 -0.5034
vn -0.5821 0.7586 0.2928
vn -0.5260 0.6855 -0.5035
vn -0.6761 -0.6761 0.2928
vn -0.6110 -0.6110 -0.5034
vn 0.8834 0.3659 0.2928
vn 0.7983 0.3306 -0.5034
vn 0.7586 -0.5821 0.2928
vn 0.6855 -0.5260 -0.5034
vn -0.4781 0.8281 0.2928
vn -0.4320 0.7483 -0.5035
vn -0.7586 -0.5821 0.2928
vn -0.6855 -0.5260 -0.5034
vn 0.9236 0.2475 0.2928
vn 0.8346 0.2236 -0.5035
vn 0.6761 -0.6761 0.2928
vn 0.6110 -0.6110 -0.5034
vn -0.3659 0.8834 0.2928
vn -0.3306 0.7983 -0.5034
vn -0.8281 -0.4781 0.2928
vn -0.7483 -0.4320 -0.5035
vn 0.9480 0.1248 0.2928
vn 0.8566 0.1128 -0.5035
vn 0.5821 -0.7586 0.2928
vn 0.5260 -0.6855 -0.5034
vn -0.2475 0.9236 0.2928
vn -0.2236 0.8346 -0.5034
vn -0.8834 -0.3659 0.2928
vn -0.7982 -0.3306 -0.5035
vn 0.4781 -0.8281 0.2928
vn 0.4320 -0.7483 -0.5035
vn -0.1248 0.9480 0.2928
vn -0.1128 0.8566 -0.5034
vn -0.9854 -0.1294 -0.1104
vn -0.9939 -0.0000 -0.1106
vn -0.9854 -0.1295 -0.1104
vn -0.9602 -0.2567 -0.1098
vn -0.9602 -0.2568 -0.1098
vn -0.9187 -0.3796 -0.1088
vn -0.9188 -0.3794 -0.1088
vn -0.8615 -0.4962 -0.1075
vn -0.8614 -0.4964 -0.1075
vn -0.7896 -0.6044 -0.1060
vn -0.7894 -0.6047 -0.1060
vn -0.7041 -0.7024 -0.1044
vn -0.7038 -0.7027 -0.1044
vn -0.6064 -0.7885 -0.1028
vn -0.6062 -0.7887 -0.1028
vn -0.4983 -0.8611 -0.1013
vn -0.4980 -0.8612 -0.1013
vn -0.3815 -0.9189 -0.1001
vn -0.3816 -0.9189 -0.1001
vn -0.2581 -0.9610 -0.0992
vn -0.2579 -0.9611 -0.0992
vn -0.1302 -0.9866 -0.0986
vn -0.1301 -0.9866 -0.0986
vn -0.0000 -0.9951 -0.0984
vn 0.1302 -0.9866 -0.0986
vn 0.1301 -0.9866 -0.0986
vn 0.2581 -0.9610 -0.0992
vn 0.2579 -0.9611 -0.0992
vn 0.3815 -0.9189 -0.1001
vn 0.3813 -0.9190 -0.1001
vn 0.4983 -0.8611 -0.1013
vn 0.4980 -0.8612 -0.1013
vn 0.6064 -0.7885 -0.1028
vn 0.7041 -0.7024 -0.1044
vn 0.7038 -0.7027 -0.1044
vn 0.7896 -0.6044 -0.1060
vn 0.7894 -0.6047 -0.1060
vn 0.8615 -0.4962 -0.1075
vn 0.8616 -0.4962 -0.1075
vn 0.9187 -0.3796 -0.1088
vn 0.9186 -0.3798 -0.1088
vn 0.9602 -0.2567 -0.1098
vn 0.9602 -0.2568 -0.1098
vn 0.9854 -0.1294 -0.1104
vn 0.9854 -0.1295 -0.1104
vn 0.9939 -0.0000 -0.1106
vn 0.9854 0.1294 -0.1104
vn 0.9854 0.1295 -0.1104
vn 0.9602 0.2567 -0.1098
vn 0.9602 0.2568 -0.1098
vn 0.9187 0.3796 -0.1088
vn 0.9186 0.3798 -0.1088
vn 0.8615 0.4962 -0.1075
vn 0.8614 0.4964 -0.1075
vn 0.7896 0.6044 -0.1060
vn 0.7894 0.6047 -0.1060
vn 0.7041 0.7024 -0.1044
vn 0.6064 0.7885 -0.1028
vn 0.6062 0.7887 -0.1028
vn 0.4980 0.8612 -0.1013
vn 0.4983 0.8611 -0.1013
vn 0.3815 0.9189 -0.1001
vn 0.3813 0.9190 -0.1001
vn 0.2581 0.9610 -0.0992
vn 0.2582 0.9610 -0.0992
vn 0.1302 0.9866 -0.0986
vn 0.1301 0.9866 -0.0986
vn -0.0000 0.9951 -0.0984
vn -0.1302 0.9866 -0.0986
vn -0.1301 0.9866 -0.0986
vn -0.2581 0.9610 -0.0992
vn -0.2579 0.9611 -0.0992
vn -0.3815 0.9189 -0.1001
vn -0.3816 0.9189 -0.1001
vn -0.4983 0.8611 -0.1013
vn -0.6064 0.7885 -0.1028
vn -0.6062 0.7887 -0.1028
vn -0.7041 0.7024 -0.1044
vn -0.7038 0.7027 -0.1044
vn -0.7896 0.6044 -0.1060
vn -0.7894 0.6047 -0.1060
vn -0.8615 0.4962 -0.1075
vn -0.9187 0.3796 -0.1088
vn -0.9186 0.3798 -0.1088
vn -0.9602 0.2567 -0.1098
vn -0.9602 0.2568 -0.1098
vn -0.9854 0.1294 -0.1104
vn -0.9854 0.1295 -0.1104
vn -0.9101 -0.0000 -0.4143
vn -0.9025 0.1189 -0.4139
vn -0.8290 0.1093 0.5485
vn -0.8367 -0.0000 0.5477
vn -0.8798 0.2360 -0.4126
vn -0.8060 0.2163 0.5510
vn -0.8423 0.3492 -0.4106
vn -0.7683 0.3188 0.5551
vn -0.7905 0.4568 -0.4079
vn -0.7170 0.4147 0.5603
vn -0.7252 0.5569 -0.4049
vn -0.6534 0.5023 0.5663
vn -0.6473 0.6479 -0.4016
vn -0.5791 0.5802 0.5727
vn -0.5581 0.7279 -0.3983
vn -0.4957 0.6472 0.5791
vn -0.4590 0.7957 -0.3952
vn -0.4049 0.7027 0.5850
vn -0.3517 0.8498 -0.3927
vn -0.3084 0.7461 0.5900
vn -0.2381 0.8892 -0.3906
vn -0.2078 0.7772 0.5939
vn -0.1201 0.9132 -0.3894
vn -0.1046 0.7959 0.5963
vn -0.0000 0.9212 -0.3890
vn -0.0000 0.8022 0.5971
vn 0.1201 0.9132 -0.3894
vn 0.1046 0.7959 0.5963
vn 0.2381 0.8892 -0.3906
vn 0.2079 0.7773 0.5939
vn 0.3517 0.8498 -0.3927
vn 0.3084 0.7461 0.5900
vn 0.4590 0.7957 -0.3952
vn 0.4049 0.7027 0.5850
vn 0.5581 0.7279 -0.3983
vn 0.4957 0.6472 0.5791
vn 0.6473 0.6479 -0.4016
vn 0.5791 0.5802 0.5727
vn 0.7252 0.5569 -0.4049
vn 0.6534 0.5023 0.5663
vn 0.7905 0.4568 -0.4079
vn 0.7170 0.4147 0.5603
vn 0.8423 0.3492 -0.4106
vn 0.7683 0.3188 0.5550
vn 0.8798 0.2360 -0.4126
vn 0.8059 0.2163 0.5510
vn 0.9025 0.1189 -0.4139
vn 0.8290 0.1093 0.5485
vn 0.9101 -0.0000 -0.4143
vn 0.8367 -0.0000 0.5476
vn 0.9025 -0.1189 -0.4139
vn 0.8290 -0.1093 0.5485
vn 0.8798 -0.2359 -0.4126
vn 0.8059 -0.2163 0.5510
vn 0.8423 -0.3492 -0.4106
vn 0.7683 -0.3188 0.5550
vn 0.7905 -0.4568 -0.4079
vn 0.7170 -0.4147 0.5603
vn 0.7252 -0.5569 -0.4049
vn 0.6534 -0.5023 0.5663
vn 0.6473 -0.6479 -0.4016
vn 0.5791 -0.5802 0.5727
vn 0.5581 -0.7279 -0.3983
vn 0.4957 -0.6472 0.5791
vn 0.4590 -0.7957 -0.3952
vn 0.4049 -0.7027 0.5850
vn 0.3517 -0.8498 -0.3927
vn 0.3084 -0.7461 0.5900
vn 0.2381 -0.8892 -0.3907
vn 0.2079 -0.7773 0.5939
vn 0.1201 -0.9132 -0.3894
vn 0.1046 -0.7960 0.5963
vn -0.0000 -0.9212 -0.3890
vn -0.0000 -0.8021 0.5971
vn -0.1201 -0.9132 -0.3894
vn -0.1046 -0.7960 0.5963
vn -0.2381 -0.8892 -0.3907
vn -0.2079 -0.7773 0.5939
vn -0.3517 -0.8498 -0.3927
vn -0.3084 -0.7461 0.5900
vn -0.4590 -0.7957 -0.3952
vn -0.4049 -0.7027 0.5850
vn -0.5581 -0.7279 -0.3983
vn -0.4957 -0.6472 0.5791
vn -0.6473 -0.6479 -0.4016
vn -0.5791 -0.5802 0.5727
vn -0.7252 -0.5569 -0.4049
vn -0.6534 -0.5023 0.5663
vn -0.7905 -0.4568 -0.4079
vn -0.7170 -0.4147 0.5603
vn -0.8423 -0.3492 -0.4106
vn -0.7683 -0.3188 0.5551
vn -0.8798 -0.2359 -0.4126
vn -0.8059 -0.2163 0.5510
vn -0.9025 -0.1189 -0.4139
vn -0.8290 -0.1093 0.5485
vn 0.0359 0.0097 -0.9993
vn 0.0353 0.0047 -0.9994
vn -0.0235 0.0570 -0.9981
vn -0.0166 0.0620 -0.9979
vn -0.0000 -0.0662 -0.9978
vn -0.0086 -0.0651 -0.9978
vn 0.0351 -0.0000 -0.9994
vn -0.0086 0.0651 -0.9978
vn -0.0166 -0.0620 -0.9979
vn 0.0353 -0.0047 -0.9994
vn -0.0000 0.0662 -0.9978
vn -0.0237 -0.0570 -0.9981
vn 0.0359 -0.0097 -0.9993
vn 0.0086 0.0651 -0.9978
vn -0.0293 -0.0506 -0.9983
vn 0.0366 -0.0152 -0.9992
vn 0.0167 0.0620 -0.9979
vn -0.0332 -0.0435 -0.9985
vn -0.0351 -0.0000 -0.9994
vn -0.0353 0.0047 -0.9994
vn 0.0372 -0.0216 -0.9991
vn 0.0237 0.0570 -0.9981
vn -0.0357 -0.0359 -0.9987
vn -0.0359 0.0097 -0.9993
vn 0.0369 -0.0285 -0.9989
vn 0.0293 0.0506 -0.9983
vn -0.0370 -0.0285 -0.9989
vn -0.0366 0.0152 -0.9992
vn 0.0358 -0.0359 -0.9987
vn 0.0333 0.0435 -0.9985
vn -0.0371 -0.0215 -0.9991
vn -0.0370 0.0215 -0.9991
vn 0.0332 -0.0435 -0.9985
vn 0.0358 0.0359 -0.9987
vn -0.0366 -0.0152 -0.9992
vn -0.0370 0.0285 -0.9989
vn 0.0293 -0.0506 -0.9983
vn 0.0369 0.0285 -0.9989
vn -0.0359 -0.0097 -0.9993
vn -0.0358 0.0359 -0.9987
vn 0.0237 -0.0570 -0.9981
vn 0.0370 0.0215 -0.9991
vn -0.0353 -0.0047 -0.9994
vn -0.0333 0.0435 -0.9985
vn 0.0166 -0.0619 -0.9979
vn 0.0366 0.0152 -0.9992
vn -0.0293 0.0506 -0.9983
vn 0.0086 -0.0651 -0.9978
vn -0.4680 0.0619 0.8816
vn -0.4730 -0.0000 0.8810
vn -0.4532 0.1216 0.8831
vn -0.4291 0.1784 0.8855
vn -0.3969 0.2301 0.8886
vn -0.3582 0.2756 0.8920
vn -0.3137 0.3150 0.8958
vn -0.2654 0.3474 0.8994
vn -0.2145 0.3731 0.9027
vn -0.1618 0.3924 0.9054
vn -0.1083 0.4058 0.9075
vn -0.0542 0.4137 0.9088
vn -0.0000 0.4163 0.9092
vn 0.0542 0.4137 0.9088
vn 0.1086 0.4057 0.9075
vn 0.1623 0.3923 0.9054
vn 0.2149 0.3729 0.9027
vn 0.2654 0.3474 0.8994
vn 0.3137 0.3150 0.8958
vn 0.3582 0.2756 0.8920
vn 0.3969 0.2301 0.8886
vn 0.4291 0.1784 0.8855
vn 0.4531 0.1219 0.8831
vn 0.4680 0.0619 0.8816
vn 0.4730 -0.0000 0.8810
vn 0.4680 -0.0619 0.8816
vn 0.4531 -0.1219 0.8831
vn 0.4293 -0.1780 0.8855
vn 0.3969 -0.2301 0.8886
vn 0.3580 -0.2758 0.8921
vn 0.3140 -0.3148 0.8957
vn 0.2657 -0.3472 0.8994
vn 0.2149 -0.3729 0.9027
vn 0.1622 -0.3923 0.9054
vn 0.1083 -0.4058 0.9075
vn 0.0542 -0.4137 0.9088
vn -0.0000 -0.4162 0.9093
vn -0.0542 -0.4137 0.9088
vn -0.1086 -0.4057 0.9075
vn -0.1622 -0.3923 0.9054
vn -0.2145 -0.3731 0.9027
vn -0.2657 -0.3472 0.8993
vn -0.3141 -0.3147 0.8957
vn -0.3580 -0.2758 0.8921
vn -0.3972 -0.2297 0.8885
vn -0.4291 -0.1784 0.8855
vn -0.4532 -0.1216 0.8831
vn -0.4680 -0.0619 0.8816
vn 0.8039 0.5841 -0.1125
vn 0.8090 0.5878 -0.0000
vn 0.9936 -0.0000 -0.1125
vn 0.3071 -0.9450 -0.1125
vn 0.3090 -0.9511 -0.0000
vn -0.3090 -0.9511 -0.0000
vn -0.3070 -0.9450 -0.1125
vn -0.8090 -0.5878 -0.0000
vn -0.8039 -0.5841 -0.1125
vn -0.9936 -0.0000 -0.1125
vn -0.8090 0.5878 -0.0000
vn -0.8039 0.5840 -0.1125
vn -0.3090 0.9511 -0.0000
vn -0.3071 0.9450 -0.1125
vn 0.3090 0.9511 -0.0000
vn 0.3070 0.9450 -0.1125
vn -0.1333 -0.4102 -0.9022
vn -0.3490 -0.2535 -0.9022
vn 0.8039 -0.5840 -0.1125
vn 0.8090 -0.5878 -0.0000
vn 0.3490 -0.2535 -0.9022
vn 0.4314 -0.0000 -0.9022
vn 0.1333 -0.4102 -0.9022
vn -0.4314 -0.0000 -0.9022
vn -0.3490 0.2535 -0.9022
vn -0.1333 0.4102 -0.9022
vn 0.1333 0.4102 -0.9022
vn 0.3490 0.2535 -0.9022
vn -0.8898 0.0368 -0.4548
vn -0.8832 0.1267 -0.4515
vn -0.8908 0.0369 -0.4530
vn -0.0118 0.9999 -0.0060
vn -0.0119 0.9999 -0.0061
vn -0.1376 0.9880 -0.0704
vn -0.1379 0.9880 -0.0698
vn -0.6892 0.6320 -0.3543
vn -0.6900 0.6320 -0.3527
vn -0.4025 0.8920 -0.2058
vn -0.4018 0.8920 -0.2071
vn -0.6909 0.6320 -0.3511
vn -0.4032 0.8920 -0.2044
vn -0.8518 0.2894 -0.4366
vn -0.1374 0.9880 -0.0709
vn -0.0118 0.9999 -0.0061
vn -0.8887 0.0366 -0.4570
vn -0.8889 0.0377 -0.4565
vn -0.8889 0.0369 -0.4567
vn -0.8911 0.0364 -0.4523
vn -0.8906 0.0377 -0.4532
vn -0.8898 0.0395 -0.4545
vn -0.8896 0.0395 -0.4550
vn -0.8528 0.2894 -0.4347
vn 0.8912 -0.0399 0.4518
vn 0.8809 -0.1457 0.4503
vn 0.8897 -0.0400 0.4548
vn 0.1467 -0.9864 0.0743
vn 0.1464 -0.9864 0.0749
vn 0.0135 -0.9999 0.0069
vn 0.6907 -0.6300 0.3550
vn 0.4099 -0.8873 0.2113
vn 0.4106 -0.8873 0.2099
vn 0.6915 -0.6300 0.3535
vn 0.4113 -0.8873 0.2085
vn 0.6923 -0.6300 0.3519
vn 0.8467 -0.3079 0.4340
vn 0.1462 -0.9864 0.0754
vn 0.8866 -0.0389 0.4609
vn 0.8870 -0.0387 0.4602
vn 0.8882 -0.0399 0.4578
vn 0.8928 -0.0389 0.4487
vn 0.8925 -0.0388 0.4494
vn 0.8886 -0.0454 0.4564
vn 0.8904 -0.0454 0.4530
vn 0.8477 -0.3079 0.4320
vn 0.0510 0.9984 0.0261
vn -0.1190 0.9301 0.3475
vn -0.1192 0.9301 0.3474
vn 0.4531 0.2603 -0.8526
vn 0.4024 0.5704 -0.7160
vn 0.4531 0.2604 -0.8526
vn 0.2118 0.9301 -0.3001
vn 0.2120 0.9301 -0.3000
vn 0.4422 -0.0000 -0.8969
vn 0.4550 0.0003 -0.8905
vn 0.4422 0.0001 -0.8969
vn -0.3447 0.5704 0.7456
vn -0.4256 0.2607 0.8666
vn -0.4256 0.2604 0.8666
vn -0.4553 0.0004 0.8903
vn -0.4679 0.0001 0.8838
vn -0.4679 -0.0000 0.8838
vn -0.4552 0.0002 0.8904
vn 0.4509 0.0047 -0.8926
vn 0.4591 0.0539 -0.8867
vn 0.4519 0.0049 -0.8921
vn 0.4538 0.0028 -0.8911
vn -0.4498 0.0539 0.8915
vn -0.4594 0.0047 0.8882
vn -0.4584 0.0049 0.8888
vn -0.4565 0.0028 0.8897
vn -0.4563 0.0025 0.8898
vn -0.4403 0.1378 0.8872
vn 0.4612 0.1378 -0.8765
vn 0.4612 0.1379 -0.8765
vn -0.6480 -0.0000 0.7617
vn -0.8642 -0.0000 0.5031
vn -0.9844 -0.0000 0.1760
vn -0.9876 -0.0000 -0.1568
vn -0.8904 -0.0000 -0.4551
vn -0.7055 -0.0000 -0.7087
vn -0.4339 -0.0000 -0.9010
vn -0.0984 -0.0000 -0.9951
vn 0.2379 -0.0000 -0.9713
vn 0.9239 -0.0000 -0.3827
vn 0.9183 0.1101 -0.3804
vn 0.9939 0.1101 -0.0000
vn 0.7071 -0.0000 0.7071
vn 0.7028 0.1101 0.7028
vn 0.3804 0.1101 0.9183
vn 0.3827 -0.0000 0.9239
vn -0.0000 0.1101 0.9939
vn -0.3804 0.1101 0.9183
vn -0.3827 -0.0000 0.9239
vn -0.7028 0.1101 0.7028
vn -0.7071 -0.0000 0.7071
vn -0.9183 0.1101 0.3804
vn -0.9239 -0.0000 0.3827
vn -0.9939 0.1101 -0.0000
vn -0.9183 0.1101 -0.3804
vn -0.9239 -0.0000 -0.3827
vn -0.7028 0.1101 -0.7028
vn -0.7071 -0.0000 -0.7071
vn -0.3804 0.1101 -0.9183
vn -0.3827 -0.0000 -0.9239
vn -0.0000 0.1101 -0.9939
vn 0.3804 0.1101 -0.9183
vn 0.3827 -0.0000 -0.9239
vn 0.7028 0.1101 -0.7028
vn 0.7071 -0.0000 -0.7071
vn 0.9183 0.1101 0.3804
vn 0.9239 -0.0000 0.3827
vn 0.7123 0.7019 -0.0000
vn 0.6581 0.7019 0.2726
vn 0.1306 0.9914 -0.0000
vn 0.1206 0.9914 0.0500
vn 0.5037 0.7019 0.5037
vn 0.0923 0.9914 0.0923
vn 0.2726 0.7019 0.6581
vn 0.0499 0.9914 0.1207
vn -0.0000 0.7019 0.7123
vn -0.0000 0.9914 0.1306
vn -0.2726 0.7019 0.6581
vn -0.0500 0.9914 0.1206
vn -0.5037 0.7019 0.5037
vn -0.0923 0.9914 0.0923
vn -0.6581 0.7019 0.2726
vn -0.1206 0.9914 0.0500
vn -0.7123 0.7019 -0.0000
vn -0.1306 0.9914 -0.0000
vn -0.6581 0.7019 -0.2726
vn -0.1206 0.9914 -0.0500
vn -0.5037 0.7019 -0.5037
vn -0.0923 0.9914 -0.0923
vn -0.2726 0.7019 -0.6581
vn -0.0500 0.9914 -0.1206
vn -0.0000 0.7019 -0.7123
vn -0.0000 0.9914 -0.1306
vn 0.2726 0.7019 -0.6581
vn 0.0500 0.9914 -0.1206
vn 0.5037 0.7019 -0.5037
vn 0.0924 0.9914 -0.0923
vn 0.6581 0.7019 -0.2726
vn 0.1206 0.9914 -0.0500
vn 0.7782 -0.0000 0.6281
vn 0.1061 -0.0000 0.9944
vn -0.6281 -0.0000 0.7782
vn -0.9944 -0.0000 0.1061
vn -0.7782 -0.0000 -0.6281
vn -0.1061 -0.0000 -0.9944
vn 0.6281 -0.0000 -0.7782
vn 0.9944 -0.0000 -0.1061
vn -0.0879 0.2115 0.9734
vn -0.1149 0.1983 0.9734
vn -0.0000 -0.2290 0.9734
vn 0.0300 -0.2270 0.9734
vn 0.2277 0.0299 0.9733
vn 0.2219 0.0592 0.9733
vn 0.2277 0.0298 0.9733
vn -0.2277 -0.0299 0.9733
vn -0.2219 -0.0592 0.9733
vn -0.2277 -0.0298 0.9733
vn -0.0594 0.2212 0.9734
vn -0.0595 0.2212 0.9734
vn -0.0300 -0.2270 0.9734
vn 0.2297 -0.0000 0.9733
vn -0.0300 0.2270 0.9734
vn -0.0594 -0.2212 0.9734
vn -0.0595 -0.2212 0.9734
vn 0.2277 -0.0299 0.9733
vn 0.2277 -0.0298 0.9733
vn -0.2297 -0.0000 0.9733
vn -0.0000 0.2290 0.9734
vn -0.0879 -0.2115 0.9734
vn -0.2122 0.0876 0.9733
vn -0.2219 0.0592 0.9733
vn -0.2122 0.0875 0.9733
vn 0.2219 -0.0592 0.9733
vn 0.0300 0.2270 0.9734
vn -0.1149 -0.1983 0.9734
vn 0.2122 -0.0876 0.9733
vn 0.2122 -0.0875 0.9733
vn 0.0594 0.2212 0.9734
vn 0.0595 0.2212 0.9734
vn -0.1398 -0.1816 0.9734
vn -0.1399 -0.1816 0.9734
vn -0.1989 0.1144 0.9733
vn -0.1990 0.1144 0.9733
vn 0.1989 -0.1144 0.9733
vn 0.1990 -0.1144 0.9733
vn 0.0879 0.2115 0.9734
vn -0.1624 -0.1619 0.9734
vn -0.1625 -0.1618 0.9734
vn 0.1822 -0.1393 0.9733
vn 0.1823 -0.1393 0.9733
vn 0.1149 0.1983 0.9734
vn -0.1822 -0.1393 0.9733
vn -0.1823 -0.1393 0.9733
vn -0.1822 0.1393 0.9733
vn -0.1823 0.1393 0.9733
vn 0.1624 -0.1619 0.9734
vn 0.1625 -0.1618 0.9734
vn 0.1398 0.1816 0.9734
vn 0.1399 0.1816 0.9734
vn -0.2277 0.0299 0.9733
vn -0.2277 0.0298 0.9733
vn 0.1398 -0.1816 0.9734
vn 0.1399 -0.1816 0.9734
vn 0.1624 0.1619 0.9734
vn 0.1625 0.1618 0.9734
vn -0.1989 -0.1144 0.9733
vn -0.1990 -0.1144 0.9733
vn -0.1624 0.1619 0.9734
vn -0.1625 0.1618 0.9734
vn 0.1149 -0.1983 0.9734
vn 0.1822 0.1393 0.9733
vn 0.1823 0.1393 0.9733
vn -0.2122 -0.0876 0.9733
vn -0.2122 -0.0875 0.9733
vn 0.0879 -0.2115 0.9734
vn 0.1989 0.1144 0.9733
vn 0.1990 0.1144 0.9733
vn -0.1398 0.1816 0.9734
vn -0.1399 0.1816 0.9734
vn 0.0594 -0.2212 0.9734
vn 0.0595 -0.2212 0.9734
vn 0.2122 0.0876 0.9733
vn 0.2122 0.0875 0.9733
vn 0.1309 -0.9914 -0.0000
vn -0.3838 0.9234 -0.0000
vn -0.2596 0.9657 -0.0000
vn -0.0000 -0.0103 0.9999
vn -0.0013 -0.0102 0.9999
vn -0.0027 0.0099 0.9999
vn -0.0013 0.0102 0.9999
vn -0.0027 -0.0099 0.9999
vn -0.0039 -0.0095 0.9999
vn -0.0000 0.0103 0.9999
vn 0.0013 0.0102 0.9999
vn -0.0052 -0.0089 0.9999
vn 0.0027 0.0099 0.9999
vn -0.0063 -0.0082 0.9999
vn 0.0039 0.0095 0.9999
vn -0.0073 -0.0073 0.9999
vn 0.0052 0.0089 0.9999
vn -0.0082 -0.0063 0.9999
vn 0.0063 0.0082 0.9999
vn -0.0089 -0.0051 0.9999
vn 0.0073 0.0073 0.9999
vn -0.0095 -0.0039 0.9999
vn 0.0082 0.0063 0.9999
vn -0.0100 -0.0027 0.9999
vn 0.0089 0.0051 0.9999
vn -0.0102 -0.0013 0.9999
vn 0.0095 0.0039 0.9999
vn -0.0103 -0.0000 0.9999
vn -0.0102 0.0013 0.9999
vn 0.0100 0.0027 0.9999
vn 0.0102 0.0013 0.9999
vn -0.9915 0.1300 -0.0000
vn -0.9662 0.2578 -0.0000
vn -0.9244 0.3814 -0.0000
vn -0.8669 0.4985 -0.0000
vn -0.7945 0.6073 -0.0000
vn -0.7084 0.7058 -0.0000
vn -0.6101 0.7923 -0.0000
vn -0.5013 0.8653 -0.0000
vn -0.1310 0.9914 -0.0000
vn 0.1310 0.9914 -0.0000
vn 0.2596 0.9657 -0.0000
vn 0.3838 0.9234 -0.0000
vn 0.5013 0.8653 -0.0000
vn 0.6101 0.7923 -0.0000
vn 0.7084 0.7058 -0.0000
vn 0.7945 0.6073 -0.0000
vn 0.8669 0.4985 -0.0000
vn 0.9244 0.3814 -0.0000
vn 0.9662 0.2578 -0.0000
vn 0.9915 0.1300 -0.0000
vn 0.9915 -0.1300 -0.0000
vn 0.9662 -0.2578 -0.0000
vn 0.9244 -0.3814 -0.0000
vn 0.8669 -0.4985 -0.0000
vn 0.7945 -0.6073 -0.0000
vn 0.7084 -0.7058 -0.0000
vn 0.6101 -0.7923 -0.0000
vn 0.5013 -0.8653 -0.0000
vn 0.3838 -0.9234 -0.0000
vn 0.2596 -0.9657 -0.0000
vn -0.1309 -0.9914 -0.0000
vn -0.2596 -0.9657 -0.0000
vn -0.3838 -0.9234 -0.0000
vn -0.5013 -0.8653 -0.0000
vn -0.6101 -0.7923 -0.0000
vn -0.7084 -0.7058 -0.0000
vn -0.7945 -0.6073 -0.0000
vn -0.8669 -0.4985 -0.0000
vn -0.9244 -0.3814 -0.0000
vn -0.9662 -0.2578 -0.0000
vn -0.9915 -0.1300 -0.0000
vn -0.0039 0.0095 0.9999
vn 0.0013 -0.0102 0.9999
vn -0.0052 0.0089 0.9999
vn 0.0027 -0.0099 0.9999
vn -0.0063 0.0082 0.9999
vn 0.0039 -0.0095 0.9999
vn -0.0073 0.0073 0.9999
vn 0.0052 -0.0089 0.9999
vn -0.0082 0.0063 0.9999
vn 0.0063 -0.0082 0.9999
vn -0.0089 0.0051 0.9999
vn 0.0073 -0.0073 0.9999
vn -0.0095 0.0039 0.9999
vn 0.0082 -0.0063 0.9999
vn -0.0100 0.0027 0.9999
vn 0.0089 -0.0051 0.9999
vn 0.0095 -0.0039 0.9999
vn 0.0100 -0.0027 0.9999
vn 0.0102 -0.0013 0.9999
vn 0.0103 -0.0000 0.9999
vn -0.3903 -0.0000 0.9207
vn -0.3870 -0.0508 0.9207
vn -0.7030 -0.0922 0.7051
vn -0.7091 -0.0000 0.7051
vn -0.9164 -0.1201 0.3817
vn -0.9243 -0.0000 0.3817
vn -0.3771 -0.1007 0.9207
vn -0.6851 -0.1828 0.7052
vn -0.8930 -0.2383 0.3818
vn -0.3608 -0.1489 0.9207
vn -0.6554 -0.2704 0.7052
vn -0.8544 -0.3525 0.3818
vn -0.3382 -0.1946 0.9207
vn -0.6146 -0.3534 0.7053
vn -0.8012 -0.4607 0.3819
vn -0.3099 -0.2370 0.9208
vn -0.5632 -0.4305 0.7054
vn -0.7343 -0.5612 0.3819
vn -0.2763 -0.2754 0.9208
vn -0.5021 -0.5003 0.7054
vn -0.6547 -0.6522 0.3820
vn -0.2379 -0.3090 0.9208
vn -0.4324 -0.5615 0.7055
vn -0.5639 -0.7322 0.3820
vn -0.1954 -0.3374 0.9208
vn -0.3553 -0.6132 0.7056
vn -0.4633 -0.7996 0.3821
vn -0.1496 -0.3601 0.9209
vn -0.2720 -0.6543 0.7056
vn -0.3547 -0.8533 0.3821
vn -0.1012 -0.3765 0.9209
vn -0.1840 -0.6843 0.7056
vn -0.2399 -0.8924 0.3822
vn -0.0510 -0.3865 0.9209
vn -0.0928 -0.7024 0.7057
vn -0.1210 -0.9161 0.3822
vn -0.0000 -0.3898 0.9209
vn -0.0000 -0.7085 0.7057
vn -0.0000 -0.9241 0.3822
vn 0.0510 -0.3865 0.9209
vn 0.0928 -0.7025 0.7057
vn 0.1210 -0.9161 0.3822
vn 0.1012 -0.3765 0.9209
vn 0.1840 -0.6843 0.7056
vn 0.2399 -0.8924 0.3822
vn 0.1496 -0.3601 0.9209
vn 0.2720 -0.6543 0.7056
vn 0.3547 -0.8533 0.3821
vn 0.1954 -0.3374 0.9208
vn 0.3553 -0.6132 0.7056
vn 0.4633 -0.7996 0.3821
vn 0.2379 -0.3090 0.9208
vn 0.4324 -0.5615 0.7055
vn 0.5639 -0.7322 0.3820
vn 0.2763 -0.2754 0.9208
vn 0.5021 -0.5003 0.7054
vn 0.6547 -0.6522 0.3820
vn 0.3099 -0.2370 0.9208
vn 0.5632 -0.4305 0.7054
vn 0.7343 -0.5612 0.3819
vn 0.3382 -0.1946 0.9207
vn 0.6146 -0.3534 0.7053
vn 0.8012 -0.4607 0.3818
vn 0.3608 -0.1489 0.9207
vn 0.6554 -0.2704 0.7052
vn 0.8544 -0.3525 0.3818
vn 0.3771 -0.1007 0.9207
vn 0.6851 -0.1828 0.7052
vn 0.8930 -0.2383 0.3818
vn 0.3870 -0.0508 0.9207
vn 0.7030 -0.0922 0.7051
vn 0.9164 -0.1201 0.3817
vn 0.3903 -0.0000 0.9207
vn 0.7091 -0.0000 0.7051
vn 0.9243 -0.0000 0.3817
vn 0.3870 0.0508 0.9207
vn 0.7030 0.0922 0.7051
vn 0.9164 0.1201 0.3817
vn 0.3771 0.1007 0.9207
vn 0.6851 0.1828 0.7052
vn 0.8930 0.2383 0.3818
vn 0.3608 0.1489 0.9207
vn 0.6554 0.2704 0.7052
vn 0.8544 0.3525 0.3818
vn 0.3382 0.1946 0.9207
vn 0.6146 0.3534 0.7053
vn 0.8012 0.4607 0.3819
vn 0.3099 0.2370 0.9208
vn 0.5632 0.4305 0.7054
vn 0.7343 0.5612 0.3819
vn 0.2763 0.2754 0.9208
vn 0.5021 0.5003 0.7054
vn 0.6547 0.6522 0.3820
vn 0.2379 0.3090 0.9208
vn 0.4324 0.5615 0.7055
vn 0.5639 0.7322 0.3820
vn 0.1954 0.3374 0.9208
vn 0.3553 0.6132 0.7056
vn 0.4633 0.7996 0.3821
vn 0.1496 0.3601 0.9209
vn 0.2720 0.6543 0.7056
vn 0.3547 0.8533 0.3822
vn 0.1012 0.3765 0.9209
vn 0.1840 0.6842 0.7057
vn 0.2399 0.8924 0.3822
vn 0.0510 0.3865 0.9209
vn 0.0928 0.7025 0.7057
vn 0.1210 0.9161 0.3822
vn -0.0000 0.3898 0.9209
vn -0.0000 0.7085 0.7057
vn -0.0000 0.9241 0.3822
vn -0.0510 0.3865 0.9209
vn -0.0928 0.7025 0.7057
vn -0.1210 0.9161 0.3822
vn -0.1012 0.3765 0.9209
vn -0.1840 0.6843 0.7056
vn -0.2399 0.8924 0.3822
vn -0.1496 0.3601 0.9209
vn -0.2720 0.6543 0.7056
vn -0.3547 0.8533 0.3822
vn -0.1954 0.3374 0.9208
vn -0.3553 0.6132 0.7056
vn -0.4633 0.7996 0.3821
vn -0.2379 0.3090 0.9208
vn -0.4324 0.5615 0.7055
vn -0.5639 0.7322 0.3820
vn -0.2763 0.2754 0.9208
vn -0.5021 0.5003 0.7054
vn -0.6547 0.6522 0.3820
vn -0.3099 0.2370 0.9208
vn -0.5632 0.4305 0.7054
vn -0.7343 0.5612 0.3819
vn -0.3382 0.1946 0.9207
vn -0.6145 0.3534 0.7053
vn -0.8012 0.4607 0.3818
vn -0.3608 0.1489 0.9207
vn -0.6554 0.2704 0.7052
vn -0.8544 0.3525 0.3818
vn -0.3771 0.1007 0.9207
vn -0.6851 0.1828 0.7052
vn -0.8930 0.2383 0.3818
vn -0.3870 0.0508 0.9207
vn -0.7031 0.0922 0.7051
vn -0.9164 0.1201 0.3817
vn 0.7924 -0.5757 0.2014
vn 0.9795 -0.0000 0.2014
vn 0.3027 0.9316 0.2014
vn -0.3027 0.9316 0.2014
vn -0.7924 0.5757 0.2014
vn -0.9795 -0.0000 0.2014
vn -0.7924 -0.5757 0.2014
vn -0.3027 -0.9316 0.2014
vn 0.3027 -0.9316 0.2014
vn -0.1017 0.3131 0.9442
vn -0.2664 0.1935 0.9442
vn 0.7924 0.5757 0.2014
vn 0.2664 0.1935 0.9442
vn 0.3293 -0.0000 0.9442
vn 0.1017 0.3131 0.9442
vn -0.3293 -0.0000 0.9442
vn -0.2664 -0.1935 0.9442
vn -0.1017 -0.3131 0.9442
vn 0.1017 -0.3131 0.9442
vn 0.2664 -0.1935 0.9442
vn 0.8387 0.5446 -0.0000
vn 0.5930 0.3851 0.7071
vn -0.5930 -0.3851 0.7071
vn -0.8387 -0.5446 -0.0000
vn -0.5930 -0.3851 -0.7071
vn 0.5930 0.3851 -0.7071
vn 0.8533 0.5214 -0.0000
vn 0.7748 0.5032 0.3827
vn 0.7895 0.4799 0.3825
vn 0.6078 0.3619 0.7068
vn 0.3209 0.2084 0.9239
vn 0.3358 0.1853 0.9235
vn 0.0150 -0.0230 0.9996
vn -0.3209 -0.2084 0.9239
vn -0.3059 -0.2314 0.9235
vn -0.5778 -0.4080 0.7068
vn -0.7748 -0.5032 0.3827
vn -0.7596 -0.5260 0.3825
vn -0.8234 -0.5675 -0.0000
vn -0.7748 -0.5032 -0.3827
vn -0.7596 -0.5260 -0.3825
vn -0.5778 -0.4080 -0.7068
vn -0.3209 -0.2084 -0.9239
vn -0.3059 -0.2314 -0.9235
vn 0.0150 -0.0230 -0.9996
vn 0.3209 0.2084 -0.9239
vn 0.3358 0.1853 -0.9235
vn 0.6078 0.3619 -0.7068
vn 0.7748 0.5032 -0.3827
vn 0.7895 0.4799 -0.3825
vn -0.3986 -0.6227 -0.6734
vn -0.5717 -0.7351 -0.3644
vn 0.4718 -0.0574 0.8798
vn 0.7309 0.1108 0.6734
vn 0.9041 0.2233 -0.3644
vn 0.7309 0.1108 -0.6734
vn -0.6325 -0.7746 -0.0000
vn -0.5717 -0.7351 0.3644
vn 0.4718 -0.0574 -0.8798
vn 0.1662 -0.2559 -0.9523
vn 0.9041 0.2233 0.3644
vn -0.3985 -0.6227 0.6734
vn -0.1394 -0.4544 0.8798
vn -0.1394 -0.4544 -0.8798
vn 0.9649 0.2627 -0.0000
vn 0.1662 -0.2559 0.9523
vn 0.9354 -0.2229 0.2746
vn 0.9812 -0.1932 -0.0000
vn 0.8288 -0.5338 0.1675
vn 0.8568 -0.5157 -0.0000
vn 0.6966 -0.7128 0.0812
vn 0.7102 -0.7040 -0.0000
vn 0.8049 -0.3076 0.5075
vn 0.7493 -0.5855 0.3095
vn 0.6580 -0.7379 0.1500
vn 0.6096 -0.4345 0.6630
vn 0.6302 -0.6628 0.4044
vn 0.6003 -0.7754 0.1960
vn 0.3793 -0.5840 0.7177
vn 0.4897 -0.7541 0.4377
vn 0.5322 -0.8196 0.2121
vn 0.1489 -0.7336 0.6630
vn 0.3492 -0.8453 0.4044
vn 0.4642 -0.8638 0.1960
vn -0.0463 -0.8604 0.5075
vn 0.2301 -0.9226 0.3095
vn 0.4064 -0.9013 0.1500
vn -0.1768 -0.9452 0.2746
vn 0.1505 -0.9743 0.1675
vn 0.3679 -0.9263 0.0812
vn -0.2226 -0.9749 -0.0000
vn 0.1226 -0.9925 -0.0000
vn 0.3543 -0.9351 -0.0000
vn -0.1768 -0.9452 -0.2746
vn 0.1505 -0.9743 -0.1675
vn 0.3679 -0.9263 -0.0812
vn -0.0463 -0.8604 -0.5075
vn 0.2301 -0.9226 -0.3095
vn 0.4064 -0.9013 -0.1500
vn 0.1489 -0.7336 -0.6630
vn 0.3492 -0.8453 -0.4044
vn 0.4642 -0.8638 -0.1960
vn 0.3793 -0.5840 -0.7177
vn 0.4897 -0.7541 -0.4377
vn 0.5322 -0.8196 -0.2121
vn 0.6096 -0.4345 -0.6630
vn 0.6302 -0.6628 -0.4044
vn 0.6003 -0.7754 -0.1960
vn 0.8049 -0.3076 -0.5075
vn 0.7493 -0.5855 -0.3095
vn 0.6580 -0.7379 -0.1500
vn 0.9354 -0.2229 -0.2746
vn 0.8288 -0.5338 -0.1675
vn 0.6966 -0.7128 -0.0812
vn 0.5446 -0.8387 -0.0000
vn -0.5446 0.8387 -0.0000
vn -0.8387 0.5446 -0.0000
vn -0.5930 0.3851 0.7071
vn 0.5930 -0.3851 0.7071
vn 0.8387 -0.5446 -0.0000
vn 0.5930 -0.3851 -0.7071
vn -0.5930 0.3851 -0.7071
vn -0.8533 0.5214 -0.0000
vn -0.7895 0.4799 0.3825
vn -0.7748 0.5032 0.3827
vn -0.6078 0.3619 0.7068
vn -0.3358 0.1853 0.9235
vn -0.3209 0.2084 0.9239
vn -0.0150 -0.0230 0.9996
vn 0.3059 -0.2314 0.9235
vn 0.3209 -0.2084 0.9239
vn 0.5778 -0.4080 0.7068
vn 0.7596 -0.5260 0.3825
vn 0.7748 -0.5032 0.3827
vn 0.8234 -0.5675 -0.0000
vn 0.7596 -0.5260 -0.3825
vn 0.7748 -0.5032 -0.3827
vn 0.5778 -0.4080 -0.7068
vn 0.3059 -0.2314 -0.9235
vn 0.3209 -0.2084 -0.9239
vn -0.0150 -0.0230 -0.9996
vn -0.3358 0.1853 -0.9235
vn -0.3209 0.2084 -0.9239
vn -0.6078 0.3619 -0.7068
vn -0.7895 0.4799 -0.3825
vn -0.7748 0.5032 -0.3827
vn 0.3985 -0.6227 -0.6734
vn 0.5717 -0.7351 -0.3644
vn -0.4718 -0.0574 0.8798
vn -0.7309 0.1108 0.6734
vn -0.9041 0.2233 -0.3644
vn -0.7309 0.1108 -0.6734
vn 0.6325 -0.7746 -0.0000
vn 0.5717 -0.7351 0.3644
vn -0.4718 -0.0574 -0.8798
vn -0.1662 -0.2559 -0.9523
vn -0.9041 0.2233 0.3644
vn 0.3985 -0.6227 0.6734
vn 0.1394 -0.4544 0.8798
vn 0.1394 -0.4544 -0.8798
vn -0.9649 0.2627 -0.0000
vn -0.1662 -0.2559 0.9523
vn -0.9812 -0.1932 -0.0000
vn -0.9354 -0.2229 0.2746
vn -0.8568 -0.5157 -0.0000
vn -0.8288 -0.5338 0.1675
vn -0.7102 -0.7040 -0.0000
vn -0.6966 -0.7128 0.0812
vn -0.8049 -0.3076 0.5075
vn -0.7493 -0.5855 0.3095
vn -0.6580 -0.7379 0.1500
vn -0.6096 -0.4345 0.6630
vn -0.6302 -0.6628 0.4044
vn -0.6003 -0.7754 0.1960
vn -0.3793 -0.5840 0.7177
vn -0.4897 -0.7541 0.4377
vn -0.5322 -0.8196 0.2121
vn -0.1489 -0.7336 0.6630
vn -0.3492 -0.8453 0.4044
vn -0.4642 -0.8638 0.1960
vn 0.0463 -0.8604 0.5075
vn -0.2301 -0.9226 0.3095
vn -0.4064 -0.9013 0.1500
vn 0.1768 -0.9452 0.2746
vn -0.1505 -0.9743 0.1675
vn -0.3679 -0.9263 0.0812
vn 0.2226 -0.9749 -0.0000
vn -0.1226 -0.9925 -0.0000
vn -0.3543 -0.9351 -0.0000
vn 0.1768 -0.9452 -0.2746
vn -0.1505 -0.9743 -0.1675
vn -0.3679 -0.9263 -0.0812
vn 0.0463 -0.8604 -0.5075
vn -0.2301 -0.9226 -0.3095
vn -0.4064 -0.9013 -0.1500
vn -0.1489 -0.7336 -0.6630
vn -0.3492 -0.8453 -0.4044
vn -0.4642 -0.8638 -0.1960
vn -0.3793 -0.5840 -0.7177
vn -0.4897 -0.7541 -0.4377
vn -0.5322 -0.8196 -0.2121
vn -0.6096 -0.4345 -0.6630
vn -0.6302 -0.6628 -0.4044
vn -0.6003 -0.7754 -0.1960
vn -0.8049 -0.3076 -0.5075
vn -0.7493 -0.5855 -0.3095
vn -0.6580 -0.7379 -0.1500
vn -0.9354 -0.2229 -0.2746
vn -0.8288 -0.5338 -0.1675
vn -0.6966 -0.7128 -0.0812
vn -0.5446 -0.8387 -0.0000
vn 0.5446 0.8387 -0.0000
vn 0.7059 0.0412 -0.7071
vn 0.7049 0.0578 -0.7070
vn 0.9972 0.0749 -0.0000
vn 0.9983 0.0583 -0.0000
vn -0.0010 0.0166 0.9999
vn -0.7068 -0.0245 0.7070
vn -0.7059 -0.0412 0.7071
vn -0.9991 -0.0416 -0.0000
vn -0.9983 -0.0583 -0.0000
vn -0.7068 -0.0245 -0.7070
vn -0.7059 -0.0412 -0.7071
vn -0.0010 0.0166 -0.9999
vn 0.7048 0.0578 0.7070
vn 0.7059 0.0412 0.7071
vn -0.0583 0.9983 -0.0000
vn 0.6347 0.7728 -0.0000
vn 0.4363 0.7612 0.4799
vn -0.0428 0.7332 0.6786
vn -0.5218 0.7053 0.4798
vn -0.7202 0.6937 -0.0000
vn -0.5218 0.7053 -0.4799
vn -0.0428 0.7332 -0.6786
vn 0.4362 0.7612 -0.4799
vn -0.0028 0.8673 -0.4978
vn -0.0848 0.8620 -0.4997
vn -0.0920 0.9958 0.0005
vn -0.0100 0.9999 -0.0001
vn 0.0146 0.5050 0.8630
vn -0.0672 0.4964 0.8655
vn -0.0416 -0.0072 0.9991
vn 0.0402 0.0026 0.9992
vn -0.0161 -0.5046 0.8632
vn 0.0658 -0.4966 0.8655
vn 0.0028 -0.8673 0.4978
vn 0.0848 -0.8620 0.4997
vn 0.0100 -0.9999 0.0006
vn 0.0920 -0.9958 -0.0000
vn 0.0037 -0.8678 -0.4969
vn 0.0856 -0.8620 -0.4997
vn -0.0146 -0.5050 -0.8630
vn 0.0672 -0.4965 -0.8655
vn -0.0399 -0.0070 -0.9992
vn 0.0419 0.0028 -0.9991
vn -0.0656 0.4935 -0.8673
vn 0.0162 0.5016 -0.8650
vn -0.0037 0.8678 0.4969
vn -0.0856 0.8619 0.4997
vn -0.9564 0.0968 0.2755
vn -0.9639 0.2134 0.1592
vn -0.9979 -0.0650 0.0008
vn -0.9667 0.2559 0.0007
vn 0.9366 0.2194 0.2731
vn 0.9292 0.3345 0.1571
vn 0.9467 0.0616 0.3162
vn -0.9463 -0.0616 0.3174
vn 0.9568 -0.0969 0.2742
vn -0.9363 -0.2193 0.2744
vn 0.9641 -0.2133 0.1582
vn -0.9290 -0.3344 0.1585
vn 0.9667 -0.2559 -0.0007
vn -0.9264 -0.3765 0.0008
vn 0.9639 -0.2131 -0.1596
vn -0.9292 -0.3345 -0.1571
vn 0.9564 -0.0967 -0.2755
vn -0.9366 -0.2194 -0.2731
vn 0.9463 0.0616 -0.3174
vn -0.9467 -0.0616 -0.3162
vn 0.9363 0.2193 -0.2744
vn -0.9568 0.0969 -0.2742
vn 0.9290 0.3344 -0.1585
vn -0.9641 0.2133 -0.1582
vn 0.9264 0.3765 -0.0008
vn 0.9979 0.0650 -0.0008
vn 0.1445 0.9895 -0.0000
vn 0.1163 0.9932 -0.0000
vn 0.9731 0.2304 -0.0000
vn 0.9712 0.2385 -0.0000
vn 0.4312 0.9023 -0.0000
vn 0.4330 0.9014 -0.0000
vn 0.4222 0.9065 -0.0000
vn 0.0487 0.9988 -0.0000
vn 0.8830 0.4693 -0.0000
vn 0.7502 0.6612 -0.0000
vn 0.5856 0.8106 -0.0000
vn 0.3817 0.9243 -0.0000
vn 0.6005 0.7996 -0.0000
vn 0.7264 0.6872 -0.0000
vn 0.8248 0.5654 -0.0000
vn 0.9082 0.4186 -0.0000
vn -0.4312 -0.9022 -0.0000
vn -0.4582 -0.8889 -0.0000
vn -0.4582 -0.8888 -0.0000
vn -0.1421 -0.9899 -0.0000
vn -0.1161 -0.9932 -0.0000
vn -0.9728 -0.2317 -0.0000
vn -0.9717 -0.2362 -0.0000
vn -0.4223 -0.9065 -0.0000
vn -0.4346 -0.9006 -0.0000
vn -0.0486 -0.9988 -0.0000
vn -0.8840 -0.4676 -0.0000
vn -0.7496 -0.6619 -0.0000
vn -0.5863 -0.8101 -0.0000
vn -0.3799 -0.9250 -0.0000
vn -0.6010 -0.7993 -0.0000
vn -0.6009 -0.7993 -0.0000
vn -0.7259 -0.6878 -0.0000
vn -0.8253 -0.5648 -0.0000
vn -0.9079 -0.4191 -0.0000
vn 0.0642 -0.0331 -0.9974
vn 0.4582 0.8889 -0.0000
vn 0.0642 -0.0331 0.9974
vn 0.8889 -0.4581 -0.0000
vn 0.8256 -0.4256 -0.3704
vn 0.6634 -0.3419 -0.6656
vn 0.4528 -0.2334 -0.8605
vn 0.2275 -0.1173 -0.9667
vn 0.2275 -0.1172 0.9667
vn 0.2275 -0.1173 0.9667
vn 0.4528 -0.2334 0.8605
vn 0.6634 -0.3419 0.6656
vn 0.8256 -0.4256 0.3704
vn 0.4581 0.8889 -0.0000
vn -0.4222 -0.9065 -0.0000
vn -0.1445 0.9895 -0.0000
vn -0.1163 0.9932 -0.0000
vn -0.9731 0.2304 -0.0000
vn -0.9712 0.2385 -0.0000
vn -0.4312 0.9022 -0.0000
vn -0.4223 0.9065 -0.0000
vn -0.4330 0.9014 -0.0000
vn -0.0487 0.9988 -0.0000
vn -0.8830 0.4693 -0.0000
vn -0.7502 0.6612 -0.0000
vn -0.5856 0.8106 -0.0000
vn -0.3817 0.9243 -0.0000
vn -0.6004 0.7997 -0.0000
vn -0.6005 0.7996 -0.0000
vn -0.7264 0.6872 -0.0000
vn -0.7265 0.6872 -0.0000
vn -0.8248 0.5654 -0.0000
vn -0.9082 0.4186 -0.0000
vn 0.4312 -0.9022 -0.0000
vn 0.4582 -0.8888 -0.0000
vn 0.4582 -0.8889 -0.0000
vn 0.1421 -0.9899 -0.0000
vn 0.1161 -0.9932 -0.0000
vn 0.9728 -0.2317 -0.0000
vn 0.9717 -0.2362 -0.0000
vn 0.4223 -0.9065 -0.0000
vn 0.4346 -0.9006 -0.0000
vn 0.0486 -0.9988 -0.0000
vn 0.8840 -0.4676 -0.0000
vn 0.7496 -0.6619 -0.0000
vn 0.5863 -0.8101 -0.0000
vn 0.3799 -0.9250 -0.0000
vn 0.6009 -0.7993 -0.0000
vn 0.7260 -0.6877 -0.0000
vn 0.7259 -0.6878 -0.0000
vn 0.8252 -0.5648 -0.0000
vn 0.9079 -0.4191 -0.0000
vn -0.0642 -0.0331 -0.9974
vn -0.4582 0.8889 -0.0000
vn -0.0642 -0.0331 0.9974
vn -0.8889 -0.4581 -0.0000
vn -0.8256 -0.4256 -0.3704
vn -0.8256 -0.4255 -0.3705
vn -0.6634 -0.3419 -0.6656
vn -0.4528 -0.2334 -0.8605
vn -0.2275 -0.1173 -0.9667
vn -0.2275 -0.1172 -0.9667
vn -0.2275 -0.1173 0.9667
vn -0.4528 -0.2334 0.8606
vn -0.4528 -0.2334 0.8605
vn -0.6634 -0.3419 0.6656
vn -0.8256 -0.4256 0.3704
vn -0.4581 0.8889 -0.0000
vn 0.4222 -0.9065 -0.0000
vn 0.0023 -0.0024 -1.0000
vn -0.0015 0.0020 -1.0000
vn -0.0018 0.0021 -1.0000
vn -0.0023 -0.0022 -1.0000
vn -0.0023 -0.0024 -1.0000
vn 0.0019 0.0007 -1.0000
vn 0.0020 0.0014 -1.0000
vn 0.0021 -0.0023 -1.0000
vn -0.0010 0.0019 -1.0000
vn -0.0022 -0.0019 -1.0000
vn 0.0019 -0.0000 -1.0000
vn 0.0018 -0.0021 -1.0000
vn -0.0005 0.0018 -1.0000
vn -0.0020 -0.0014 -1.0000
vn 0.0015 -0.0020 -1.0000
vn -0.0000 0.0017 -1.0000
vn -0.0019 -0.0007 -1.0000
vn 0.0010 -0.0019 -1.0000
vn 0.0005 0.0018 -1.0000
vn -0.0019 -0.0000 -1.0000
vn 0.0005 -0.0018 -1.0000
vn 0.0010 0.0019 -1.0000
vn -0.0019 0.0007 -1.0000
vn -0.0000 -0.0017 -1.0000
vn 0.0015 0.0020 -1.0000
vn -0.0020 0.0014 -1.0000
vn -0.0005 -0.0018 -1.0000
vn 0.0018 0.0021 -1.0000
vn -0.0022 0.0019 -1.0000
vn -0.0010 -0.0019 -1.0000
vn 0.0021 0.0023 -1.0000
vn 0.0019 -0.0007 -1.0000
vn -0.0023 0.0022 -1.0000
vn -0.0015 -0.0020 -1.0000
vn 0.0023 0.0024 -1.0000
vn 0.0020 -0.0014 -1.0000
vn -0.0023 0.0024 -1.0000
vn -0.0018 -0.0021 -1.0000
vn 0.0022 -0.0019 -1.0000
vn -0.0021 -0.0023 -1.0000
vn 0.0023 0.0022 -1.0000
vn 0.0023 -0.0022 -1.0000
vn -0.0021 0.0023 -1.0000
vn 0.0022 0.0019 -1.0000
vn -0.1885 0.1050 -0.9765
vn -0.1729 0.1282 -0.9766
vn -0.0022 -0.0022 -1.0000
vn 0.2149 -0.0272 -0.9762
vn 0.2096 -0.0541 -0.9763
vn 0.0019 0.0014 -1.0000
vn 0.0018 0.0007 -1.0000
vn 0.1331 0.1679 -0.9768
vn 0.1544 0.1493 -0.9767
vn 0.0023 -0.0023 -1.0000
vn 0.0021 -0.0022 -1.0000
vn -0.0567 -0.2055 -0.9770
vn -0.0838 -0.1963 -0.9770
vn -0.0015 0.0019 -1.0000
vn -0.0010 0.0017 -1.0000
vn -0.2008 0.0801 -0.9764
vn -0.0021 -0.0019 -1.0000
vn 0.1094 0.1837 -0.9769
vn 0.0019 -0.0021 -1.0000
vn -0.0286 -0.2111 -0.9770
vn -0.0005 0.0016 -1.0000
vn -0.2096 0.0541 -0.9763
vn -0.0019 -0.0014 -1.0000
vn 0.0838 0.1963 -0.9770
vn 0.0015 -0.0019 -1.0000
vn -0.0000 -0.2129 -0.9771
vn -0.0000 0.0016 -1.0000
vn -0.2149 0.0272 -0.9762
vn -0.0018 -0.0007 -1.0000
vn 0.0567 0.2055 -0.9770
vn 0.0010 -0.0017 -1.0000
vn 0.0286 -0.2111 -0.9770
vn 0.0005 0.0016 -1.0000
vn -0.2167 -0.0000 -0.9762
vn -0.0017 -0.0000 -1.0000
vn 0.0286 0.2111 -0.9770
vn 0.0005 -0.0016 -1.0000
vn 0.0567 -0.2055 -0.9770
vn 0.0010 0.0017 -1.0000
vn -0.2149 -0.0272 -0.9762
vn -0.0018 0.0007 -1.0000
vn -0.0000 0.2130 -0.9771
vn -0.0000 -0.0016 -1.0000
vn 0.0838 -0.1963 -0.9770
vn 0.0015 0.0019 -1.0000
vn -0.2096 -0.0541 -0.9763
vn -0.0019 0.0014 -1.0000
vn -0.0286 0.2111 -0.9770
vn -0.0005 -0.0016 -1.0000
vn 0.1094 -0.1837 -0.9769
vn 0.0019 0.0021 -1.0000
vn 0.2167 -0.0000 -0.9762
vn 0.0017 -0.0000 -1.0000
vn -0.2008 -0.0801 -0.9764
vn -0.0021 0.0019 -1.0000
vn -0.0567 0.2055 -0.9770
vn -0.0010 -0.0017 -1.0000
vn 0.1331 -0.1679 -0.9768
vn 0.0021 0.0022 -1.0000
vn -0.1885 -0.1050 -0.9765
vn -0.0022 0.0022 -1.0000
vn -0.0838 0.1963 -0.9770
vn -0.0015 -0.0019 -1.0000
vn 0.1544 -0.1493 -0.9767
vn 0.0023 0.0023 -1.0000
vn 0.2096 0.0541 -0.9763
vn 0.2149 0.0272 -0.9762
vn 0.0018 -0.0007 -1.0000
vn 0.0019 -0.0014 -1.0000
vn -0.1729 -0.1282 -0.9766
vn -0.1094 0.1837 -0.9769
vn -0.0019 -0.0021 -1.0000
vn 0.1729 -0.1282 -0.9766
vn 0.2008 0.0801 -0.9764
vn 0.0021 -0.0019 -1.0000
vn -0.1544 -0.1493 -0.9767
vn -0.0023 0.0023 -1.0000
vn -0.1331 0.1679 -0.9768
vn -0.0021 -0.0022 -1.0000
vn 0.1885 -0.1050 -0.9765
vn 0.0022 0.0022 -1.0000
vn 0.1885 0.1050 -0.9765
vn 0.0022 -0.0022 -1.0000
vn -0.1331 -0.1679 -0.9768
vn -0.0021 0.0022 -1.0000
vn -0.1544 0.1493 -0.9767
vn -0.0023 -0.0023 -1.0000
vn 0.2008 -0.0801 -0.9764
vn 0.0021 0.0019 -1.0000
vn 0.1729 0.1282 -0.9766
vn -0.1094 -0.1837 -0.9769
vn -0.0019 0.0021 -1.0000
vn -0.5014 -0.8652 -0.0000
vn -0.6102 -0.7922 -0.0000
vn -0.6073 -0.7880 -0.1011
vn -0.4992 -0.8606 -0.1012
vn -0.7946 0.6072 -0.0000
vn -0.7085 0.7057 -0.0000
vn -0.7050 0.7019 -0.1011
vn -0.7908 0.6037 -0.1011
vn 0.9245 -0.3813 -0.0000
vn 0.9198 -0.3792 -0.1011
vn 0.9613 -0.2562 -0.1011
vn 0.7085 0.7057 -0.0000
vn 0.7943 0.6076 -0.0000
vn 0.7906 0.6039 -0.1011
vn 0.7052 0.7017 -0.1011
vn -0.3839 -0.9234 -0.0000
vn -0.3822 -0.9185 -0.1012
vn -0.8669 0.4984 -0.0000
vn -0.8627 0.4955 -0.1011
vn 0.9865 -0.1292 -0.1010
vn 0.6102 0.7922 -0.0000
vn 0.6075 0.7879 -0.1012
vn -0.2597 -0.9657 -0.0000
vn -0.2586 -0.9607 -0.1012
vn -0.9245 0.3813 -0.0000
vn -0.9199 0.3790 -0.1011
vn 0.9949 -0.0000 -0.1010
vn 0.5014 0.8652 -0.0000
vn 0.4992 0.8606 -0.1012
vn -0.1310 -0.9914 -0.0000
vn -0.1304 -0.9863 -0.1012
vn -0.9613 0.2562 -0.1011
vn 0.3839 0.9234 -0.0000
vn 0.3822 0.9185 -0.1012
vn -0.0000 -0.9949 -0.1012
vn -0.9865 0.1292 -0.1010
vn 0.2597 0.9657 -0.0000
vn 0.2586 0.9607 -0.1012
vn 0.1310 -0.9914 -0.0000
vn 0.1304 -0.9863 -0.1012
vn -0.9949 -0.0000 -0.1010
vn 0.1304 0.9863 -0.1012
vn 0.2597 -0.9657 -0.0000
vn 0.2586 -0.9607 -0.1012
vn -0.9865 -0.1292 -0.1010
vn -0.0000 0.9949 -0.1012
vn 0.3839 -0.9234 -0.0000
vn 0.3822 -0.9185 -0.1012
vn -0.9613 -0.2562 -0.1011
vn -0.1304 0.9863 -0.1012
vn 0.5014 -0.8652 -0.0000
vn 0.4992 -0.8606 -0.1012
vn -0.9245 -0.3813 -0.0000
vn -0.9199 -0.3790 -0.1011
vn -0.2597 0.9657 -0.0000
vn -0.2586 0.9607 -0.1012
vn 0.6102 -0.7922 -0.0000
vn 0.6075 -0.7879 -0.1012
vn 0.9865 0.1292 -0.1010
vn -0.8669 -0.4984 -0.0000
vn -0.8627 -0.4955 -0.1011
vn -0.3839 0.9234 -0.0000
vn -0.3822 0.9185 -0.1012
vn 0.7085 -0.7057 -0.0000
vn 0.7052 -0.7017 -0.1011
vn 0.9613 0.2562 -0.1011
vn -0.7946 -0.6072 -0.0000
vn -0.7908 -0.6037 -0.1011
vn -0.5014 0.8652 -0.0000
vn -0.4992 0.8606 -0.1012
vn 0.7946 -0.6072 -0.0000
vn 0.7908 -0.6037 -0.1011
vn 0.9245 0.3813 -0.0000
vn 0.9199 0.3790 -0.1011
vn -0.7085 -0.7057 -0.0000
vn -0.7052 -0.7017 -0.1011
vn -0.6102 0.7922 -0.0000
vn -0.6075 0.7879 -0.1012
vn 0.8669 -0.4984 -0.0000
vn 0.8627 -0.4955 -0.1011
vn 0.8667 0.4989 -0.0000
vn 0.8627 0.4955 -0.1011
vn 0.7087 -0.0000 -0.7055
vn 0.7028 0.0915 -0.7055
vn 0.6850 0.1815 -0.7056
vn 0.6556 0.2685 -0.7058
vn 0.6151 0.3512 -0.7059
vn 0.5639 0.4281 -0.7062
vn 0.5031 0.4979 -0.7064
vn 0.4334 0.5593 -0.7066
vn 0.3563 0.6112 -0.7068
vn 0.2728 0.6525 -0.7069
vn 0.1846 0.6826 -0.7071
vn 0.0931 0.7009 -0.7072
vn -0.0000 0.7070 -0.7072
vn -0.0931 0.7009 -0.7072
vn -0.1846 0.6826 -0.7071
vn -0.2728 0.6525 -0.7069
vn -0.3563 0.6112 -0.7068
vn -0.4335 0.5593 -0.7066
vn -0.5031 0.4979 -0.7064
vn -0.5639 0.4281 -0.7062
vn -0.6151 0.3512 -0.7059
vn -0.6556 0.2685 -0.7057
vn -0.6850 0.1815 -0.7056
vn -0.7028 0.0915 -0.7055
vn -0.7087 -0.0000 -0.7055
vn -0.7028 -0.0915 -0.7055
vn -0.6850 -0.1815 -0.7056
vn -0.6556 -0.2685 -0.7058
vn -0.6151 -0.3512 -0.7059
vn -0.5640 -0.4282 -0.7061
vn -0.5031 -0.4979 -0.7064
vn -0.4335 -0.5593 -0.7066
vn -0.3563 -0.6112 -0.7068
vn -0.2728 -0.6525 -0.7069
vn -0.1846 -0.6826 -0.7071
vn -0.0931 -0.7009 -0.7072
vn -0.0000 -0.7070 -0.7072
vn 0.0931 -0.7009 -0.7072
vn 0.1846 -0.6826 -0.7071
vn 0.2728 -0.6525 -0.7069
vn 0.3563 -0.6112 -0.7068
vn 0.4335 -0.5593 -0.7066
vn 0.5031 -0.4979 -0.7064
vn 0.5640 -0.4282 -0.7061
vn 0.6151 -0.3512 -0.7059
vn 0.6556 -0.2685 -0.7058
vn 0.6850 -0.1815 -0.7056
vn 0.7028 -0.0915 -0.7055
vn -0.6033 -0.7828 -0.1525
vn -0.4957 -0.8550 -0.1525
vn -0.4959 -0.8549 -0.1525
vn -0.6035 -0.7827 -0.1525
vn -0.3795 -0.9125 -0.1526
vn -0.2568 -0.9544 -0.1526
vn -0.2569 -0.9543 -0.1526
vn -0.3797 -0.9125 -0.1526
vn 0.9800 0.1284 -0.1522
vn 0.9550 0.2546 -0.1522
vn 0.9550 0.2545 -0.1522
vn 0.9800 0.1283 -0.1522
vn -0.9884 -0.0000 -0.1522
vn -0.9800 -0.1284 -0.1522
vn -0.9800 -0.1283 -0.1522
vn -0.7004 0.6973 -0.1524
vn -0.7854 0.5999 -0.1524
vn -0.7856 0.5997 -0.1524
vn -0.7006 0.6971 -0.1524
vn -0.8569 0.4924 -0.1523
vn -0.9138 0.3767 -0.1522
vn -0.9138 0.3765 -0.1522
vn -0.8570 0.4922 -0.1523
vn -0.8569 -0.4924 -0.1523
vn -0.7854 -0.5999 -0.1524
vn -0.7856 -0.5997 -0.1524
vn -0.8570 -0.4922 -0.1523
vn 0.1295 0.9798 -0.1526
vn -0.0000 0.9883 -0.1526
vn 0.1296 0.9798 -0.1526
vn 0.9138 -0.3767 -0.1522
vn 0.9550 -0.2546 -0.1522
vn 0.9550 -0.2545 -0.1522
vn 0.9138 -0.3765 -0.1522
vn 0.9800 -0.1284 -0.1522
vn 0.9884 -0.0000 -0.1522
vn 0.9800 -0.1283 -0.1522
vn -0.3795 0.9125 -0.1526
vn -0.4957 0.8550 -0.1525
vn -0.4959 0.8549 -0.1525
vn -0.3797 0.9125 -0.1526
vn 0.2568 -0.9544 -0.1526
vn 0.3795 -0.9125 -0.1526
vn 0.3797 -0.9125 -0.1526
vn 0.2569 -0.9543 -0.1526
vn 0.6033 0.7828 -0.1525
vn 0.4957 0.8550 -0.1525
vn 0.4959 0.8549 -0.1525
vn 0.6035 0.7827 -0.1525
vn 0.7004 -0.6973 -0.1524
vn 0.7854 -0.5999 -0.1524
vn 0.7856 -0.5997 -0.1524
vn 0.7006 -0.6971 -0.1524
vn -0.9550 -0.2546 -0.1522
vn -0.9550 -0.2545 -0.1522
vn -0.1295 -0.9798 -0.1526
vn -0.1296 -0.9798 -0.1526
vn 0.9138 0.3767 -0.1522
vn 0.9138 0.3765 -0.1522
vn -0.1295 0.9798 -0.1526
vn -0.1296 0.9798 -0.1526
vn -0.9550 0.2546 -0.1522
vn -0.9550 0.2545 -0.1522
vn -0.7004 -0.6973 -0.1524
vn -0.7006 -0.6971 -0.1524
vn 0.4957 -0.8550 -0.1525
vn 0.4959 -0.8549 -0.1525
vn 0.3795 0.9125 -0.1526
vn 0.3797 0.9125 -0.1526
vn -0.6033 0.7828 -0.1525
vn -0.6035 0.7827 -0.1525
vn -0.9138 -0.3767 -0.1522
vn -0.9138 -0.3765 -0.1522
vn -0.0000 -0.9883 -0.1526
vn 0.8569 -0.4924 -0.1523
vn 0.8570 -0.4922 -0.1523
vn -0.2568 0.9544 -0.1526
vn -0.2569 0.9543 -0.1526
vn -0.9800 0.1284 -0.1522
vn -0.9800 0.1283 -0.1522
vn 0.8569 0.4924 -0.1523
vn 0.8570 0.4922 -0.1523
vn 0.7854 0.5999 -0.1524
vn 0.7004 0.6973 -0.1524
vn 0.7006 0.6971 -0.1524
vn 0.7856 0.5997 -0.1524
vn 0.6033 -0.7828 -0.1525
vn 0.6035 -0.7827 -0.1525
vn 0.2568 0.9543 -0.1526
vn 0.2569 0.9543 -0.1526
vn 0.1295 -0.9798 -0.1526
vn 0.1296 -0.9798 -0.1526
vn -0.0010 -0.0023 -1.0000
vn -0.8424 0.2239 -0.4901
vn -0.8062 0.3312 -0.4902
vn -0.0020 0.0026 -1.0000
vn -0.6184 -0.6139 -0.4906
vn -0.6934 -0.5280 -0.4904
vn 0.0019 0.0008 -1.0000
vn 0.0023 0.0013 -1.0000
vn 0.4379 -0.7532 -0.4909
vn 0.3353 -0.8041 -0.4910
vn 0.0023 -0.0013 -1.0000
vn 0.0019 -0.0008 -1.0000
vn 0.3353 0.8040 -0.4910
vn 0.4379 0.7532 -0.4909
vn -0.0023 -0.0013 -1.0000
vn -0.0024 -0.0019 -1.0000
vn -0.5328 0.6894 -0.4908
vn -0.4379 0.7532 -0.4909
vn -0.0023 0.0013 -1.0000
vn -0.0019 0.0008 -1.0000
vn -0.3353 -0.8040 -0.4910
vn -0.4379 -0.7532 -0.4909
vn -0.0010 0.0023 -1.0000
vn -0.8062 -0.3313 -0.4901
vn -0.8424 -0.2239 -0.4901
vn -0.0007 0.0001 -1.0000
vn -0.0000 -0.8711 -0.4911
vn -0.1144 -0.8635 -0.4911
vn 0.0020 0.0026 -1.0000
vn 0.0015 0.0026 -1.0000
vn 0.7563 -0.4332 -0.4903
vn 0.6934 -0.5280 -0.4904
vn -0.0007 -0.0001 -1.0000
vn -0.0014 -0.0004 -1.0000
vn -0.2269 0.8410 -0.4911
vn -0.1144 0.8635 -0.4911
vn -0.0002 -0.0010 -1.0000
vn -0.8644 0.1128 -0.4900
vn 0.0010 -0.0023 -1.0000
vn 0.0015 -0.0026 -1.0000
vn 0.7563 0.4332 -0.4903
vn 0.8062 0.3313 -0.4901
vn -0.0020 -0.0026 -1.0000
vn -0.0015 -0.0026 -1.0000
vn -0.7563 0.4332 -0.4903
vn -0.6934 0.5280 -0.4904
vn 0.0024 0.0019 -1.0000
vn 0.5328 -0.6894 -0.4908
vn 0.0014 -0.0004 -1.0000
vn 0.2268 0.8411 -0.4911
vn -0.0024 0.0019 -1.0000
vn -0.5328 -0.6894 -0.4908
vn 0.0020 -0.0026 -1.0000
vn 0.6934 0.5280 -0.4904
vn 0.0002 -0.0010 -1.0000
vn 0.8644 0.1128 -0.4900
vn 0.8718 -0.0000 -0.4900
vn 0.0007 0.0001 -1.0000
vn 0.1144 -0.8635 -0.4911
vn -0.6184 0.6139 -0.4906
vn 0.0002 0.0010 -1.0000
vn 0.8644 -0.1128 -0.4900
vn 0.8424 -0.2239 -0.4901
vn -0.0015 0.0026 -1.0000
vn -0.7563 -0.4332 -0.4903
vn -0.8718 -0.0000 -0.4900
vn 0.0010 0.0023 -1.0000
vn 0.8062 -0.3313 -0.4901
vn -0.0019 -0.0008 -1.0000
vn -0.3353 0.8040 -0.4910
vn 0.0007 -0.0001 -1.0000
vn 0.1144 0.8635 -0.4911
vn 0.0024 -0.0019 -1.0000
vn 0.5328 0.6894 -0.4908
vn 0.6184 0.6139 -0.4906
vn 0.6184 -0.6139 -0.4906
vn 0.0014 0.0004 -1.0000
vn 0.2269 -0.8410 -0.4911
vn -0.0014 0.0004 -1.0000
vn -0.2268 -0.8411 -0.4911
vn 0.8424 0.2239 -0.4901
vn -0.0002 0.0010 -1.0000
vn -0.8644 -0.1128 -0.4900
vn -0.0000 0.8711 -0.4911
vn 0.7946 0.6072 -0.0000
vn 0.8669 0.4984 -0.0000
vn -1.0000 0.0024 -0.0000
vn -1.0000 -0.0100 -0.0000
vn -1.0000 0.0025 -0.0002
vn 0.0129 -0.9999 -0.0000
vn 0.0005 0.0035 -1.0000
vn -0.0000 0.0048 -1.0000
vn 0.0001 0.0049 -1.0000
vn -0.0213 0.9998 -0.0000
vn -0.3852 0.9228 -0.0000
vn -0.7056 0.7086 -0.0000
vn -0.8815 0.4722 -0.0000
vn -0.9801 0.1986 -0.0000
vn -0.3854 -0.9227 -0.0000
vn -0.0129 -0.9999 -0.0000
vn -0.9228 -0.3854 -0.0000
vn -0.9228 -0.3853 -0.0000
vn 0.3852 0.9229 -0.0000
vn 0.3851 0.9229 -0.0000
vn 0.0213 0.9998 -0.0000
vn 0.0213 0.9998 0.0001
vn 0.7055 0.7087 -0.0000
vn 0.7056 0.7086 -0.0000
vn 0.8815 0.4722 -0.0000
vn 0.8815 0.4722 0.0002
vn 1.0000 0.0024 -0.0000
vn 0.9801 0.1986 -0.0000
vn 0.3855 -0.9227 -0.0000
vn 0.7074 -0.7069 -0.0000
vn 0.7072 -0.7070 -0.0000
vn 0.9228 -0.3853 -0.0000
vn 0.9999 -0.0100 -0.0000
vn 1.0000 -0.0100 0.0001
vn 0.0001 0.0052 -1.0000
vn 0.0001 0.0051 -1.0000
vn -0.0001 0.0018 -1.0000
vn -0.0006 0.0012 -1.0000
vn -0.0004 0.0026 -1.0000
vn -0.0001 0.0052 -1.0000
vn -0.0000 0.0052 -1.0000
vn -0.0001 0.0009 -1.0000
vn 0.0087 1.0000 -0.0000
vn -0.0087 1.0000 -0.0000
vn 0.0087 1.0000 0.0002
vn 0.0099 1.0000 -0.0000
vn -0.0099 1.0000 -0.0000
vn -0.5002 0.8659 -0.0000
vn -0.4998 0.8662 -0.0000
vn -0.9072 0.4207 -0.0000
vn -0.9072 0.4207 -0.0005
vn 0.9072 0.4207 -0.0000
vn 0.9069 0.4213 -0.0000
vn 0.9069 0.4214 -0.0000
vn 0.4998 0.8661 -0.0000
vn 0.5002 0.8659 -0.0000
vn -0.9069 0.4213 -0.0000
vn -0.9069 0.4214 -0.0003
vn -0.4996 0.8662 -0.0000
vn 0.4999 0.8661 -0.0000
vn 0.0002 0.0049 -1.0000
vn 0.0001 0.0050 -1.0000
vn 0.0005 -0.0029 -1.0000
vn 0.0017 -0.0027 -1.0000
vn 0.0014 -0.0024 -1.0000
vn 0.0012 -0.0021 -1.0000
vn 0.0011 -0.0018 -1.0000
vn 0.0010 -0.0016 -1.0000
vn 0.0009 -0.0014 -1.0000
vn 0.0006 0.0008 -1.0000
vn -0.0005 0.0035 -1.0000
vn -0.0001 0.0048 -1.0000
vn -0.0009 -0.0013 -1.0000
vn -0.0006 -0.0007 -1.0000
vn -0.0009 -0.0017 -1.0000
vn -0.0009 -0.0015 -1.0000
vn -0.0011 -0.0021 -1.0000
vn -0.0011 -0.0020 -1.0000
vn -0.0013 -0.0025 -1.0000
vn -0.0013 -0.0024 -1.0000
vn -0.0009 -0.0027 -1.0000
vn -0.0017 -0.0027 -1.0000
vn -0.0017 -0.0028 -1.0000
vn -0.0001 0.0051 -1.0000
vn -0.0000 0.0051 -1.0000
vn -0.0001 0.0049 -1.0000
vn 0.0002 0.0050 -1.0000
vn 0.0003 0.0051 -1.0000
vn -0.0003 -0.0001 -1.0000
vn -0.0002 0.0048 -1.0000
vn -0.0002 0.0049 -1.0000
vn -0.0003 0.0050 -1.0000
vn -0.0003 0.0051 -1.0000
vn -0.0008 0.0031 -1.0000
vn 0.0007 -0.0010 -1.0000
vn 0.0003 -0.0001 -1.0000
vn -0.0000 0.0009 -1.0000
vn 0.0001 0.0019 -1.0000
vn 0.0004 0.0026 -1.0000
vn 0.0007 0.0031 -1.0000
vn 0.0007 0.0030 -1.0000
vn -0.0006 0.0033 -1.0000
vn 0.0014 -0.0027 -1.0000
vn 0.0006 -0.0028 -1.0000
vn -0.0014 -0.0027 -1.0000
vn -0.0006 -0.0028 -1.0000
vn -0.0000 -0.0029 -1.0000
vn -0.0004 -0.0029 -1.0000
vn -0.0003 -0.0030 -1.0000
vn -0.0000 -0.0030 -1.0000
vn 0.0003 -0.0030 -1.0000
vn 0.0001 -0.0028 -1.0000
vn -0.0000 0.0053 -1.0000
vt 0.107144 0.009522
vt 0.105158 0.008803
vt 0.107764 0.005197
vt 0.108971 0.006928
vt 0.115057 0.006658
vt 0.116363 0.004950
vt 0.119068 0.008648
vt 0.117000 0.009245
vt 0.119068 0.013198
vt 0.117060 0.012468
vt 0.116411 0.016847
vt 0.115225 0.015089
vt 0.112160 0.018234
vt 0.112207 0.016113
vt 0.107831 0.016960
vt 0.109125 0.015274
vt 0.105158 0.013301
vt 0.107204 0.012711
vt 0.115584 0.009775
vt 0.115619 0.012066
vt 0.112085 0.010985
vt 0.111952 0.005804
vt 0.111978 0.003675
vt 0.111972 0.007297
vt 0.109856 0.008076
vt 0.114188 0.007930
vt 0.114305 0.013928
vt 0.112171 0.014653
vt 0.109986 0.014020
vt 0.108604 0.012188
vt 0.108566 0.009916
vt 0.627418 0.255801
vt 0.627559 0.253681
vt 0.631769 0.255208
vt 0.630427 0.256822
vt 0.632287 0.262551
vt 0.634253 0.263280
vt 0.631630 0.266910
vt 0.630452 0.265145
vt 0.627323 0.268319
vt 0.627411 0.266176
vt 0.622966 0.266895
vt 0.624323 0.265225
vt 0.620389 0.263134
vt 0.622472 0.262572
vt 0.620405 0.258557
vt 0.622411 0.259337
vt 0.623206 0.254937
vt 0.624352 0.256753
vt 0.629592 0.263930
vt 0.627431 0.264669
vt 0.627403 0.260970
vt 0.632236 0.259401
vt 0.634253 0.258856
vt 0.630870 0.259845
vt 0.629580 0.258021
vt 0.630897 0.262079
vt 0.625225 0.263980
vt 0.623887 0.262112
vt 0.623872 0.259814
vt 0.625253 0.257961
vt 0.627436 0.257289
vt 0.470110 0.270479
vt 0.468088 0.271060
vt 0.468083 0.266616
vt 0.470045 0.267317
vt 0.474780 0.263576
vt 0.474681 0.261624
vt 0.479161 0.262536
vt 0.477847 0.264508
vt 0.481997 0.266378
vt 0.479873 0.267020
vt 0.481997 0.271004
vt 0.479958 0.270267
vt 0.479307 0.274692
vt 0.478110 0.272913
vt 0.474997 0.276083
vt 0.475075 0.273955
vt 0.470716 0.274684
vt 0.472023 0.273018
vt 0.477049 0.265749
vt 0.478459 0.267567
vt 0.474963 0.268777
vt 0.471819 0.264719
vt 0.470641 0.263046
vt 0.472746 0.265853
vt 0.471462 0.267707
vt 0.474868 0.265082
vt 0.478504 0.269866
vt 0.477181 0.271737
vt 0.475017 0.272465
vt 0.472848 0.271783
vt 0.471495 0.269965
vt 0.344576 0.920729
vt 0.339657 0.920729
vt 0.339657 0.901294
vt 0.344576 0.901294
vt 0.915955 0.599332
vt 0.911032 0.599332
vt 0.911032 0.580417
vt 0.915955 0.580417
vt 0.915955 0.618248
vt 0.911032 0.618248
vt 0.915955 0.637164
vt 0.911032 0.637164
vt 0.915955 0.656080
vt 0.911032 0.656080
vt 0.915955 0.674996
vt 0.911032 0.674996
vt 0.915955 0.693911
vt 0.911032 0.693911
vt 0.915955 0.712827
vt 0.911032 0.712827
vt 0.915955 0.731743
vt 0.911032 0.731743
vt 0.915955 0.750659
vt 0.911032 0.750659
vt 0.915955 0.769575
vt 0.911032 0.769575
vt 0.915955 0.788490
vt 0.911032 0.788490
vt 0.314931 0.706400
vt 0.310012 0.706400
vt 0.310012 0.687504
vt 0.314931 0.687504
vt 0.314931 0.725297
vt 0.310012 0.725297
vt 0.314931 0.744193
vt 0.310012 0.744193
vt 0.314931 0.763089
vt 0.310012 0.763089
vt 0.314931 0.781985
vt 0.310012 0.781985
vt 0.314931 0.800881
vt 0.310012 0.800881
vt 0.314931 0.819777
vt 0.310012 0.819777
vt 0.314931 0.838673
vt 0.310012 0.838673
vt 0.314931 0.857569
vt 0.310012 0.857569
vt 0.314931 0.876465
vt 0.310012 0.876465
vt 0.314931 0.895362
vt 0.310012 0.895362
vt 0.414583 0.700402
vt 0.409665 0.700402
vt 0.409665 0.681505
vt 0.414583 0.681505
vt 0.414583 0.719300
vt 0.409665 0.719300
vt 0.414583 0.738197
vt 0.409665 0.738197
vt 0.414583 0.757095
vt 0.409665 0.757095
vt 0.414583 0.775992
vt 0.409665 0.775992
vt 0.414583 0.794890
vt 0.409665 0.794890
vt 0.414583 0.813787
vt 0.409665 0.813787
vt 0.414583 0.832685
vt 0.409665 0.832685
vt 0.414583 0.851582
vt 0.409665 0.851582
vt 0.414583 0.870480
vt 0.409665 0.870480
vt 0.414583 0.889377
vt 0.409665 0.889377
vt 0.414583 0.908275
vt 0.409665 0.908275
vt 0.344576 0.706936
vt 0.339657 0.706936
vt 0.339657 0.687501
vt 0.344576 0.687501
vt 0.344576 0.726372
vt 0.339657 0.726372
vt 0.344576 0.745808
vt 0.339657 0.745808
vt 0.344576 0.765243
vt 0.339657 0.765243
vt 0.344576 0.784679
vt 0.339657 0.784679
vt 0.344576 0.804115
vt 0.339657 0.804115
vt 0.344576 0.823551
vt 0.339657 0.823551
vt 0.344576 0.842986
vt 0.339657 0.842986
vt 0.344576 0.862422
vt 0.339657 0.862422
vt 0.275519 0.834044
vt 0.275433 0.815776
vt 0.295119 0.815717
vt 0.295197 0.833926
vt 0.344576 0.881858
vt 0.339657 0.881858
vt 0.905878 0.580417
vt 0.904125 0.580417
vt 0.904125 0.561501
vt 0.905878 0.561501
vt 0.905878 0.599332
vt 0.904125 0.599332
vt 0.905878 0.618248
vt 0.904125 0.618248
vt 0.905878 0.637164
vt 0.904125 0.637164
vt 0.905878 0.656080
vt 0.904125 0.656080
vt 0.905878 0.674996
vt 0.904125 0.674996
vt 0.905878 0.693911
vt 0.904125 0.693911
vt 0.905878 0.712827
vt 0.904125 0.712827
vt 0.905878 0.731743
vt 0.904125 0.731743
vt 0.905878 0.750659
vt 0.904125 0.750659
vt 0.905878 0.769575
vt 0.904125 0.769575
vt 0.905878 0.788490
vt 0.904125 0.788490
vt 0.304862 0.706400
vt 0.303111 0.706400
vt 0.303111 0.687504
vt 0.304862 0.687504
vt 0.304862 0.725297
vt 0.303111 0.725297
vt 0.304862 0.744193
vt 0.303111 0.744193
vt 0.304862 0.763089
vt 0.303111 0.763089
vt 0.304862 0.781985
vt 0.303111 0.781985
vt 0.304862 0.800881
vt 0.303111 0.800881
vt 0.304862 0.819777
vt 0.303111 0.819777
vt 0.304862 0.838673
vt 0.303111 0.838673
vt 0.304862 0.857569
vt 0.303111 0.857569
vt 0.304862 0.876465
vt 0.303111 0.876465
vt 0.304862 0.895362
vt 0.303111 0.895362
vt 0.304862 0.914258
vt 0.303111 0.914258
vt 0.404514 0.700402
vt 0.402763 0.700402
vt 0.402763 0.681505
vt 0.404514 0.681505
vt 0.404514 0.719300
vt 0.402763 0.719300
vt 0.404514 0.738197
vt 0.402763 0.738197
vt 0.404514 0.757095
vt 0.402763 0.757095
vt 0.404514 0.775992
vt 0.402763 0.775992
vt 0.404514 0.794890
vt 0.402763 0.794890
vt 0.404514 0.813787
vt 0.402763 0.813787
vt 0.404514 0.832685
vt 0.402763 0.832685
vt 0.404514 0.851582
vt 0.402763 0.851582
vt 0.404514 0.870480
vt 0.402763 0.870480
vt 0.404514 0.889377
vt 0.402763 0.889377
vt 0.404514 0.908275
vt 0.402763 0.908275
vt 0.334507 0.706936
vt 0.332756 0.706936
vt 0.332756 0.687501
vt 0.334507 0.687501
vt 0.334507 0.726372
vt 0.332756 0.726372
vt 0.334507 0.745808
vt 0.332756 0.745808
vt 0.334507 0.765243
vt 0.332756 0.765243
vt 0.334507 0.784679
vt 0.332756 0.784679
vt 0.334507 0.804115
vt 0.332756 0.804115
vt 0.334507 0.823551
vt 0.332756 0.823551
vt 0.334507 0.842986
vt 0.332756 0.842986
vt 0.334507 0.862422
vt 0.332756 0.862422
vt 0.334507 0.881858
vt 0.332756 0.881858
vt 0.334507 0.901294
vt 0.332756 0.901294
vt 0.334507 0.920729
vt 0.332756 0.920729
vt 0.310012 0.914258
vt 0.276111 0.706187
vt 0.270756 0.706096
vt 0.271123 0.687850
vt 0.276437 0.687985
vt 0.014170 0.882812
vt 0.008814 0.882903
vt 0.008560 0.864627
vt 0.013913 0.864562
vt 0.008366 0.846353
vt 0.013718 0.846304
vt 0.008225 0.828076
vt 0.013578 0.828043
vt 0.008136 0.809793
vt 0.013492 0.809775
vt 0.008101 0.791499
vt 0.013462 0.791499
vt 0.008135 0.773205
vt 0.013492 0.773224
vt 0.008225 0.754922
vt 0.013578 0.754955
vt 0.008366 0.736645
vt 0.013718 0.736694
vt 0.008560 0.718372
vt 0.013913 0.718436
vt 0.008814 0.700094
vt 0.014170 0.700186
vt 0.009182 0.681848
vt 0.014495 0.681983
vt 0.051165 0.901017
vt 0.045852 0.901152
vt 0.045484 0.882905
vt 0.050840 0.882813
vt 0.045230 0.864628
vt 0.050583 0.864563
vt 0.045036 0.846354
vt 0.050388 0.846305
vt 0.044894 0.828077
vt 0.050248 0.828043
vt 0.044806 0.809793
vt 0.050162 0.809776
vt 0.044771 0.791499
vt 0.050132 0.791500
vt 0.044806 0.773206
vt 0.050162 0.773224
vt 0.044894 0.754923
vt 0.050248 0.754956
vt 0.045036 0.736646
vt 0.050388 0.736694
vt 0.045230 0.718372
vt 0.050583 0.718437
vt 0.045484 0.700095
vt 0.050840 0.700187
vt 0.314931 0.914258
vt 0.045852 0.681849
vt 0.051165 0.681984
vt 0.087826 0.901021
vt 0.082513 0.901157
vt 0.082145 0.882910
vt 0.087501 0.882818
vt 0.081891 0.864633
vt 0.087244 0.864567
vt 0.081697 0.846359
vt 0.087049 0.846310
vt 0.081555 0.828081
vt 0.086909 0.828048
vt 0.081467 0.809798
vt 0.086823 0.809780
vt 0.081432 0.791504
vt 0.086793 0.791505
vt 0.081467 0.773211
vt 0.086823 0.773229
vt 0.081555 0.754927
vt 0.086909 0.754961
vt 0.081697 0.736651
vt 0.087049 0.736699
vt 0.081891 0.718377
vt 0.087244 0.718442
vt 0.082145 0.700099
vt 0.087501 0.700191
vt 0.082513 0.681853
vt 0.087826 0.681988
vt 0.276437 0.907016
vt 0.271123 0.907152
vt 0.270756 0.888905
vt 0.276111 0.888813
vt 0.270501 0.870628
vt 0.275854 0.870563
vt 0.270307 0.852354
vt 0.275660 0.852306
vt 0.270166 0.834077
vt 0.270077 0.815794
vt 0.270042 0.797500
vt 0.275403 0.797501
vt 0.270077 0.779207
vt 0.275433 0.779225
vt 0.270166 0.760923
vt 0.275519 0.760957
vt 0.270307 0.742647
vt 0.275660 0.742695
vt 0.270501 0.724373
vt 0.275854 0.724438
vt 0.266159 0.706016
vt 0.266542 0.687652
vt 0.004601 0.901348
vt 0.004218 0.882985
vt 0.009182 0.901150
vt 0.265912 0.724317
vt 0.265719 0.742604
vt 0.920572 0.580417
vt 0.920572 0.599332
vt 0.265577 0.760895
vt 0.920572 0.618248
vt 0.265486 0.779191
vt 0.920572 0.637164
vt 0.265446 0.797501
vt 0.920572 0.656080
vt 0.265486 0.815810
vt 0.920572 0.674996
vt 0.265577 0.834107
vt 0.920572 0.693911
vt 0.265719 0.852396
vt 0.920572 0.712827
vt 0.265912 0.870684
vt 0.920572 0.731743
vt 0.266159 0.888986
vt 0.920572 0.750659
vt 0.266542 0.907349
vt 0.920572 0.769575
vt 0.077549 0.700020
vt 0.077932 0.681655
vt 0.920572 0.788490
vt 0.077302 0.718321
vt 0.319545 0.687504
vt 0.319545 0.706400
vt 0.077109 0.736608
vt 0.319545 0.725297
vt 0.076966 0.754899
vt 0.319545 0.744193
vt 0.076875 0.773195
vt 0.319545 0.763089
vt 0.076836 0.791505
vt 0.319545 0.781985
vt 0.076875 0.809814
vt 0.319545 0.800881
vt 0.076966 0.828112
vt 0.319545 0.819777
vt 0.077109 0.846401
vt 0.319545 0.838673
vt 0.077302 0.864688
vt 0.319545 0.857569
vt 0.077549 0.882991
vt 0.319545 0.876465
vt 0.077932 0.901354
vt 0.319545 0.895362
vt 0.040887 0.700015
vt 0.041272 0.681651
vt 0.319545 0.914258
vt 0.040641 0.718316
vt 0.419197 0.681505
vt 0.419197 0.700402
vt 0.040448 0.736604
vt 0.419197 0.719300
vt 0.040305 0.754894
vt 0.419197 0.738197
vt 0.040215 0.773191
vt 0.419197 0.757095
vt 0.040175 0.791500
vt 0.419197 0.775992
vt 0.040215 0.809810
vt 0.419197 0.794890
vt 0.040305 0.828107
vt 0.419197 0.813787
vt 0.040448 0.846396
vt 0.419197 0.832685
vt 0.040641 0.864684
vt 0.419197 0.851582
vt 0.040887 0.882986
vt 0.419197 0.870480
vt 0.041272 0.901349
vt 0.419197 0.889377
vt 0.004218 0.700014
vt 0.004601 0.681650
vt 0.419197 0.908275
vt 0.003971 0.718316
vt 0.349189 0.687501
vt 0.349189 0.706936
vt 0.003778 0.736604
vt 0.349189 0.726372
vt 0.003636 0.754893
vt 0.349189 0.745808
vt 0.003544 0.773189
vt 0.349189 0.765243
vt 0.003505 0.791500
vt 0.349189 0.784679
vt 0.003544 0.809810
vt 0.349189 0.804115
vt 0.003636 0.828106
vt 0.349189 0.823551
vt 0.003779 0.846396
vt 0.349189 0.842986
vt 0.003971 0.864683
vt 0.349189 0.862422
vt 0.349189 0.881858
vt 0.915955 0.561501
vt 0.920572 0.561501
vt 0.349189 0.901294
vt 0.911032 0.561501
vt 0.926791 0.561501
vt 0.926791 0.580417
vt 0.923590 0.580417
vt 0.923590 0.561501
vt 0.926791 0.599332
vt 0.923590 0.599332
vt 0.926791 0.618248
vt 0.923590 0.618248
vt 0.926791 0.637164
vt 0.923590 0.637164
vt 0.926791 0.656080
vt 0.923590 0.656080
vt 0.926791 0.674996
vt 0.923590 0.674996
vt 0.926791 0.693911
vt 0.923590 0.693911
vt 0.926791 0.712827
vt 0.923590 0.712827
vt 0.926791 0.731743
vt 0.923590 0.731743
vt 0.926791 0.750659
vt 0.923590 0.750659
vt 0.926791 0.769575
vt 0.923590 0.769575
vt 0.926791 0.788490
vt 0.923590 0.788490
vt 0.325758 0.687504
vt 0.325758 0.706400
vt 0.322560 0.706400
vt 0.322560 0.687504
vt 0.325758 0.725297
vt 0.322560 0.725297
vt 0.325758 0.744193
vt 0.322560 0.744193
vt 0.325758 0.763089
vt 0.322560 0.763089
vt 0.325758 0.781985
vt 0.322560 0.781985
vt 0.325758 0.800881
vt 0.322560 0.800881
vt 0.325758 0.819777
vt 0.322560 0.819777
vt 0.325758 0.838673
vt 0.322560 0.838673
vt 0.325758 0.857569
vt 0.322560 0.857569
vt 0.325758 0.876465
vt 0.322560 0.876465
vt 0.325758 0.895362
vt 0.322560 0.895362
vt 0.325758 0.914258
vt 0.322560 0.914258
vt 0.425409 0.681505
vt 0.425409 0.700402
vt 0.422212 0.700402
vt 0.422212 0.681505
vt 0.425409 0.719300
vt 0.422212 0.719300
vt 0.425409 0.738197
vt 0.422212 0.738197
vt 0.425409 0.757095
vt 0.422212 0.757095
vt 0.425409 0.775992
vt 0.422212 0.775992
vt 0.425409 0.794890
vt 0.422212 0.794890
vt 0.425409 0.813787
vt 0.422212 0.813787
vt 0.425409 0.832685
vt 0.422212 0.832685
vt 0.425409 0.851582
vt 0.422212 0.851582
vt 0.425409 0.870480
vt 0.422212 0.870480
vt 0.425409 0.889377
vt 0.422212 0.889377
vt 0.425409 0.908275
vt 0.422212 0.908275
vt 0.355402 0.687501
vt 0.355402 0.706936
vt 0.352204 0.706936
vt 0.352204 0.687501
vt 0.355402 0.726372
vt 0.352204 0.726372
vt 0.355402 0.745808
vt 0.352204 0.745808
vt 0.355402 0.765243
vt 0.352204 0.765243
vt 0.355402 0.784679
vt 0.352204 0.784679
vt 0.355402 0.804115
vt 0.352204 0.804115
vt 0.355402 0.823551
vt 0.352204 0.823551
vt 0.355402 0.842986
vt 0.352204 0.842986
vt 0.355402 0.862422
vt 0.352204 0.862422
vt 0.355402 0.881858
vt 0.352204 0.881858
vt 0.355402 0.901294
vt 0.352204 0.901294
vt 0.355402 0.920729
vt 0.352204 0.920729
vt 0.349189 0.920729
vt 0.070249 0.864326
vt 0.070494 0.882518
vt 0.106721 0.846133
vt 0.106910 0.864330
vt 0.295331 0.852128
vt 0.070787 0.900701
vt 0.107155 0.882522
vt 0.295520 0.870326
vt 0.034116 0.682298
vt 0.033824 0.700481
vt 0.107447 0.900706
vt 0.295765 0.888518
vt 0.033580 0.718674
vt 0.070787 0.682299
vt 0.070494 0.700482
vt 0.296058 0.906701
vt 0.033390 0.736871
vt 0.070249 0.718674
vt 0.107447 0.682304
vt 0.107155 0.700487
vt 0.033256 0.755073
vt 0.070060 0.736872
vt 0.106910 0.718679
vt 0.033178 0.773283
vt 0.296058 0.688300
vt 0.295765 0.706483
vt 0.069926 0.755075
vt 0.106721 0.736877
vt 0.033154 0.791499
vt 0.295520 0.724675
vt 0.069847 0.773284
vt 0.106587 0.755079
vt 0.033178 0.809716
vt 0.295331 0.742873
vt 0.069824 0.791500
vt 0.106508 0.773288
vt 0.033256 0.827924
vt 0.295197 0.761075
vt 0.069847 0.809717
vt 0.106485 0.791505
vt 0.033390 0.846127
vt 0.295119 0.779284
vt 0.069926 0.827926
vt 0.106508 0.809722
vt 0.033580 0.864325
vt 0.295096 0.797501
vt 0.070060 0.846128
vt 0.106587 0.827930
vt 0.033824 0.882517
vt 0.014495 0.901015
vt 0.034116 0.900699
vt 0.936152 0.023292
vt 0.936152 0.003499
vt 0.943667 0.003499
vt 0.943667 0.023292
vt 0.937993 0.535078
vt 0.937993 0.515287
vt 0.945509 0.515287
vt 0.945509 0.535078
vt 0.937992 0.467206
vt 0.937992 0.447414
vt 0.945508 0.447414
vt 0.945508 0.467206
vt 0.393861 0.687495
vt 0.393861 0.707287
vt 0.386345 0.707287
vt 0.386345 0.687495
vt 0.937993 0.495496
vt 0.945509 0.495496
vt 0.937992 0.427623
vt 0.945508 0.427623
vt 0.393861 0.727078
vt 0.386345 0.727078
vt 0.936152 0.241002
vt 0.936152 0.221210
vt 0.943667 0.221210
vt 0.943667 0.241002
vt 0.937992 0.407831
vt 0.945508 0.407831
vt 0.393861 0.746870
vt 0.386345 0.746870
vt 0.936152 0.201418
vt 0.943667 0.201418
vt 0.937992 0.388040
vt 0.945508 0.388040
vt 0.937993 0.732992
vt 0.937993 0.713201
vt 0.945509 0.713201
vt 0.945509 0.732992
vt 0.393861 0.766661
vt 0.386345 0.766661
vt 0.936152 0.181626
vt 0.943667 0.181626
vt 0.937992 0.368248
vt 0.945508 0.368248
vt 0.937993 0.693410
vt 0.945509 0.693410
vt 0.393861 0.786452
vt 0.386345 0.786452
vt 0.936152 0.161834
vt 0.943667 0.161834
vt 0.937992 0.348457
vt 0.945508 0.348457
vt 0.937993 0.673618
vt 0.945509 0.673618
vt 0.393861 0.806243
vt 0.386345 0.806243
vt 0.936151 0.142043
vt 0.943667 0.142043
vt 0.937992 0.328666
vt 0.945508 0.328666
vt 0.937993 0.653826
vt 0.945509 0.653826
vt 0.393861 0.826035
vt 0.386345 0.826035
vt 0.936151 0.122251
vt 0.943667 0.122251
vt 0.937992 0.308874
vt 0.945508 0.308874
vt 0.937993 0.634035
vt 0.945509 0.634035
vt 0.393861 0.845826
vt 0.386345 0.845826
vt 0.936151 0.102459
vt 0.943667 0.102459
vt 0.937992 0.289082
vt 0.945508 0.289082
vt 0.937993 0.614244
vt 0.945509 0.614244
vt 0.393861 0.865618
vt 0.386345 0.865618
vt 0.936151 0.082667
vt 0.943667 0.082667
vt 0.937992 0.269292
vt 0.945508 0.269292
vt 0.937993 0.594453
vt 0.945509 0.594453
vt 0.393861 0.885409
vt 0.386345 0.885409
vt 0.936152 0.062875
vt 0.943667 0.062875
vt 0.937992 0.249500
vt 0.945508 0.249500
vt 0.937993 0.574661
vt 0.945509 0.574661
vt 0.393861 0.905200
vt 0.386345 0.905200
vt 0.936152 0.043083
vt 0.943667 0.043083
vt 0.937993 0.554870
vt 0.945509 0.554870
vt 0.393861 0.924992
vt 0.386345 0.924992
vt 0.937992 0.486997
vt 0.945508 0.486997
vt 0.165684 0.583322
vt 0.169219 0.583322
vt 0.169219 0.588595
vt 0.165684 0.588595
vt 0.165684 0.599142
vt 0.169219 0.599142
vt 0.169219 0.604415
vt 0.165684 0.604415
vt 0.169219 0.609688
vt 0.165685 0.609688
vt 0.169219 0.614961
vt 0.165685 0.614961
vt 0.169219 0.620234
vt 0.165685 0.620234
vt 0.169219 0.625508
vt 0.165685 0.625508
vt 0.169219 0.630781
vt 0.165685 0.630781
vt 0.169219 0.636054
vt 0.165685 0.636054
vt 0.169219 0.641327
vt 0.165685 0.641327
vt 0.169219 0.646600
vt 0.165685 0.646600
vt 0.169219 0.651873
vt 0.165684 0.651873
vt 0.165684 0.567503
vt 0.169219 0.567503
vt 0.169219 0.572776
vt 0.165684 0.572776
vt 0.169219 0.578049
vt 0.165684 0.578049
vt 0.169219 0.593868
vt 0.165684 0.593868
vt 0.021148 0.061615
vt 0.026430 0.063889
vt 0.025155 0.065735
vt 0.020667 0.063808
vt 0.023946 0.067497
vt 0.020217 0.065899
vt 0.015387 0.061508
vt 0.015776 0.063727
vt 0.016155 0.065839
vt 0.009987 0.063602
vt 0.011203 0.065520
vt 0.012369 0.067337
vt 0.005747 0.067646
vt 0.007647 0.068950
vt 0.009442 0.070180
vt 0.003502 0.073057
vt 0.005729 0.073507
vt 0.007849 0.073940
vt 0.003508 0.078846
vt 0.005722 0.078421
vt 0.007829 0.078014
vt 0.005690 0.084178
vt 0.007571 0.082951
vt 0.009359 0.081778
vt 0.009719 0.088281
vt 0.010993 0.086435
vt 0.012201 0.084673
vt 0.015001 0.090554
vt 0.015481 0.088361
vt 0.015930 0.086270
vt 0.020763 0.090656
vt 0.020368 0.088439
vt 0.019991 0.086330
vt 0.026167 0.088575
vt 0.024945 0.086658
vt 0.023780 0.084836
vt 0.030408 0.084534
vt 0.028509 0.083224
vt 0.026710 0.081989
vt 0.032638 0.079117
vt 0.030413 0.078660
vt 0.028297 0.078227
vt 0.032638 0.073326
vt 0.030425 0.073749
vt 0.028318 0.074155
vt 0.030458 0.067993
vt 0.028577 0.069219
vt 0.026788 0.070392
vt 0.018074 0.076085
vt 0.464654 0.012559
vt 0.463773 0.010434
vt 0.467473 0.009698
vt 0.467790 0.010464
vt 0.475339 0.008133
vt 0.475339 0.010434
vt 0.471640 0.009698
vt 0.471640 0.008869
vt 0.463773 0.008133
vt 0.467473 0.008869
vt 0.474459 0.012559
vt 0.471323 0.010464
vt 0.464654 0.006008
vt 0.467790 0.008103
vt 0.472832 0.014186
vt 0.470736 0.011050
vt 0.466280 0.004381
vt 0.468406 0.003501
vt 0.469142 0.007200
vt 0.468376 0.007517
vt 0.470707 0.015067
vt 0.469971 0.011367
vt 0.470707 0.003501
vt 0.469971 0.007200
vt 0.468406 0.015067
vt 0.469142 0.011367
vt 0.472832 0.004381
vt 0.470736 0.007517
vt 0.466280 0.014186
vt 0.468376 0.011050
vt 0.474459 0.006008
vt 0.471323 0.008103
vt 0.486739 0.060300
vt 0.486739 0.058400
vt 0.498986 0.058400
vt 0.498986 0.060300
vt 0.486739 0.062200
vt 0.498986 0.062200
vt 0.486739 0.045101
vt 0.486739 0.043201
vt 0.498986 0.043201
vt 0.498986 0.045101
vt 0.486739 0.056500
vt 0.498986 0.056500
vt 0.486739 0.041301
vt 0.498986 0.041301
vt 0.486739 0.054601
vt 0.498986 0.054601
vt 0.486739 0.039402
vt 0.498986 0.039402
vt 0.486739 0.052701
vt 0.498986 0.052701
vt 0.486739 0.037502
vt 0.498986 0.037502
vt 0.486739 0.050801
vt 0.498986 0.050801
vt 0.486739 0.067900
vt 0.486739 0.066000
vt 0.498986 0.066000
vt 0.498986 0.067900
vt 0.486739 0.048901
vt 0.498986 0.048901
vt 0.486739 0.064100
vt 0.498986 0.064100
vt 0.486739 0.047001
vt 0.498986 0.047001
vt 0.676956 0.567324
vt 0.676956 0.572597
vt 0.673422 0.572597
vt 0.673422 0.567324
vt 0.676956 0.583143
vt 0.676956 0.588416
vt 0.673422 0.588416
vt 0.673422 0.583143
vt 0.676956 0.593690
vt 0.673422 0.593690
vt 0.676956 0.598962
vt 0.673422 0.598962
vt 0.676956 0.604236
vt 0.673422 0.604236
vt 0.676956 0.609509
vt 0.673422 0.609509
vt 0.676956 0.614782
vt 0.673422 0.614782
vt 0.676956 0.620055
vt 0.673422 0.620055
vt 0.676956 0.625328
vt 0.673422 0.625328
vt 0.676956 0.630601
vt 0.673422 0.630601
vt 0.676956 0.635874
vt 0.673422 0.635875
vt 0.676956 0.551504
vt 0.676956 0.556778
vt 0.673422 0.556778
vt 0.673422 0.551504
vt 0.676956 0.562051
vt 0.673422 0.562051
vt 0.676956 0.577870
vt 0.673422 0.577870
vt 0.404917 0.069992
vt 0.403046 0.071234
vt 0.399627 0.067746
vt 0.400887 0.065891
vt 0.401259 0.072409
vt 0.398421 0.069510
vt 0.407100 0.075325
vt 0.404890 0.075765
vt 0.402784 0.076174
vt 0.407100 0.081117
vt 0.404872 0.080676
vt 0.402757 0.080246
vt 0.404863 0.086532
vt 0.402960 0.085232
vt 0.401164 0.084003
vt 0.400630 0.090581
vt 0.399405 0.088668
vt 0.398235 0.086848
vt 0.395230 0.092669
vt 0.394826 0.090452
vt 0.394444 0.088340
vt 0.389471 0.092563
vt 0.389935 0.090366
vt 0.390382 0.088274
vt 0.384188 0.090291
vt 0.385449 0.088435
vt 0.386655 0.086671
vt 0.380158 0.086186
vt 0.382031 0.084947
vt 0.383818 0.083772
vt 0.377982 0.080849
vt 0.380192 0.080417
vt 0.382295 0.080009
vt 0.377972 0.075057
vt 0.380198 0.075510
vt 0.382316 0.075938
vt 0.380197 0.069637
vt 0.382102 0.070942
vt 0.383907 0.072174
vt 0.384446 0.065605
vt 0.385674 0.067516
vt 0.386842 0.069334
vt 0.389846 0.063514
vt 0.390251 0.065731
vt 0.390632 0.067843
vt 0.395606 0.063618
vt 0.395143 0.065815
vt 0.394694 0.067906
vt 0.392538 0.078091
vt 0.290421 0.012563
vt 0.293557 0.010468
vt 0.294143 0.011054
vt 0.292048 0.014190
vt 0.298599 0.004385
vt 0.296504 0.007521
vt 0.295738 0.007204
vt 0.296474 0.003505
vt 0.294909 0.011371
vt 0.294173 0.015070
vt 0.294909 0.007204
vt 0.294173 0.003505
vt 0.295738 0.011371
vt 0.296474 0.015070
vt 0.294143 0.007521
vt 0.292048 0.004385
vt 0.298599 0.014190
vt 0.296504 0.011054
vt 0.297090 0.010468
vt 0.300226 0.012563
vt 0.293557 0.008107
vt 0.290421 0.006012
vt 0.297407 0.009702
vt 0.301106 0.010438
vt 0.293240 0.008873
vt 0.289540 0.008137
vt 0.297407 0.008873
vt 0.301106 0.008137
vt 0.293240 0.009702
vt 0.289540 0.010438
vt 0.297090 0.008107
vt 0.300226 0.006012
vt 0.593459 0.047099
vt 0.605705 0.047099
vt 0.605705 0.048999
vt 0.593459 0.048999
vt 0.593459 0.045199
vt 0.605705 0.045199
vt 0.593459 0.062298
vt 0.605705 0.062298
vt 0.605705 0.064198
vt 0.593459 0.064198
vt 0.605705 0.050899
vt 0.593459 0.050899
vt 0.605705 0.066098
vt 0.593459 0.066098
vt 0.605705 0.052799
vt 0.593459 0.052799
vt 0.605705 0.067998
vt 0.593459 0.067998
vt 0.605705 0.054699
vt 0.593459 0.054699
vt 0.605705 0.069898
vt 0.593459 0.069898
vt 0.605705 0.056599
vt 0.593459 0.056599
vt 0.593459 0.039500
vt 0.605705 0.039500
vt 0.605705 0.041399
vt 0.593459 0.041399
vt 0.605705 0.058499
vt 0.593459 0.058499
vt 0.605705 0.043299
vt 0.593459 0.043299
vt 0.605705 0.060398
vt 0.593459 0.060398
vt 0.800595 0.184781
vt 0.817619 0.184781
vt 0.817619 0.201437
vt 0.800595 0.201437
vt 0.817619 0.218093
vt 0.800595 0.218093
vt 0.800595 0.484590
vt 0.817619 0.484590
vt 0.817619 0.501246
vt 0.800595 0.501246
vt 0.800595 0.234749
vt 0.817619 0.234749
vt 0.817619 0.251405
vt 0.800595 0.251405
vt 0.817619 0.268062
vt 0.800595 0.268062
vt 0.800595 0.168125
vt 0.817619 0.168125
vt 0.800595 0.284718
vt 0.817619 0.284718
vt 0.817619 0.301374
vt 0.800595 0.301374
vt 0.817619 0.318030
vt 0.800595 0.318030
vt 0.800595 0.334686
vt 0.817619 0.334686
vt 0.817619 0.351342
vt 0.800595 0.351342
vt 0.817619 0.367998
vt 0.800595 0.367998
vt 0.800595 0.384654
vt 0.817619 0.384654
vt 0.817619 0.401310
vt 0.800595 0.401310
vt 0.817619 0.417966
vt 0.800595 0.417966
vt 0.800595 0.434622
vt 0.817619 0.434622
vt 0.817619 0.451278
vt 0.800595 0.451278
vt 0.817619 0.467934
vt 0.800595 0.467934
vt 0.800595 0.101501
vt 0.817619 0.101501
vt 0.817619 0.118157
vt 0.800595 0.118157
vt 0.817619 0.134813
vt 0.800595 0.134813
vt 0.580992 0.613017
vt 0.582415 0.607609
vt 0.596669 0.613428
vt 0.596270 0.614948
vt 0.800595 0.151469
vt 0.817619 0.151469
vt 0.599334 0.594484
vt 0.604925 0.594451
vt 0.602998 0.609728
vt 0.601427 0.609737
vt 0.594148 0.635530
vt 0.589289 0.632764
vt 0.598600 0.620493
vt 0.599964 0.621270
vt 0.623489 0.618379
vt 0.622066 0.623785
vt 0.607811 0.617967
vt 0.608211 0.616448
vt 0.610334 0.595866
vt 0.615192 0.598633
vt 0.605881 0.610902
vt 0.604517 0.610126
vt 0.585186 0.602755
vt 0.589118 0.598782
vt 0.598554 0.610946
vt 0.597449 0.612063
vt 0.619295 0.628640
vt 0.615363 0.632612
vt 0.605926 0.620450
vt 0.607033 0.619333
vt 0.585312 0.628832
vt 0.582491 0.624003
vt 0.596692 0.618034
vt 0.597483 0.619389
vt 0.610538 0.635433
vt 0.605147 0.636911
vt 0.603054 0.621659
vt 0.604569 0.621243
vt 0.619168 0.602564
vt 0.621989 0.607393
vt 0.607789 0.613362
vt 0.606997 0.612006
vt 0.593943 0.595962
vt 0.599912 0.610153
vt 0.581018 0.618609
vt 0.596278 0.616519
vt 0.599557 0.636945
vt 0.601483 0.621668
vt 0.623462 0.612787
vt 0.608204 0.614877
vt 0.657182 0.592700
vt 0.661218 0.607728
vt 0.654378 0.608627
vt 0.650796 0.595347
vt 0.610329 0.674577
vt 0.594827 0.674702
vt 0.595679 0.667870
vt 0.609391 0.667765
vt 0.547290 0.638699
vt 0.543258 0.623665
vt 0.550098 0.622767
vt 0.553678 0.636050
vt 0.565858 0.568742
vt 0.579218 0.560931
vt 0.581878 0.567267
vt 0.570059 0.574178
vt 0.638237 0.568242
vt 0.649360 0.579195
vt 0.643872 0.583434
vt 0.634062 0.573757
vt 0.657230 0.638236
vt 0.649526 0.651670
vt 0.644064 0.647498
vt 0.650876 0.635611
vt 0.638621 0.662657
vt 0.625258 0.670467
vt 0.622599 0.664132
vt 0.634421 0.657221
vt 0.566241 0.663160
vt 0.555116 0.652206
vt 0.560606 0.647966
vt 0.570417 0.657646
vt 0.547250 0.593161
vt 0.554959 0.579730
vt 0.560418 0.583901
vt 0.553605 0.595788
vt 0.609648 0.556706
vt 0.624686 0.560587
vt 0.622093 0.566980
vt 0.608795 0.563542
vt 0.661228 0.623259
vt 0.654400 0.622360
vt 0.579792 0.670819
vt 0.582387 0.664426
vt 0.543252 0.608137
vt 0.550077 0.609038
vt 0.594147 0.556823
vt 0.595082 0.563634
vt 0.643676 0.598312
vt 0.646746 0.609641
vt 0.636289 0.611045
vt 0.633932 0.602384
vt 0.608343 0.660156
vt 0.596633 0.660240
vt 0.597943 0.649782
vt 0.606907 0.649723
vt 0.560801 0.633085
vt 0.557732 0.621753
vt 0.568190 0.620350
vt 0.570547 0.629012
vt 0.574755 0.580246
vt 0.584850 0.574341
vt 0.588931 0.584043
vt 0.581198 0.588566
vt 0.629404 0.579904
vt 0.637762 0.588160
vt 0.629406 0.594629
vt 0.623021 0.588317
vt 0.643776 0.632686
vt 0.637961 0.642842
vt 0.629587 0.636464
vt 0.634035 0.628685
vt 0.629726 0.651150
vt 0.619627 0.657055
vt 0.615549 0.647351
vt 0.623283 0.642830
vt 0.575077 0.651497
vt 0.566717 0.643240
vt 0.575074 0.636769
vt 0.581461 0.643082
vt 0.560709 0.598709
vt 0.566521 0.588555
vt 0.574894 0.594932
vt 0.570447 0.602710
vt 0.607868 0.571005
vt 0.619200 0.574112
vt 0.615220 0.583879
vt 0.606541 0.581613
vt 0.646776 0.621365
vt 0.636322 0.620016
vt 0.585285 0.657291
vt 0.589263 0.647519
vt 0.557703 0.610027
vt 0.568157 0.611378
vt 0.596129 0.571237
vt 0.597574 0.581669
vt 0.611058 0.679761
vt 0.627295 0.675285
vt 0.594195 0.679907
vt 0.577834 0.675694
vt 0.563075 0.667375
vt 0.550933 0.655457
vt 0.542423 0.640724
vt 0.538050 0.624357
vt 0.538054 0.607463
vt 0.542408 0.591171
vt 0.550795 0.576564
vt 0.562650 0.564613
vt 0.577181 0.556115
vt 0.593418 0.551640
vt 0.610281 0.551501
vt 0.626643 0.555711
vt 0.641402 0.564028
vt 0.653544 0.575946
vt 0.662049 0.590681
vt 0.666427 0.607047
vt 0.666427 0.623941
vt 0.662069 0.640230
vt 0.653687 0.654840
vt 0.641828 0.666787
vt 0.827213 0.484590
vt 0.827213 0.501246
vt 0.822295 0.501246
vt 0.822295 0.484590
vt 0.827213 0.467934
vt 0.822295 0.467934
vt 0.827213 0.451278
vt 0.822295 0.451278
vt 0.827213 0.434622
vt 0.822295 0.434622
vt 0.827213 0.417966
vt 0.822295 0.417966
vt 0.827213 0.401310
vt 0.822295 0.401310
vt 0.827213 0.384654
vt 0.822295 0.384654
vt 0.827213 0.367998
vt 0.822295 0.367998
vt 0.827213 0.351342
vt 0.822295 0.351342
vt 0.827213 0.334686
vt 0.822295 0.334686
vt 0.827213 0.318030
vt 0.822295 0.318030
vt 0.827213 0.301374
vt 0.822295 0.301374
vt 0.827213 0.284718
vt 0.822295 0.284718
vt 0.827213 0.268062
vt 0.822295 0.268062
vt 0.827213 0.251405
vt 0.822295 0.251405
vt 0.827213 0.234749
vt 0.822295 0.234749
vt 0.827213 0.218093
vt 0.822295 0.218093
vt 0.827213 0.201437
vt 0.822295 0.201437
vt 0.827213 0.184781
vt 0.822295 0.184781
vt 0.827213 0.168125
vt 0.822295 0.168125
vt 0.827213 0.151469
vt 0.822295 0.151469
vt 0.827213 0.134813
vt 0.822295 0.134813
vt 0.827213 0.118157
vt 0.822295 0.118157
vt 0.827213 0.101501
vt 0.822295 0.101501
vt 0.028670 0.008846
vt 0.034205 0.009319
vt 0.033093 0.014596
vt 0.028945 0.014282
vt 0.040477 0.018220
vt 0.043966 0.014158
vt 0.047642 0.018215
vt 0.043253 0.021296
vt 0.050222 0.023075
vt 0.045174 0.024971
vt 0.051528 0.028476
vt 0.046110 0.029025
vt 0.051444 0.034105
vt 0.045996 0.033207
vt 0.049878 0.039608
vt 0.044772 0.037241
vt 0.046822 0.044561
vt 0.042506 0.040824
vt 0.042390 0.048334
vt 0.039311 0.043620
vt 0.037195 0.050718
vt 0.035501 0.045458
vt 0.031653 0.051645
vt 0.031369 0.046201
vt 0.026120 0.051156
vt 0.027220 0.045879
vt 0.020920 0.049340
vt 0.023303 0.044537
vt 0.016351 0.046315
vt 0.019849 0.042260
vt 0.012665 0.042266
vt 0.017062 0.039195
vt 0.010090 0.037407
vt 0.015140 0.035516
vt 0.008787 0.032007
vt 0.014205 0.031460
vt 0.008870 0.026380
vt 0.014319 0.027277
vt 0.010434 0.020875
vt 0.015543 0.023241
vt 0.013490 0.015919
vt 0.017811 0.019655
vt 0.017917 0.012147
vt 0.021010 0.016856
vt 0.023120 0.009777
vt 0.024827 0.015036
vt 0.024255 0.030643
vt 0.028482 0.030328
vt 0.028583 0.030759
vt 0.024592 0.032153
vt 0.051900 0.015220
vt 0.055124 0.021206
vt 0.039401 0.011135
vt 0.037017 0.015940
vt 0.029119 0.036038
vt 0.029889 0.031878
vt 0.030328 0.031912
vt 0.030672 0.036132
vt 0.028133 0.024649
vt 0.029561 0.028652
vt 0.029172 0.028840
vt 0.026759 0.025339
vt 0.036062 0.029841
vt 0.031835 0.030155
vt 0.031734 0.029725
vt 0.035724 0.028331
vt 0.032180 0.035836
vt 0.030757 0.031832
vt 0.031145 0.031644
vt 0.033555 0.035146
vt 0.025307 0.033532
vt 0.028793 0.031150
vt 0.029094 0.031484
vt 0.026351 0.034683
vt 0.035010 0.026952
vt 0.031525 0.029333
vt 0.031223 0.029000
vt 0.033967 0.025802
vt 0.025615 0.026351
vt 0.028853 0.029123
vt 0.028621 0.029481
vt 0.024789 0.027637
vt 0.032670 0.024944
vt 0.030847 0.028753
vt 0.030428 0.028607
vt 0.031199 0.024446
vt 0.034700 0.034133
vt 0.031464 0.031360
vt 0.031696 0.031002
vt 0.035526 0.032848
vt 0.027647 0.035541
vt 0.029470 0.031731
vt 0.024318 0.029104
vt 0.028495 0.029893
vt 0.029654 0.024341
vt 0.029987 0.028573
vt 0.035999 0.031381
vt 0.031822 0.030591
vt 0.047347 0.010222
vt 0.035318 0.004193
vt 0.041721 0.006475
vt 0.028475 0.003531
vt 0.021553 0.004585
vt 0.014937 0.007425
vt 0.009054 0.012112
vt 0.005311 0.018638
vt 0.003500 0.025607
vt 0.003502 0.032610
vt 0.005189 0.039275
vt 0.008411 0.045260
vt 0.012967 0.050254
vt 0.018597 0.054000
vt 0.025001 0.056285
vt 0.031843 0.056956
vt 0.038763 0.055904
vt 0.045375 0.053056
vt 0.051258 0.048369
vt 0.055000 0.041842
vt 0.056813 0.034873
vt 0.056813 0.027870
vt 0.186702 0.661495
vt 0.203485 0.661495
vt 0.203147 0.664066
vt 0.187040 0.664066
vt 0.219693 0.665839
vt 0.218700 0.668234
vt 0.234223 0.674229
vt 0.232644 0.676286
vt 0.246087 0.686093
vt 0.244030 0.687671
vt 0.254476 0.700624
vt 0.252081 0.701617
vt 0.258819 0.716832
vt 0.256248 0.717170
vt 0.258819 0.733611
vt 0.256248 0.733272
vt 0.254476 0.749817
vt 0.252081 0.748825
vt 0.246087 0.764349
vt 0.244030 0.762770
vt 0.234223 0.776214
vt 0.232644 0.774156
vt 0.219693 0.784603
vt 0.218700 0.782207
vt 0.203485 0.788946
vt 0.203147 0.786376
vt 0.186707 0.788947
vt 0.187045 0.786376
vt 0.170499 0.784605
vt 0.171492 0.782209
vt 0.155968 0.776216
vt 0.157546 0.774159
vt 0.144103 0.764352
vt 0.146160 0.762774
vt 0.135712 0.749822
vt 0.138108 0.748830
vt 0.131369 0.733615
vt 0.133939 0.733276
vt 0.131368 0.716836
vt 0.133938 0.717174
vt 0.135709 0.700629
vt 0.138104 0.701621
vt 0.144096 0.686097
vt 0.146154 0.687675
vt 0.155960 0.674231
vt 0.157539 0.676288
vt 0.170490 0.665840
vt 0.171482 0.668236
vt 0.869007 0.107105
vt 0.869007 0.105502
vt 0.870088 0.105502
vt 0.870088 0.107105
vt 0.869007 0.108708
vt 0.870088 0.108708
vt 0.869007 0.110311
vt 0.870088 0.110311
vt 0.869007 0.111914
vt 0.870088 0.111914
vt 0.869007 0.113517
vt 0.870088 0.113517
vt 0.869007 0.115120
vt 0.870088 0.115120
vt 0.869007 0.116723
vt 0.870088 0.116723
vt 0.869007 0.118326
vt 0.870088 0.118326
vt 0.869007 0.119929
vt 0.870088 0.119929
vt 0.869007 0.121532
vt 0.870088 0.121532
vt 0.869007 0.123135
vt 0.870088 0.123135
vt 0.869007 0.124738
vt 0.870088 0.124738
vt 0.869007 0.126341
vt 0.870088 0.126341
vt 0.869007 0.127944
vt 0.870088 0.127944
vt 0.869007 0.129547
vt 0.870088 0.129547
vt 0.869007 0.131150
vt 0.870088 0.131150
vt 0.869007 0.132753
vt 0.870088 0.132753
vt 0.869007 0.134356
vt 0.870088 0.134356
vt 0.869007 0.135959
vt 0.870088 0.135959
vt 0.869007 0.137562
vt 0.870088 0.137562
vt 0.869007 0.139165
vt 0.870088 0.139165
vt 0.869007 0.140768
vt 0.870088 0.140768
vt 0.869007 0.142371
vt 0.870088 0.142371
vt 0.869007 0.143974
vt 0.870088 0.143974
vt 0.766134 0.449967
vt 0.766134 0.433311
vt 0.783158 0.433311
vt 0.783158 0.449967
vt 0.766134 0.416655
vt 0.783158 0.416655
vt 0.766134 0.150158
vt 0.766134 0.133502
vt 0.783158 0.133502
vt 0.783158 0.150158
vt 0.766134 0.399999
vt 0.766134 0.383342
vt 0.783158 0.383342
vt 0.783158 0.399999
vt 0.766134 0.366686
vt 0.783158 0.366686
vt 0.766134 0.466623
vt 0.783158 0.466623
vt 0.766134 0.350030
vt 0.766134 0.333374
vt 0.783158 0.333374
vt 0.783158 0.350030
vt 0.766134 0.316718
vt 0.783158 0.316718
vt 0.766134 0.300062
vt 0.766134 0.283406
vt 0.783158 0.283406
vt 0.783158 0.300062
vt 0.766134 0.266750
vt 0.783158 0.266750
vt 0.766134 0.250094
vt 0.766134 0.233438
vt 0.783158 0.233438
vt 0.783158 0.250094
vt 0.766134 0.216782
vt 0.783158 0.216782
vt 0.766134 0.200126
vt 0.766134 0.183470
vt 0.783158 0.183470
vt 0.783158 0.200126
vt 0.766134 0.166814
vt 0.783158 0.166814
vt 0.766134 0.533247
vt 0.766134 0.516591
vt 0.783158 0.516591
vt 0.783158 0.533247
vt 0.766134 0.499935
vt 0.783158 0.499935
vt 0.469559 0.598465
vt 0.467621 0.613742
vt 0.466049 0.613750
vt 0.463968 0.598495
vt 0.766134 0.483279
vt 0.783158 0.483279
vt 0.447039 0.611609
vt 0.461289 0.617437
vt 0.460889 0.618956
vt 0.445613 0.617015
vt 0.488083 0.616818
vt 0.472823 0.618895
vt 0.472411 0.617380
vt 0.486615 0.611422
vt 0.464159 0.640957
vt 0.466097 0.625680
vt 0.467668 0.625672
vt 0.469750 0.640927
vt 0.445635 0.622605
vt 0.460895 0.620527
vt 0.461308 0.622042
vt 0.447104 0.628000
vt 0.458576 0.599969
vt 0.464533 0.614164
vt 0.463176 0.614957
vt 0.453748 0.602786
vt 0.475142 0.639453
vt 0.469185 0.625258
vt 0.470542 0.624465
vt 0.479969 0.636635
vt 0.483798 0.606591
vt 0.471620 0.616024
vt 0.470504 0.614920
vt 0.479825 0.602655
vt 0.483904 0.632666
vt 0.471649 0.623349
vt 0.472429 0.621984
vt 0.486679 0.627813
vt 0.449920 0.632831
vt 0.462098 0.623398
vt 0.463214 0.624503
vt 0.453893 0.636766
vt 0.449814 0.606757
vt 0.462069 0.616073
vt 0.474968 0.599884
vt 0.469140 0.614141
vt 0.488105 0.622408
vt 0.472829 0.620465
vt 0.458751 0.639538
vt 0.464577 0.625281
vt 0.430890 0.667191
vt 0.435047 0.661665
vt 0.447018 0.668442
vt 0.444444 0.674843
vt 0.521864 0.642224
vt 0.515501 0.639619
vt 0.519015 0.626365
vt 0.525846 0.627243
vt 0.502842 0.572226
vt 0.498684 0.577754
vt 0.486711 0.570978
vt 0.489283 0.564577
vt 0.430457 0.572772
vt 0.434674 0.578195
vt 0.425034 0.587917
vt 0.419562 0.583763
vt 0.411927 0.642741
vt 0.418308 0.640073
vt 0.425235 0.651987
vt 0.419760 0.656245
vt 0.474977 0.678581
vt 0.474020 0.671774
vt 0.487228 0.668141
vt 0.489907 0.674471
vt 0.503267 0.666650
vt 0.499049 0.661227
vt 0.508689 0.651503
vt 0.514161 0.655657
vt 0.521796 0.596682
vt 0.515415 0.599350
vt 0.508490 0.587436
vt 0.513964 0.583182
vt 0.458744 0.560840
vt 0.459703 0.567651
vt 0.446493 0.571284
vt 0.443815 0.564956
vt 0.407883 0.612179
vt 0.414716 0.613056
vt 0.414730 0.626792
vt 0.407892 0.627708
vt 0.460310 0.671882
vt 0.459480 0.678717
vt 0.518996 0.612632
vt 0.525834 0.611714
vt 0.473416 0.567540
vt 0.474246 0.560704
vt 0.418225 0.599800
vt 0.411861 0.597195
vt 0.439693 0.655507
vt 0.446066 0.647084
vt 0.453866 0.651526
vt 0.449901 0.661303
vt 0.508396 0.636702
vt 0.498648 0.632712
vt 0.500938 0.624044
vt 0.511391 0.625380
vt 0.494028 0.583909
vt 0.487653 0.592335
vt 0.479851 0.587894
vt 0.483814 0.578115
vt 0.439379 0.584255
vt 0.445830 0.592569
vt 0.439523 0.598931
vt 0.431144 0.592560
vt 0.425423 0.637094
vt 0.435162 0.633010
vt 0.439683 0.640768
vt 0.431335 0.647247
vt 0.472957 0.664169
vt 0.471511 0.653738
vt 0.480153 0.651371
vt 0.484242 0.661070
vt 0.494342 0.655166
vt 0.487889 0.646853
vt 0.494196 0.640490
vt 0.502578 0.646858
vt 0.508299 0.602330
vt 0.498558 0.606413
vt 0.494037 0.598654
vt 0.502388 0.592174
vt 0.460759 0.575257
vt 0.462206 0.585684
vt 0.453565 0.588052
vt 0.449478 0.578354
vt 0.422175 0.614019
vt 0.432779 0.615379
vt 0.432809 0.624350
vt 0.422357 0.625768
vt 0.462546 0.653794
vt 0.461247 0.664252
vt 0.500910 0.615075
vt 0.511365 0.613659
vt 0.471171 0.585628
vt 0.472466 0.575170
vt 0.435069 0.606709
vt 0.425326 0.602710
vt 0.526702 0.644222
vt 0.518319 0.658831
vt 0.531044 0.627928
vt 0.531044 0.611033
vt 0.526667 0.594666
vt 0.518150 0.579937
vt 0.506013 0.568015
vt 0.491251 0.559706
vt 0.474888 0.555501
vt 0.458025 0.555655
vt 0.441788 0.560134
vt 0.427259 0.568636
vt 0.415405 0.580589
vt 0.407024 0.595198
vt 0.402685 0.611493
vt 0.402682 0.628388
vt 0.407057 0.644755
vt 0.415570 0.659485
vt 0.427715 0.671400
vt 0.442476 0.679714
vt 0.458838 0.683920
vt 0.475701 0.683764
vt 0.491940 0.679291
vt 0.506466 0.670785
vt 0.792752 0.150158
vt 0.787834 0.150158
vt 0.787834 0.133502
vt 0.792752 0.133502
vt 0.792752 0.166814
vt 0.787834 0.166814
vt 0.792752 0.183470
vt 0.787834 0.183470
vt 0.792752 0.200126
vt 0.787834 0.200126
vt 0.792752 0.216782
vt 0.787834 0.216782
vt 0.792752 0.233438
vt 0.787834 0.233438
vt 0.792752 0.250094
vt 0.787834 0.250094
vt 0.792752 0.266750
vt 0.787834 0.266750
vt 0.792752 0.283406
vt 0.787834 0.283406
vt 0.792752 0.300062
vt 0.787834 0.300062
vt 0.792752 0.316718
vt 0.787834 0.316718
vt 0.792752 0.333374
vt 0.787834 0.333374
vt 0.792752 0.350030
vt 0.787834 0.350030
vt 0.792752 0.366686
vt 0.787834 0.366686
vt 0.792752 0.383342
vt 0.787834 0.383342
vt 0.792752 0.399999
vt 0.787834 0.399999
vt 0.792752 0.416655
vt 0.787834 0.416655
vt 0.792752 0.433311
vt 0.787834 0.433311
vt 0.792752 0.449967
vt 0.787834 0.449967
vt 0.792752 0.466623
vt 0.787834 0.466623
vt 0.792752 0.483279
vt 0.787834 0.483279
vt 0.792752 0.499935
vt 0.787834 0.499935
vt 0.792752 0.516591
vt 0.787834 0.516591
vt 0.792752 0.533247
vt 0.787834 0.533247
vt 0.365920 0.051628
vt 0.366196 0.046193
vt 0.370344 0.045880
vt 0.371455 0.051156
vt 0.377727 0.042256
vt 0.380503 0.039181
vt 0.384892 0.042263
vt 0.381216 0.046319
vt 0.382425 0.035506
vt 0.387473 0.037402
vt 0.383361 0.031453
vt 0.388778 0.032002
vt 0.383247 0.027271
vt 0.388695 0.026373
vt 0.382023 0.023237
vt 0.387129 0.020872
vt 0.379758 0.019654
vt 0.384076 0.015916
vt 0.376564 0.016858
vt 0.379642 0.012144
vt 0.372755 0.015021
vt 0.374445 0.009760
vt 0.368628 0.014279
vt 0.368898 0.008836
vt 0.364476 0.014585
vt 0.363363 0.009311
vt 0.360555 0.015930
vt 0.358168 0.011128
vt 0.357098 0.018208
vt 0.353599 0.014154
vt 0.354311 0.021273
vt 0.349914 0.018203
vt 0.352394 0.024957
vt 0.347341 0.023063
vt 0.351455 0.029016
vt 0.346036 0.028463
vt 0.351565 0.033204
vt 0.346114 0.034086
vt 0.352805 0.037239
vt 0.347692 0.039587
vt 0.355068 0.040820
vt 0.350745 0.044549
vt 0.358264 0.043619
vt 0.355169 0.048325
vt 0.362079 0.045439
vt 0.360371 0.050696
vt 0.361509 0.029839
vt 0.361846 0.028330
vt 0.365835 0.029717
vt 0.365734 0.030149
vt 0.389150 0.045257
vt 0.392374 0.039272
vt 0.376651 0.049341
vt 0.374267 0.044536
vt 0.366370 0.024436
vt 0.367921 0.024343
vt 0.367580 0.028566
vt 0.367140 0.028600
vt 0.365386 0.035828
vt 0.364011 0.035138
vt 0.366422 0.031638
vt 0.366812 0.031824
vt 0.373313 0.030636
vt 0.372976 0.032146
vt 0.368985 0.030753
vt 0.369085 0.030322
vt 0.369431 0.024640
vt 0.370807 0.025330
vt 0.368397 0.028833
vt 0.368009 0.028645
vt 0.362553 0.026944
vt 0.363598 0.025792
vt 0.366346 0.028992
vt 0.366045 0.029326
vt 0.372262 0.033525
vt 0.371218 0.034676
vt 0.368476 0.031478
vt 0.368777 0.031145
vt 0.362868 0.034126
vt 0.362043 0.032841
vt 0.365872 0.030998
vt 0.366104 0.031355
vt 0.369922 0.035533
vt 0.368451 0.036030
vt 0.367681 0.031870
vt 0.368100 0.031724
vt 0.371951 0.026343
vt 0.372778 0.027629
vt 0.368946 0.029474
vt 0.368715 0.029116
vt 0.364896 0.024934
vt 0.366721 0.028746
vt 0.361571 0.031376
vt 0.365746 0.030585
vt 0.366906 0.036135
vt 0.367239 0.031904
vt 0.373250 0.029096
vt 0.369072 0.029886
vt 0.384597 0.050255
vt 0.372567 0.056282
vt 0.378970 0.054001
vt 0.365724 0.056943
vt 0.358803 0.055887
vt 0.352188 0.053045
vt 0.346307 0.048355
vt 0.342566 0.041828
vt 0.340749 0.034860
vt 0.340752 0.027859
vt 0.342439 0.021195
vt 0.345660 0.015210
vt 0.350216 0.010216
vt 0.355845 0.006469
vt 0.362248 0.004185
vt 0.369091 0.003521
vt 0.376013 0.004572
vt 0.382626 0.007419
vt 0.388511 0.012105
vt 0.392250 0.018635
vt 0.394064 0.025605
vt 0.394064 0.032608
vt 0.673515 0.075619
vt 0.676086 0.075280
vt 0.680255 0.090839
vt 0.677860 0.091831
vt 0.688307 0.104783
vt 0.686250 0.106361
vt 0.699694 0.116169
vt 0.698115 0.118226
vt 0.713639 0.124218
vt 0.712647 0.126614
vt 0.729192 0.128385
vt 0.728854 0.130956
vt 0.745295 0.128385
vt 0.745633 0.130956
vt 0.760848 0.124217
vt 0.761840 0.126613
vt 0.774793 0.116165
vt 0.776371 0.118222
vt 0.786178 0.104779
vt 0.788235 0.106358
vt 0.794230 0.090834
vt 0.796625 0.091826
vt 0.798397 0.075281
vt 0.800968 0.075619
vt 0.798397 0.059178
vt 0.800968 0.058840
vt 0.794230 0.043625
vt 0.796625 0.042633
vt 0.786179 0.029679
vt 0.788236 0.028101
vt 0.774793 0.018293
vt 0.776371 0.016236
vt 0.760848 0.010242
vt 0.761840 0.007846
vt 0.745295 0.006073
vt 0.745633 0.003503
vt 0.729192 0.006073
vt 0.728855 0.003502
vt 0.713638 0.010240
vt 0.712647 0.007844
vt 0.699694 0.018290
vt 0.698116 0.016233
vt 0.688307 0.029675
vt 0.686250 0.028097
vt 0.680255 0.043620
vt 0.677860 0.042628
vt 0.676086 0.059173
vt 0.673515 0.058834
vt 0.343843 0.408369
vt 0.344925 0.408369
vt 0.344925 0.409972
vt 0.343843 0.409972
vt 0.343843 0.406766
vt 0.344925 0.406766
vt 0.343843 0.405164
vt 0.344925 0.405164
vt 0.343843 0.403561
vt 0.344925 0.403561
vt 0.343843 0.401958
vt 0.344925 0.401958
vt 0.343843 0.400355
vt 0.344925 0.400355
vt 0.343843 0.398752
vt 0.344925 0.398752
vt 0.343843 0.397149
vt 0.344925 0.397149
vt 0.343843 0.395546
vt 0.344925 0.395546
vt 0.343843 0.393943
vt 0.344925 0.393943
vt 0.343843 0.392341
vt 0.344925 0.392341
vt 0.343843 0.390738
vt 0.344925 0.390738
vt 0.343843 0.389135
vt 0.344925 0.389135
vt 0.343843 0.387532
vt 0.344925 0.387532
vt 0.343843 0.385929
vt 0.344925 0.385929
vt 0.343843 0.384326
vt 0.344925 0.384326
vt 0.343843 0.382724
vt 0.344925 0.382724
vt 0.343843 0.381121
vt 0.344925 0.381121
vt 0.343843 0.379518
vt 0.344925 0.379518
vt 0.343843 0.377915
vt 0.344925 0.377915
vt 0.343843 0.376312
vt 0.344925 0.376312
vt 0.343843 0.374709
vt 0.344925 0.374709
vt 0.343843 0.373106
vt 0.344925 0.373106
vt 0.343843 0.371503
vt 0.344925 0.371503
vt 0.795497 0.620481
vt 0.795497 0.624038
vt 0.791486 0.624038
vt 0.791486 0.620481
vt 0.240682 0.425328
vt 0.244692 0.425328
vt 0.244693 0.543759
vt 0.240682 0.543759
vt 0.156676 0.646479
vt 0.156676 0.650037
vt 0.152665 0.650037
vt 0.152665 0.646479
vt 0.039133 0.347325
vt 0.033114 0.347325
vt 0.033114 0.343411
vt 0.039133 0.343411
vt 0.033114 0.339497
vt 0.039133 0.339497
vt 0.152665 0.567497
vt 0.158683 0.567497
vt 0.158683 0.571411
vt 0.152665 0.571411
vt 0.152665 0.573421
vt 0.158683 0.573421
vt 0.158683 0.575348
vt 0.152665 0.575348
vt 0.240682 0.421414
vt 0.244693 0.421414
vt 0.240682 0.417500
vt 0.244693 0.417500
vt 0.156676 0.657865
vt 0.152665 0.657865
vt 0.152665 0.653951
vt 0.156676 0.653951
vt 0.439431 0.241325
vt 0.433413 0.241325
vt 0.433413 0.237411
vt 0.439431 0.237411
vt 0.433413 0.233497
vt 0.439431 0.233497
vt 0.789479 0.541497
vt 0.795497 0.541497
vt 0.795497 0.545411
vt 0.789479 0.545411
vt 0.789479 0.547421
vt 0.795497 0.547421
vt 0.795497 0.549348
vt 0.789479 0.549348
vt 0.244693 0.547673
vt 0.240682 0.547673
vt 0.244693 0.551587
vt 0.240682 0.551587
vt 0.795497 0.631867
vt 0.791486 0.631867
vt 0.791487 0.627953
vt 0.795497 0.627953
vt 0.795497 0.553652
vt 0.789478 0.553652
vt 0.152698 0.559996
vt 0.164353 0.531285
vt 0.164770 0.533377
vt 0.750631 0.305500
vt 0.754935 0.305500
vt 0.754935 0.357425
vt 0.750787 0.357364
vt 0.795497 0.557056
vt 0.791487 0.557056
vt 0.156675 0.583056
vt 0.152665 0.583056
vt 0.756955 0.357425
vt 0.756955 0.305500
vt 0.759004 0.305500
vt 0.759004 0.357425
vt 0.158104 0.581586
vt 0.152665 0.581173
vt 0.795497 0.555173
vt 0.790058 0.555587
vt 0.158683 0.579651
vt 0.152665 0.579651
vt 0.716068 0.111258
vt 0.717462 0.109073
vt 0.753805 0.109084
vt 0.755201 0.111273
vt 0.717490 0.024973
vt 0.712393 0.024938
vt 0.712815 0.022944
vt 0.712392 0.103830
vt 0.710019 0.105124
vt 0.710019 0.023644
vt 0.755202 0.017515
vt 0.753809 0.019699
vt 0.717465 0.019689
vt 0.716069 0.017500
vt 0.758879 0.024943
vt 0.758456 0.022950
vt 0.760716 0.021386
vt 0.761252 0.023649
vt 0.757349 0.021259
vt 0.759397 0.019438
vt 0.755717 0.020127
vt 0.757466 0.018092
vt 0.710553 0.021380
vt 0.713922 0.021251
vt 0.711871 0.019430
vt 0.715555 0.020117
vt 0.713803 0.018081
vt 0.758456 0.105829
vt 0.758878 0.103835
vt 0.761252 0.105129
vt 0.760718 0.107393
vt 0.757349 0.107522
vt 0.759400 0.109343
vt 0.755715 0.108656
vt 0.757468 0.110692
vt 0.712814 0.105822
vt 0.710554 0.107386
vt 0.713921 0.107514
vt 0.711873 0.109335
vt 0.715554 0.108645
vt 0.713805 0.110680
vt 0.152698 0.421505
vt 0.216121 0.421505
vt 0.208549 0.444750
vt 0.169819 0.444750
vt 0.210641 0.536335
vt 0.219679 0.559996
vt 0.216121 0.559996
vt 0.208549 0.536752
vt 0.009516 0.132259
vt 0.003497 0.132259
vt 0.003497 0.097496
vt 0.009516 0.097496
vt 0.033114 0.383677
vt 0.039133 0.383677
vt 0.573493 0.099500
vt 0.579511 0.099500
vt 0.579511 0.102018
vt 0.573493 0.102018
vt 0.579511 0.104030
vt 0.573493 0.104030
vt 0.003499 0.296032
vt 0.009517 0.296032
vt 0.009517 0.298549
vt 0.003499 0.298549
vt 0.003499 0.294020
vt 0.009517 0.294020
vt 0.439431 0.277677
vt 0.433413 0.277677
vt 0.009517 0.289314
vt 0.003499 0.289314
vt 0.579511 0.108736
vt 0.573493 0.108736
vt 0.579511 0.112547
vt 0.573493 0.112547
vt 0.573493 0.110641
vt 0.579511 0.110641
vt 0.003499 0.285503
vt 0.009517 0.285503
vt 0.009517 0.287408
vt 0.003499 0.287408
vt 0.741363 0.437799
vt 0.740600 0.433960
vt 0.740600 0.397608
vt 0.741329 0.395848
vt 0.746792 0.443228
vt 0.743538 0.441053
vt 0.743090 0.395119
vt 0.747796 0.395119
vt 0.748712 0.305667
vt 0.749668 0.355108
vt 0.748712 0.443824
vt 0.749668 0.394383
vt 0.754935 0.443991
vt 0.750631 0.443991
vt 0.750787 0.392127
vt 0.754935 0.392065
vt 0.741364 0.311692
vt 0.743538 0.308438
vt 0.743090 0.354372
vt 0.741329 0.353644
vt 0.740600 0.315531
vt 0.740600 0.351883
vt 0.759005 0.392065
vt 0.756955 0.392065
vt 0.746792 0.306263
vt 0.747795 0.354372
vt 0.756955 0.443991
vt 0.759004 0.443991
vt 0.152698 0.508070
vt 0.152698 0.473430
vt 0.164353 0.450216
vt 0.164770 0.448124
vt 0.165955 0.446351
vt 0.167728 0.445166
vt 0.165955 0.535151
vt 0.167728 0.536335
vt 0.169820 0.536752
vt 0.212414 0.535151
vt 0.223517 0.559233
vt 0.213599 0.533377
vt 0.226772 0.557058
vt 0.214015 0.531285
vt 0.228946 0.553804
vt 0.229710 0.549965
vt 0.214015 0.450216
vt 0.229710 0.431536
vt 0.228946 0.427697
vt 0.213599 0.448124
vt 0.226772 0.424443
vt 0.212414 0.446351
vt 0.223517 0.422268
vt 0.219679 0.421505
vt 0.210641 0.445166
vt 0.717487 0.103795
vt 0.753780 0.103800
vt 0.753783 0.024978
vt 0.202889 0.567496
vt 0.204459 0.567496
vt 0.204459 0.571295
vt 0.202889 0.571295
vt 0.204459 0.575094
vt 0.202889 0.575094
vt 0.204459 0.578894
vt 0.202889 0.578894
vt 0.204459 0.582693
vt 0.202889 0.582693
vt 0.204459 0.586492
vt 0.202889 0.586492
vt 0.204459 0.590291
vt 0.202889 0.590291
vt 0.204459 0.594091
vt 0.202889 0.594091
vt 0.204459 0.597890
vt 0.202889 0.597890
vt 0.204459 0.601689
vt 0.202889 0.601689
vt 0.204459 0.605488
vt 0.202889 0.605488
vt 0.204459 0.609287
vt 0.202889 0.609287
vt 0.204459 0.613087
vt 0.202889 0.613087
vt 0.204459 0.616886
vt 0.202889 0.616886
vt 0.204459 0.620685
vt 0.202889 0.620685
vt 0.673193 0.235284
vt 0.673193 0.238007
vt 0.665156 0.238007
vt 0.665156 0.235284
vt 0.204459 0.624484
vt 0.202889 0.624484
vt 0.204459 0.628284
vt 0.202889 0.628284
vt 0.654334 0.243175
vt 0.652409 0.241250
vt 0.653940 0.238957
vt 0.656627 0.241644
vt 0.649892 0.240208
vt 0.650430 0.237503
vt 0.647169 0.240208
vt 0.646631 0.237503
vt 0.644653 0.241250
vt 0.643121 0.238957
vt 0.642727 0.243175
vt 0.640435 0.241644
vt 0.641685 0.245692
vt 0.638981 0.245154
vt 0.641685 0.248415
vt 0.638981 0.248953
vt 0.642727 0.250931
vt 0.640435 0.252463
vt 0.644653 0.252857
vt 0.643121 0.255150
vt 0.647169 0.253899
vt 0.646631 0.256603
vt 0.649892 0.253899
vt 0.650430 0.256603
vt 0.652409 0.252857
vt 0.653940 0.255150
vt 0.654334 0.250931
vt 0.656627 0.252463
vt 0.655376 0.248415
vt 0.658081 0.248953
vt 0.655376 0.245692
vt 0.658081 0.245154
vt 0.595384 0.084020
vt 0.596298 0.084934
vt 0.595488 0.086147
vt 0.594172 0.084830
vt 0.673193 0.254347
vt 0.673193 0.257070
vt 0.665156 0.257070
vt 0.665156 0.254347
vt 0.673193 0.213497
vt 0.673193 0.216220
vt 0.665156 0.216220
vt 0.665156 0.213497
vt 0.673193 0.232560
vt 0.665156 0.232560
vt 0.673193 0.251624
vt 0.665156 0.251624
vt 0.673193 0.229837
vt 0.665156 0.229837
vt 0.673193 0.248900
vt 0.665156 0.248900
vt 0.673193 0.227114
vt 0.665156 0.227114
vt 0.673193 0.246177
vt 0.665156 0.246177
vt 0.673193 0.224390
vt 0.665156 0.224390
vt 0.673193 0.243454
vt 0.665156 0.243454
vt 0.673193 0.221667
vt 0.665156 0.221667
vt 0.673193 0.240730
vt 0.665156 0.240730
vt 0.673193 0.218944
vt 0.665156 0.218944
vt 0.547643 0.111325
vt 0.548984 0.114548
vt 0.547877 0.115291
vt 0.546332 0.111586
vt 0.597492 0.085429
vt 0.597208 0.086859
vt 0.547643 0.107834
vt 0.546336 0.107573
vt 0.598785 0.085429
vt 0.599070 0.086859
vt 0.548979 0.104611
vt 0.547871 0.103871
vt 0.599979 0.084934
vt 0.600789 0.086147
vt 0.558149 0.100812
vt 0.554664 0.100819
vt 0.554404 0.099513
vt 0.558406 0.099506
vt 0.551442 0.102145
vt 0.550703 0.101039
vt 0.600893 0.084020
vt 0.602106 0.084830
vt 0.561373 0.102139
vt 0.562110 0.101030
vt 0.601388 0.082826
vt 0.602818 0.083110
vt 0.563845 0.104598
vt 0.564952 0.103856
vt 0.601388 0.081533
vt 0.602818 0.081249
vt 0.565178 0.107824
vt 0.566488 0.107563
vt 0.736012 0.179261
vt 0.736012 0.183183
vt 0.730259 0.183183
vt 0.730259 0.179261
vt 0.736012 0.206715
vt 0.736012 0.210637
vt 0.730259 0.210637
vt 0.730259 0.206715
vt 0.736012 0.175340
vt 0.730259 0.175340
vt 0.736012 0.202793
vt 0.730259 0.202793
vt 0.736012 0.171418
vt 0.730259 0.171418
vt 0.736012 0.198871
vt 0.730259 0.198871
vt 0.736012 0.226325
vt 0.736012 0.230247
vt 0.730259 0.230247
vt 0.730259 0.226325
vt 0.736012 0.167495
vt 0.730259 0.167495
vt 0.736012 0.194949
vt 0.730259 0.194949
vt 0.736012 0.222403
vt 0.730259 0.222403
vt 0.736012 0.191027
vt 0.730259 0.191027
vt 0.736012 0.218481
vt 0.730259 0.218481
vt 0.736012 0.187105
vt 0.730259 0.187105
vt 0.736012 0.214559
vt 0.730259 0.214559
vt 0.551455 0.117010
vt 0.550718 0.118118
vt 0.594890 0.082826
vt 0.593459 0.083110
vt 0.554678 0.118338
vt 0.554421 0.119644
vt 0.594890 0.081533
vt 0.593459 0.081249
vt 0.558164 0.118331
vt 0.558423 0.119637
vt 0.595384 0.080339
vt 0.594172 0.079529
vt 0.561386 0.117005
vt 0.562124 0.118112
vt 0.598785 0.078930
vt 0.597492 0.078930
vt 0.597208 0.077500
vt 0.599070 0.077500
vt 0.596298 0.079425
vt 0.595488 0.078213
vt 0.563848 0.114538
vt 0.564956 0.115278
vt 0.599979 0.079425
vt 0.600789 0.078213
vt 0.565181 0.111315
vt 0.566488 0.111575
vt 0.600893 0.080339
vt 0.602106 0.079529
vt 0.561777 0.110632
vt 0.561772 0.108501
vt 0.560965 0.112605
vt 0.559460 0.114118
vt 0.557489 0.114931
vt 0.555358 0.114937
vt 0.553387 0.114127
vt 0.551874 0.112623
vt 0.560957 0.106529
vt 0.559443 0.105024
vt 0.555339 0.104220
vt 0.553368 0.105033
vt 0.557470 0.104214
vt 0.551861 0.106546
vt 0.551048 0.108520
vt 0.551052 0.110654
vt 0.556414 0.109576
vt 0.046125 0.377457
vt 0.046125 0.383445
vt 0.050202 0.383445
vt 0.050202 0.377457
vt 0.046125 0.389434
vt 0.050202 0.389434
vt 0.046125 0.395422
vt 0.050202 0.395422
vt 0.046125 0.401410
vt 0.050202 0.401410
vt 0.046125 0.353504
vt 0.046125 0.359492
vt 0.050202 0.359492
vt 0.050202 0.353504
vt 0.046125 0.365480
vt 0.050202 0.365480
vt 0.046125 0.371469
vt 0.050202 0.371469
vt 0.576563 0.037503
vt 0.573267 0.037503
vt 0.573267 0.092087
vt 0.576563 0.092087
vt 0.579860 0.037503
vt 0.579860 0.092087
vt 0.583156 0.037503
vt 0.583156 0.092087
vt 0.586453 0.037503
vt 0.586453 0.092087
vt 0.563378 0.037503
vt 0.560081 0.037503
vt 0.560081 0.092087
vt 0.563378 0.092087
vt 0.566674 0.037503
vt 0.566674 0.092087
vt 0.569971 0.037503
vt 0.569971 0.092087
vt 0.491182 0.114717
vt 0.487894 0.114718
vt 0.486536 0.117992
vt 0.492538 0.117991
vt 0.493508 0.112394
vt 0.496783 0.113748
vt 0.493509 0.109105
vt 0.496783 0.107747
vt 0.491184 0.106778
vt 0.492539 0.103503
vt 0.487894 0.106776
vt 0.486538 0.103501
vt 0.485568 0.109103
vt 0.482294 0.107745
vt 0.485568 0.112393
vt 0.482293 0.113747
vt 0.213029 0.567496
vt 0.213029 0.571295
vt 0.211459 0.571295
vt 0.211459 0.567496
vt 0.213029 0.575094
vt 0.211459 0.575094
vt 0.213029 0.578894
vt 0.211459 0.578894
vt 0.213029 0.582693
vt 0.211459 0.582693
vt 0.213029 0.586492
vt 0.211459 0.586492
vt 0.213029 0.590291
vt 0.211459 0.590291
vt 0.213029 0.594090
vt 0.211459 0.594090
vt 0.213029 0.597889
vt 0.211459 0.597889
vt 0.213029 0.601689
vt 0.211459 0.601689
vt 0.213029 0.605488
vt 0.211459 0.605488
vt 0.213029 0.609287
vt 0.211459 0.609287
vt 0.213029 0.613086
vt 0.211459 0.613086
vt 0.213029 0.616885
vt 0.211459 0.616885
vt 0.213029 0.620685
vt 0.211459 0.620685
vt 0.426405 0.239285
vt 0.418369 0.239285
vt 0.418369 0.236562
vt 0.426405 0.236562
vt 0.213029 0.624484
vt 0.211459 0.624484
vt 0.213029 0.628283
vt 0.211459 0.628283
vt 0.683327 0.016927
vt 0.685619 0.018459
vt 0.682933 0.021146
vt 0.681401 0.018853
vt 0.679423 0.022599
vt 0.678885 0.019895
vt 0.675624 0.022599
vt 0.676162 0.019895
vt 0.672114 0.021146
vt 0.673646 0.018853
vt 0.669427 0.018459
vt 0.671720 0.016927
vt 0.667973 0.014949
vt 0.670678 0.014411
vt 0.667973 0.011150
vt 0.670678 0.011688
vt 0.669427 0.007640
vt 0.671720 0.009172
vt 0.672114 0.004953
vt 0.673646 0.007246
vt 0.675624 0.003499
vt 0.676162 0.006204
vt 0.679423 0.003499
vt 0.678885 0.006204
vt 0.682933 0.004953
vt 0.681401 0.007246
vt 0.685619 0.007640
vt 0.683327 0.009172
vt 0.687073 0.011150
vt 0.684369 0.011688
vt 0.687073 0.014949
vt 0.684369 0.014411
vt 0.687170 0.126342
vt 0.685957 0.125532
vt 0.687274 0.124216
vt 0.688084 0.125428
vt 0.426405 0.220222
vt 0.418369 0.220222
vt 0.418369 0.217498
vt 0.426405 0.217498
vt 0.426405 0.261072
vt 0.418369 0.261072
vt 0.418369 0.258349
vt 0.426405 0.258349
vt 0.426405 0.242009
vt 0.418369 0.242009
vt 0.426405 0.222945
vt 0.418369 0.222945
vt 0.426405 0.244732
vt 0.418369 0.244732
vt 0.426405 0.225668
vt 0.418369 0.225668
vt 0.426405 0.247455
vt 0.418369 0.247455
vt 0.426405 0.228392
vt 0.418369 0.228392
vt 0.426405 0.250179
vt 0.418369 0.250179
vt 0.426405 0.231115
vt 0.418369 0.231115
vt 0.426405 0.252902
vt 0.418369 0.252902
vt 0.426405 0.233839
vt 0.418369 0.233839
vt 0.426405 0.255625
vt 0.418369 0.255625
vt 0.604957 0.110549
vt 0.606068 0.111292
vt 0.603231 0.114129
vt 0.602492 0.113020
vt 0.688994 0.123503
vt 0.689278 0.124933
vt 0.606296 0.107325
vt 0.607603 0.107585
vt 0.690855 0.123503
vt 0.690571 0.124933
vt 0.606297 0.103837
vt 0.607603 0.103578
vt 0.692575 0.124215
vt 0.691765 0.125428
vt 0.599286 0.096809
vt 0.599546 0.095504
vt 0.603243 0.097043
vt 0.602502 0.098149
vt 0.604964 0.100616
vt 0.606071 0.099877
vt 0.693891 0.125532
vt 0.692679 0.126342
vt 0.595800 0.096811
vt 0.595542 0.095504
vt 0.694604 0.127252
vt 0.693174 0.127536
vt 0.592573 0.098134
vt 0.591835 0.097025
vt 0.694604 0.129113
vt 0.693174 0.128829
vt 0.590107 0.100604
vt 0.588996 0.099860
vt 0.702181 0.084484
vt 0.696428 0.084484
vt 0.696428 0.080562
vt 0.702181 0.080562
vt 0.702181 0.057030
vt 0.696428 0.057030
vt 0.696428 0.053108
vt 0.702181 0.053108
vt 0.702181 0.088406
vt 0.696428 0.088406
vt 0.702181 0.060952
vt 0.696428 0.060952
vt 0.702181 0.092328
vt 0.696428 0.092328
vt 0.702181 0.064874
vt 0.696428 0.064874
vt 0.702181 0.037420
vt 0.696428 0.037420
vt 0.696428 0.033498
vt 0.702181 0.033498
vt 0.702181 0.096250
vt 0.696428 0.096250
vt 0.702181 0.068796
vt 0.696428 0.068796
vt 0.702181 0.041343
vt 0.696428 0.041343
vt 0.702181 0.072718
vt 0.696428 0.072718
vt 0.702181 0.045264
vt 0.696428 0.045264
vt 0.702181 0.076640
vt 0.696428 0.076640
vt 0.702181 0.049186
vt 0.696428 0.049186
vt 0.599523 0.115653
vt 0.599266 0.114347
vt 0.686675 0.127536
vt 0.685245 0.127252
vt 0.595518 0.115645
vt 0.595780 0.114340
vt 0.686675 0.128829
vt 0.685245 0.129113
vt 0.591821 0.114108
vt 0.592562 0.113002
vt 0.687170 0.130023
vt 0.685957 0.130833
vt 0.588992 0.111275
vt 0.590099 0.110536
vt 0.690571 0.131432
vt 0.690855 0.132862
vt 0.688994 0.132862
vt 0.689278 0.131432
vt 0.688084 0.130937
vt 0.687274 0.132149
vt 0.587460 0.107575
vt 0.588766 0.107315
vt 0.691765 0.130937
vt 0.692575 0.132149
vt 0.587460 0.103567
vt 0.588767 0.103827
vt 0.692679 0.130023
vt 0.693891 0.130833
vt 0.592172 0.104499
vt 0.592993 0.102533
vt 0.592168 0.106631
vt 0.592979 0.108603
vt 0.594484 0.110114
vt 0.596452 0.110936
vt 0.598586 0.110942
vt 0.600562 0.110131
vt 0.594500 0.101024
vt 0.596473 0.100215
vt 0.600578 0.101036
vt 0.602083 0.102549
vt 0.598607 0.100214
vt 0.602895 0.104521
vt 0.602890 0.106654
vt 0.602069 0.108621
vt 0.597531 0.105576
vt 0.368817 0.375454
vt 0.364740 0.375454
vt 0.364740 0.381443
vt 0.368817 0.381443
vt 0.364740 0.387431
vt 0.368817 0.387431
vt 0.364740 0.393419
vt 0.368817 0.393419
vt 0.364740 0.399408
vt 0.368817 0.399408
vt 0.368817 0.351501
vt 0.364740 0.351501
vt 0.364740 0.357489
vt 0.368817 0.357489
vt 0.364740 0.363478
vt 0.368817 0.363478
vt 0.364740 0.369466
vt 0.368817 0.369466
vt 0.417553 0.058085
vt 0.417553 0.003501
vt 0.414257 0.003501
vt 0.414257 0.058085
vt 0.420850 0.058085
vt 0.420850 0.003501
vt 0.424146 0.058086
vt 0.424146 0.003501
vt 0.427442 0.058086
vt 0.427442 0.003501
vt 0.404367 0.058085
vt 0.404367 0.003501
vt 0.401071 0.003501
vt 0.401071 0.058085
vt 0.407664 0.058085
vt 0.407664 0.003501
vt 0.410960 0.058085
vt 0.410960 0.003501
vt 0.881206 0.014713
vt 0.882562 0.017987
vt 0.886807 0.013744
vt 0.883532 0.012389
vt 0.877918 0.014714
vt 0.876560 0.017988
vt 0.875592 0.012389
vt 0.872317 0.013743
vt 0.875592 0.009099
vt 0.872318 0.007741
vt 0.877918 0.006772
vt 0.876561 0.003497
vt 0.881208 0.006774
vt 0.882563 0.003498
vt 0.883533 0.009100
vt 0.886807 0.007742
vt 0.660974 0.009634
vt 0.624909 0.009634
vt 0.624909 0.003503
vt 0.660974 0.003503
vt 0.047130 0.063954
vt 0.047885 0.066642
vt 0.043891 0.066614
vt 0.041591 0.063993
vt 0.065508 0.040889
vt 0.066287 0.043540
vt 0.064752 0.043524
vt 0.064780 0.040900
vt 0.624909 0.016526
vt 0.624909 0.012531
vt 0.660974 0.012531
vt 0.660974 0.016526
vt 0.689366 0.082729
vt 0.686799 0.082729
vt 0.686798 0.051238
vt 0.689366 0.051238
vt 0.747057 0.297565
vt 0.747057 0.261500
vt 0.747784 0.261500
vt 0.749349 0.262169
vt 0.749997 0.263786
vt 0.749997 0.295278
vt 0.749349 0.296895
vt 0.747784 0.297565
vt 0.049767 0.064780
vt 0.047154 0.063227
vt 0.049777 0.063245
vt 0.067586 0.033508
vt 0.076322 0.033603
vt 0.076297 0.035921
vt 0.070166 0.035854
vt 0.068182 0.041693
vt 0.065645 0.035352
vt 0.068225 0.037699
vt 0.660974 0.017956
vt 0.624909 0.017956
vt 0.660974 0.019390
vt 0.624909 0.019390
vt 0.049210 0.066103
vt 0.067618 0.043007
vt 0.518580 0.085936
vt 0.518580 0.094673
vt 0.482515 0.094673
vt 0.482515 0.085936
vt 0.042012 0.068521
vt 0.039712 0.065900
vt 0.040268 0.064546
vt 0.042568 0.067167
vt 0.066222 0.034039
vt 0.068802 0.036386
vt 0.624909 0.011097
vt 0.660974 0.011097
vt 0.482515 0.084472
vt 0.518580 0.084472
vt 0.482515 0.083039
vt 0.518580 0.083039
vt 0.041969 0.074652
vt 0.039651 0.074636
vt 0.482515 0.077500
vt 0.518580 0.077500
vt 0.689366 0.084471
vt 0.686782 0.084471
vt 0.047206 0.061525
vt 0.049789 0.061543
vt 0.686782 0.049496
vt 0.689366 0.049496
vt 0.063050 0.043505
vt 0.063078 0.040922
vt 0.660974 0.020926
vt 0.624909 0.020926
vt 0.625579 0.022490
vt 0.660304 0.022490
vt 0.627196 0.023138
vt 0.658686 0.023139
vt 0.542200 0.283545
vt 0.543981 0.283623
vt 0.543845 0.305517
vt 0.542124 0.305508
vt 0.543909 0.327457
vt 0.542169 0.327462
vt 0.543945 0.349435
vt 0.542203 0.349438
vt 0.543974 0.371414
vt 0.542231 0.371416
vt 0.543997 0.393394
vt 0.542253 0.393396
vt 0.544024 0.415381
vt 0.542274 0.415382
vt 0.544010 0.437369
vt 0.542266 0.437367
vt 0.544000 0.459348
vt 0.542256 0.459347
vt 0.543985 0.481328
vt 0.542241 0.481326
vt 0.543957 0.503305
vt 0.542218 0.503301
vt 0.543907 0.525246
vt 0.542185 0.525255
vt 0.544050 0.547140
vt 0.542269 0.547219
vt 0.691449 0.279550
vt 0.693230 0.279630
vt 0.693087 0.301523
vt 0.691364 0.301514
vt 0.693137 0.323464
vt 0.691397 0.323468
vt 0.693165 0.345441
vt 0.691421 0.345444
vt 0.693180 0.367421
vt 0.691437 0.367422
vt 0.693191 0.389400
vt 0.691446 0.389401
vt 0.693204 0.411388
vt 0.691454 0.411387
vt 0.693178 0.433375
vt 0.691433 0.433373
vt 0.693154 0.455356
vt 0.691410 0.455353
vt 0.693126 0.477334
vt 0.691383 0.477331
vt 0.693087 0.499312
vt 0.691348 0.499307
vt 0.693026 0.521253
vt 0.691305 0.521261
vt 0.693160 0.543146
vt 0.691379 0.543225
vt 0.140081 0.409544
vt 0.141861 0.409622
vt 0.141727 0.431516
vt 0.140006 0.431508
vt 0.141789 0.453456
vt 0.140049 0.453461
vt 0.141827 0.475434
vt 0.140084 0.475437
vt 0.141855 0.497414
vt 0.140111 0.497415
vt 0.141878 0.519394
vt 0.140134 0.519395
vt 0.141904 0.541380
vt 0.140155 0.541381
vt 0.141891 0.563369
vt 0.140147 0.563367
vt 0.141881 0.585348
vt 0.140137 0.585347
vt 0.141865 0.607328
vt 0.140122 0.607325
vt 0.141837 0.629305
vt 0.140098 0.629301
vt 0.141787 0.651246
vt 0.140065 0.651254
vt 0.141931 0.673139
vt 0.140150 0.673218
vt 0.390261 0.415561
vt 0.392043 0.415640
vt 0.391899 0.437535
vt 0.390176 0.437525
vt 0.391949 0.459476
vt 0.390210 0.459479
vt 0.391977 0.481452
vt 0.390234 0.481454
vt 0.391992 0.503432
vt 0.390249 0.503432
vt 0.392004 0.525412
vt 0.390260 0.525413
vt 0.392016 0.547400
vt 0.390266 0.547399
vt 0.391988 0.569387
vt 0.390244 0.569385
vt 0.391966 0.591367
vt 0.390223 0.591364
vt 0.391941 0.613347
vt 0.390197 0.613343
vt 0.391898 0.635324
vt 0.390159 0.635318
vt 0.391839 0.657264
vt 0.390117 0.657272
vt 0.547605 0.305527
vt 0.547753 0.283896
vt 0.547694 0.327447
vt 0.547735 0.349429
vt 0.547764 0.371412
vt 0.547789 0.393392
vt 0.547822 0.415383
vt 0.547802 0.437374
vt 0.547790 0.459354
vt 0.547774 0.481335
vt 0.547741 0.503316
vt 0.547666 0.525236
vt 0.547822 0.546865
vt 0.696846 0.301539
vt 0.697001 0.279904
vt 0.696921 0.323459
vt 0.696955 0.345440
vt 0.696970 0.367421
vt 0.696982 0.389401
vt 0.697001 0.411392
vt 0.696968 0.433383
vt 0.696943 0.455363
vt 0.696916 0.477344
vt 0.696871 0.499325
vt 0.696785 0.521244
vt 0.696932 0.542873
vt 0.145487 0.431529
vt 0.145632 0.409895
vt 0.145572 0.453450
vt 0.145618 0.475431
vt 0.145645 0.497412
vt 0.145669 0.519391
vt 0.145702 0.541382
vt 0.145683 0.563374
vt 0.145671 0.585353
vt 0.145656 0.607334
vt 0.145621 0.629315
vt 0.145546 0.651235
vt 0.145702 0.672864
vt 0.395659 0.437549
vt 0.395813 0.415915
vt 0.395733 0.459470
vt 0.395767 0.481451
vt 0.395782 0.503432
vt 0.395795 0.525409
vt 0.395813 0.547398
vt 0.395779 0.569391
vt 0.395756 0.591373
vt 0.395731 0.613353
vt 0.395682 0.635333
vt 0.395599 0.657255
vt 0.395744 0.678884
vt 0.391973 0.679156
vt 0.424725 0.305672
vt 0.424727 0.327615
vt 0.421126 0.327730
vt 0.421131 0.305714
vt 0.424743 0.349567
vt 0.421134 0.349732
vt 0.424761 0.371517
vt 0.421136 0.371717
vt 0.424774 0.393467
vt 0.421127 0.393688
vt 0.424784 0.415418
vt 0.421110 0.415646
vt 0.424792 0.437366
vt 0.421096 0.437587
vt 0.424795 0.459313
vt 0.421076 0.459509
vt 0.424793 0.481259
vt 0.421051 0.481417
vt 0.424789 0.503205
vt 0.421026 0.503318
vt 0.424793 0.525144
vt 0.421019 0.525221
vt 0.424807 0.547043
vt 0.421072 0.547149
vt 0.573987 0.279725
vt 0.573974 0.301623
vt 0.570199 0.301548
vt 0.570253 0.279619
vt 0.573969 0.323564
vt 0.570206 0.323450
vt 0.573973 0.345509
vt 0.570232 0.345352
vt 0.573976 0.367455
vt 0.570257 0.367260
vt 0.573972 0.389402
vt 0.570276 0.389182
vt 0.573963 0.411351
vt 0.570289 0.411123
vt 0.573954 0.433302
vt 0.570306 0.433081
vt 0.573940 0.455251
vt 0.570314 0.455051
vt 0.573923 0.477202
vt 0.570313 0.477036
vt 0.573907 0.499153
vt 0.570305 0.499038
vt 0.573905 0.521097
vt 0.570311 0.521054
vt 0.573917 0.542996
vt 0.570385 0.543072
vt 0.022619 0.409772
vt 0.022606 0.431671
vt 0.019012 0.431714
vt 0.019086 0.409695
vt 0.022608 0.453615
vt 0.019006 0.453730
vt 0.022624 0.475566
vt 0.019014 0.475731
vt 0.022641 0.497517
vt 0.019016 0.497717
vt 0.022655 0.519466
vt 0.019008 0.519687
vt 0.022664 0.541416
vt 0.018991 0.541645
vt 0.022673 0.563366
vt 0.018977 0.563586
vt 0.022677 0.585313
vt 0.018957 0.585509
vt 0.022674 0.607258
vt 0.018932 0.607417
vt 0.022670 0.629204
vt 0.018907 0.629317
vt 0.022674 0.651145
vt 0.018901 0.651220
vt 0.022689 0.673043
vt 0.018953 0.673149
vt 0.272800 0.415736
vt 0.272786 0.437635
vt 0.269012 0.437559
vt 0.269065 0.415630
vt 0.272781 0.459574
vt 0.269019 0.459462
vt 0.272785 0.481520
vt 0.269044 0.481363
vt 0.272788 0.503467
vt 0.269069 0.503270
vt 0.272784 0.525413
vt 0.269089 0.525193
vt 0.272776 0.547362
vt 0.269102 0.547134
vt 0.272766 0.569313
vt 0.269119 0.569092
vt 0.272753 0.591263
vt 0.269127 0.591063
vt 0.272735 0.613213
vt 0.269125 0.613048
vt 0.272719 0.635164
vt 0.269117 0.635050
vt 0.272717 0.657107
vt 0.269123 0.657065
vt 0.272730 0.679007
vt 0.269198 0.679083
vt 0.424738 0.283772
vt 0.539827 0.283503
vt 0.539820 0.305499
vt 0.539847 0.327468
vt 0.539878 0.349442
vt 0.539905 0.371418
vt 0.539927 0.393398
vt 0.539942 0.415382
vt 0.539940 0.437366
vt 0.539931 0.459346
vt 0.539917 0.481323
vt 0.539897 0.503297
vt 0.539880 0.525264
vt 0.539897 0.547261
vt 0.689076 0.279508
vt 0.689060 0.301504
vt 0.689077 0.323472
vt 0.689096 0.345446
vt 0.689111 0.367423
vt 0.689120 0.389403
vt 0.689122 0.411386
vt 0.689107 0.433370
vt 0.689084 0.455351
vt 0.689058 0.477327
vt 0.689026 0.499301
vt 0.688999 0.521270
vt 0.689007 0.543266
vt 0.137708 0.409502
vt 0.137700 0.431498
vt 0.137728 0.453467
vt 0.137759 0.475440
vt 0.137785 0.497417
vt 0.137808 0.519398
vt 0.137823 0.541381
vt 0.137821 0.563365
vt 0.137812 0.585345
vt 0.137797 0.607323
vt 0.137778 0.629296
vt 0.137761 0.651264
vt 0.137778 0.673261
vt 0.387889 0.415519
vt 0.387872 0.437516
vt 0.387889 0.459483
vt 0.387908 0.481457
vt 0.387923 0.503435
vt 0.387932 0.525414
vt 0.387934 0.547398
vt 0.387918 0.569382
vt 0.387897 0.591361
vt 0.387870 0.613339
vt 0.387839 0.635312
vt 0.387812 0.657281
vt 0.390192 0.679235
vt 0.387819 0.679277
vt 0.405625 0.305613
vt 0.405640 0.327620
vt 0.253617 0.657166
vt 0.253707 0.679239
vt 0.253632 0.635159
vt 0.253660 0.613198
vt 0.253675 0.591255
vt 0.253672 0.569315
vt 0.253657 0.547366
vt 0.253657 0.525418
vt 0.253647 0.503479
vt 0.253622 0.481541
vt 0.253587 0.459587
vt 0.253562 0.437591
vt 0.253616 0.415530
vt 0.003450 0.651188
vt 0.003505 0.673249
vt 0.003475 0.629193
vt 0.003511 0.607238
vt 0.003536 0.585300
vt 0.003546 0.563361
vt 0.003546 0.541412
vt 0.003561 0.519464
vt 0.003564 0.497524
vt 0.003549 0.475581
vt 0.003520 0.453620
vt 0.003506 0.431612
vt 0.003596 0.409540
vt 0.554805 0.521155
vt 0.554895 0.543228
vt 0.554819 0.499148
vt 0.554847 0.477186
vt 0.554863 0.455244
vt 0.554860 0.433304
vt 0.554845 0.411355
vt 0.554845 0.389407
vt 0.554835 0.367468
vt 0.554810 0.345529
vt 0.554774 0.323575
vt 0.554749 0.301580
vt 0.554804 0.279519
vt 0.405569 0.525189
vt 0.405624 0.547249
vt 0.405594 0.503194
vt 0.405630 0.481239
vt 0.405655 0.459301
vt 0.405665 0.437361
vt 0.405665 0.415413
vt 0.405680 0.393465
vt 0.405683 0.371525
vt 0.405668 0.349582
vt 0.911957 0.047231
vt 0.911957 0.025365
vt 0.914331 0.025365
vt 0.914331 0.047231
vt 0.362401 0.753129
vt 0.362401 0.731251
vt 0.364740 0.731251
vt 0.364740 0.753129
vt 0.491455 0.950062
vt 0.491455 0.928189
vt 0.493795 0.928189
vt 0.493795 0.950062
vt 0.911957 0.003497
vt 0.914331 0.003497
vt 0.362401 0.709375
vt 0.364740 0.709375
vt 0.491455 0.906314
vt 0.493795 0.906314
vt 0.555467 0.945810
vt 0.555467 0.923944
vt 0.557824 0.923944
vt 0.557824 0.945810
vt 0.362401 0.687499
vt 0.364740 0.687499
vt 0.491455 0.884440
vt 0.493795 0.884440
vt 0.555467 0.902079
vt 0.557824 0.902079
vt 0.911957 0.265829
vt 0.911957 0.243974
vt 0.914331 0.243974
vt 0.914331 0.265829
vt 0.491455 0.862563
vt 0.493795 0.862563
vt 0.555467 0.880215
vt 0.557824 0.880215
vt 0.911957 0.222119
vt 0.914331 0.222119
vt 0.491455 0.840686
vt 0.493795 0.840686
vt 0.362401 0.950090
vt 0.362401 0.928201
vt 0.364740 0.928201
vt 0.364740 0.950090
vt 0.555467 0.858352
vt 0.557824 0.858352
vt 0.911957 0.200263
vt 0.914331 0.200263
vt 0.491455 0.818806
vt 0.493795 0.818806
vt 0.362401 0.906312
vt 0.364740 0.906312
vt 0.555467 0.836490
vt 0.557824 0.836490
vt 0.911957 0.178406
vt 0.914331 0.178406
vt 0.491455 0.796925
vt 0.493795 0.796925
vt 0.362401 0.884425
vt 0.364740 0.884425
vt 0.555467 0.814630
vt 0.557824 0.814630
vt 0.911957 0.156548
vt 0.914331 0.156548
vt 0.491455 0.775043
vt 0.493795 0.775043
vt 0.362401 0.862538
vt 0.364740 0.862538
vt 0.555467 0.792771
vt 0.557824 0.792771
vt 0.911957 0.134688
vt 0.914331 0.134688
vt 0.491455 0.753158
vt 0.493795 0.753158
vt 0.362401 0.840653
vt 0.364740 0.840653
vt 0.555467 0.770914
vt 0.557824 0.770914
vt 0.911957 0.112826
vt 0.914331 0.112826
vt 0.491455 0.731273
vt 0.493795 0.731273
vt 0.362401 0.818769
vt 0.364740 0.818769
vt 0.555467 0.749059
vt 0.557824 0.749059
vt 0.911957 0.090962
vt 0.914331 0.090962
vt 0.491455 0.709387
vt 0.493795 0.709387
vt 0.362401 0.796888
vt 0.364740 0.796888
vt 0.555467 0.727205
vt 0.557824 0.727205
vt 0.911957 0.069098
vt 0.914331 0.069098
vt 0.491455 0.687501
vt 0.493795 0.687501
vt 0.362401 0.775007
vt 0.364740 0.775007
vt 0.555467 0.705352
vt 0.557824 0.705352
vt 0.555467 0.683499
vt 0.557824 0.683499
vt 0.877135 0.047212
vt 0.877135 0.025496
vt 0.904931 0.025496
vt 0.904781 0.047212
vt 0.877135 0.068928
vt 0.904630 0.068928
vt 0.877135 0.090644
vt 0.904480 0.090644
vt 0.877135 0.112358
vt 0.904330 0.112358
vt 0.877135 0.134071
vt 0.904179 0.134071
vt 0.877135 0.155783
vt 0.904029 0.155783
vt 0.877135 0.177492
vt 0.903879 0.177492
vt 0.877135 0.199201
vt 0.903728 0.199201
vt 0.877135 0.220907
vt 0.903578 0.220907
vt 0.877135 0.242613
vt 0.903428 0.242613
vt 0.877135 0.264317
vt 0.903278 0.264317
vt 0.877135 0.286021
vt 0.903127 0.286021
vt 0.904120 0.315202
vt 0.904120 0.293501
vt 0.930999 0.293501
vt 0.930999 0.315202
vt 0.904120 0.336902
vt 0.930999 0.336902
vt 0.904120 0.358604
vt 0.930999 0.358604
vt 0.904120 0.380307
vt 0.930999 0.380307
vt 0.904120 0.402011
vt 0.930999 0.402011
vt 0.904120 0.423717
vt 0.930999 0.423717
vt 0.904120 0.445425
vt 0.930999 0.445425
vt 0.904120 0.467134
vt 0.930999 0.467134
vt 0.904120 0.488844
vt 0.930999 0.488844
vt 0.904120 0.510556
vt 0.930999 0.510556
vt 0.904120 0.532268
vt 0.930999 0.532268
vt 0.904120 0.553981
vt 0.930999 0.553981
vt 0.870154 0.525218
vt 0.870154 0.503502
vt 0.897123 0.503502
vt 0.897123 0.525218
vt 0.870154 0.546935
vt 0.897123 0.546935
vt 0.870154 0.568650
vt 0.897123 0.568650
vt 0.870154 0.590365
vt 0.897123 0.590365
vt 0.870154 0.612078
vt 0.897123 0.612078
vt 0.870154 0.633789
vt 0.897123 0.633789
vt 0.870154 0.655499
vt 0.897123 0.655499
vt 0.870154 0.677207
vt 0.897123 0.677207
vt 0.870154 0.698914
vt 0.897123 0.698914
vt 0.870154 0.720619
vt 0.897123 0.720619
vt 0.870154 0.742324
vt 0.897123 0.742324
vt 0.870154 0.764028
vt 0.897123 0.764028
vt 0.521597 0.689200
vt 0.521597 0.667500
vt 0.548476 0.667500
vt 0.548476 0.689200
vt 0.521597 0.710901
vt 0.548476 0.710901
vt 0.521597 0.732602
vt 0.548476 0.732602
vt 0.521597 0.754305
vt 0.548476 0.754305
vt 0.521597 0.776009
vt 0.548476 0.776009
vt 0.521597 0.797715
vt 0.548476 0.797715
vt 0.521597 0.819423
vt 0.548476 0.819423
vt 0.521597 0.841132
vt 0.548476 0.841132
vt 0.521597 0.862842
vt 0.548476 0.862842
vt 0.521597 0.884554
vt 0.548476 0.884554
vt 0.521597 0.906266
vt 0.548476 0.906266
vt 0.374308 0.950090
vt 0.374308 0.928201
vt 0.376849 0.928201
vt 0.376849 0.950090
vt 0.374308 0.906312
vt 0.376849 0.906312
vt 0.374308 0.884425
vt 0.376849 0.884425
vt 0.374308 0.862538
vt 0.376849 0.862538
vt 0.374308 0.840653
vt 0.376849 0.840653
vt 0.374308 0.818769
vt 0.376849 0.818769
vt 0.374308 0.796888
vt 0.376849 0.796888
vt 0.374308 0.775007
vt 0.376849 0.775007
vt 0.374308 0.753129
vt 0.376849 0.753129
vt 0.374308 0.731251
vt 0.376849 0.731251
vt 0.374308 0.709375
vt 0.376849 0.709375
vt 0.374308 0.687499
vt 0.376849 0.687499
vt 0.924039 0.265829
vt 0.924039 0.243974
vt 0.926616 0.243974
vt 0.926616 0.265829
vt 0.924039 0.222119
vt 0.926616 0.222119
vt 0.924039 0.200263
vt 0.926616 0.200263
vt 0.924039 0.178406
vt 0.926616 0.178406
vt 0.924039 0.156548
vt 0.926616 0.156548
vt 0.924039 0.134688
vt 0.926616 0.134688
vt 0.924039 0.112826
vt 0.926616 0.112826
vt 0.924039 0.090962
vt 0.926616 0.090962
vt 0.924039 0.069098
vt 0.926616 0.069098
vt 0.924039 0.047231
vt 0.926616 0.047231
vt 0.924039 0.025365
vt 0.926616 0.025365
vt 0.924039 0.003497
vt 0.926616 0.003497
vt 0.567465 0.945810
vt 0.567465 0.923944
vt 0.570024 0.923944
vt 0.570024 0.945810
vt 0.567465 0.902079
vt 0.570024 0.902079
vt 0.567465 0.880215
vt 0.570024 0.880215
vt 0.567465 0.858352
vt 0.570024 0.858352
vt 0.567465 0.836490
vt 0.570024 0.836490
vt 0.567465 0.814630
vt 0.570024 0.814630
vt 0.567465 0.792771
vt 0.570024 0.792771
vt 0.567465 0.770914
vt 0.570024 0.770914
vt 0.567465 0.749059
vt 0.570024 0.749059
vt 0.567465 0.727205
vt 0.570024 0.727205
vt 0.567465 0.705352
vt 0.570024 0.705352
vt 0.567465 0.683499
vt 0.570024 0.683499
vt 0.503364 0.950062
vt 0.503364 0.928189
vt 0.505905 0.928189
vt 0.505905 0.950062
vt 0.503364 0.906314
vt 0.505905 0.906314
vt 0.503364 0.884440
vt 0.505905 0.884440
vt 0.503364 0.862563
vt 0.505905 0.862563
vt 0.503364 0.840686
vt 0.505905 0.840686
vt 0.503364 0.818806
vt 0.505905 0.818806
vt 0.503364 0.796925
vt 0.505905 0.796925
vt 0.503364 0.775043
vt 0.505905 0.775043
vt 0.503364 0.753158
vt 0.505905 0.753158
vt 0.503364 0.731273
vt 0.505905 0.731273
vt 0.503364 0.709387
vt 0.505905 0.709387
vt 0.503364 0.687501
vt 0.505905 0.687501
vt 0.919549 0.047231
vt 0.919549 0.025365
vt 0.369884 0.753129
vt 0.369884 0.731251
vt 0.498939 0.950062
vt 0.498939 0.928189
vt 0.919549 0.003497
vt 0.369884 0.709375
vt 0.498939 0.906314
vt 0.563006 0.945810
vt 0.563006 0.923944
vt 0.369884 0.687499
vt 0.498939 0.884440
vt 0.563006 0.902079
vt 0.919549 0.265829
vt 0.919549 0.243974
vt 0.498939 0.862563
vt 0.563006 0.880215
vt 0.919549 0.222119
vt 0.498939 0.840686
vt 0.369884 0.950090
vt 0.369884 0.928201
vt 0.563006 0.858352
vt 0.919549 0.200263
vt 0.498939 0.818806
vt 0.369884 0.906312
vt 0.563006 0.836490
vt 0.919549 0.178406
vt 0.498939 0.796925
vt 0.369884 0.884425
vt 0.563006 0.814630
vt 0.919549 0.156548
vt 0.498939 0.775043
vt 0.369884 0.862538
vt 0.563006 0.792771
vt 0.919549 0.134688
vt 0.498939 0.753158
vt 0.369884 0.840653
vt 0.563006 0.770914
vt 0.919549 0.112826
vt 0.498939 0.731273
vt 0.369884 0.818769
vt 0.563006 0.749059
vt 0.919549 0.090962
vt 0.498939 0.709387
vt 0.369884 0.796888
vt 0.563006 0.727205
vt 0.919549 0.069098
vt 0.498939 0.687501
vt 0.369884 0.775007
vt 0.563006 0.705352
vt 0.563006 0.683499
vt 0.379346 0.928201
vt 0.379346 0.950090
vt 0.379346 0.906312
vt 0.379346 0.884425
vt 0.379346 0.862538
vt 0.379346 0.840653
vt 0.379346 0.818769
vt 0.379346 0.796888
vt 0.379346 0.775007
vt 0.379346 0.753129
vt 0.379346 0.731251
vt 0.379346 0.709375
vt 0.379346 0.687499
vt 0.929150 0.243974
vt 0.929150 0.265829
vt 0.929150 0.222119
vt 0.929150 0.200263
vt 0.929150 0.178406
vt 0.929150 0.156548
vt 0.929150 0.134688
vt 0.929150 0.112826
vt 0.929150 0.090962
vt 0.929150 0.069098
vt 0.929150 0.047231
vt 0.929150 0.025365
vt 0.929150 0.003497
vt 0.572541 0.923944
vt 0.572541 0.945810
vt 0.572541 0.902079
vt 0.572541 0.880215
vt 0.572541 0.858352
vt 0.572541 0.836490
vt 0.572541 0.814630
vt 0.572541 0.792771
vt 0.572541 0.770914
vt 0.572541 0.749059
vt 0.572541 0.727205
vt 0.572541 0.705352
vt 0.572541 0.683499
vt 0.508403 0.928189
vt 0.508403 0.950062
vt 0.508403 0.906314
vt 0.508403 0.884440
vt 0.508403 0.862563
vt 0.508403 0.840686
vt 0.508403 0.818806
vt 0.508403 0.796925
vt 0.508403 0.775043
vt 0.508403 0.753158
vt 0.508403 0.731273
vt 0.508403 0.709387
vt 0.508403 0.687501
vt 0.521597 0.927979
vt 0.548476 0.927979
vt 0.421206 0.283696
vt 0.405715 0.283540
vt 0.399778 0.110751
vt 0.405109 0.110751
vt 0.405109 0.112627
vt 0.399778 0.112627
vt 0.399778 0.116377
vt 0.405109 0.116377
vt 0.405109 0.118252
vt 0.399778 0.118252
vt 0.399778 0.099501
vt 0.405109 0.099501
vt 0.405109 0.101376
vt 0.399778 0.101376
vt 0.405109 0.103251
vt 0.399778 0.103251
vt 0.405109 0.105126
vt 0.399778 0.105126
vt 0.405109 0.107001
vt 0.399778 0.107001
vt 0.405109 0.108876
vt 0.399778 0.108876
vt 0.127901 0.005215
vt 0.129184 0.004777
vt 0.129209 0.006974
vt 0.399778 0.114502
vt 0.405109 0.114502
vt 0.127273 0.009673
vt 0.126073 0.008008
vt 0.127127 0.007677
vt 0.127935 0.008772
vt 0.126073 0.005973
vt 0.127116 0.006320
vt 0.127256 0.004324
vt 0.129184 0.003672
vt 0.131146 0.004274
vt 0.130484 0.005176
vt 0.132345 0.005939
vt 0.131291 0.006271
vt 0.132345 0.007974
vt 0.131302 0.007627
vt 0.131162 0.009624
vt 0.130518 0.008733
vt 0.129234 0.010276
vt 0.129234 0.009171
vt 0.700607 0.558699
vt 0.689435 0.558700
vt 0.689614 0.556915
vt 0.692707 0.552101
vt 0.696331 0.550077
vt 0.700610 0.606812
vt 0.700609 0.588004
vt 0.705342 0.605914
vt 0.689436 0.569359
vt 0.700608 0.569357
vt 0.700608 0.575332
vt 0.689438 0.575291
vt 0.711777 0.583960
vt 0.700609 0.583947
vt 0.700609 0.580040
vt 0.711778 0.580025
vt 0.689440 0.583961
vt 0.689440 0.580027
vt 0.711779 0.588043
vt 0.711779 0.575289
vt 0.711779 0.569357
vt 0.692643 0.603684
vt 0.690968 0.598832
vt 0.695878 0.605915
vt 0.708577 0.603683
vt 0.710252 0.598831
vt 0.689993 0.593839
vt 0.711226 0.593837
vt 0.711779 0.558699
vt 0.704882 0.550077
vt 0.708507 0.552100
vt 0.700606 0.549525
vt 0.690411 0.554574
vt 0.710803 0.554572
vt 0.711600 0.556913
vt 0.689440 0.588045
vt 0.171553 0.460917
vt 0.182545 0.462708
vt 0.171372 0.462703
vt 0.193539 0.460928
vt 0.193717 0.462714
vt 0.190448 0.456113
vt 0.186825 0.454088
vt 0.177813 0.513885
vt 0.182528 0.495449
vt 0.182519 0.514769
vt 0.193714 0.479748
vt 0.182536 0.479789
vt 0.182539 0.473414
vt 0.193711 0.473421
vt 0.171342 0.490274
vt 0.171347 0.485300
vt 0.182534 0.485323
vt 0.182531 0.490264
vt 0.193720 0.485311
vt 0.193720 0.490285
vt 0.171349 0.495471
vt 0.171359 0.479737
vt 0.171367 0.473410
vt 0.192151 0.506849
vt 0.190462 0.511691
vt 0.187226 0.513890
vt 0.172894 0.506839
vt 0.174579 0.511683
vt 0.193139 0.501853
vt 0.171912 0.501842
vt 0.174648 0.456105
vt 0.178273 0.454084
vt 0.182549 0.453534
vt 0.192743 0.458587
vt 0.172351 0.458577
vt 0.193708 0.495482
vt 0.984365 0.617696
vt 0.984365 0.622498
vt 0.981736 0.622498
vt 0.981736 0.617696
vt 0.984365 0.603844
vt 0.984365 0.608974
vt 0.981736 0.608974
vt 0.981736 0.603844
vt 0.984365 0.612894
vt 0.981736 0.612894
vt 0.984365 0.561604
vt 0.984365 0.572285
vt 0.981736 0.572285
vt 0.981736 0.561604
vt 0.984365 0.626418
vt 0.984365 0.631548
vt 0.981736 0.631548
vt 0.981736 0.626418
vt 0.984365 0.663106
vt 0.984365 0.673787
vt 0.981736 0.673787
vt 0.981736 0.663106
vt 0.984365 0.588014
vt 0.984365 0.592648
vt 0.981736 0.592648
vt 0.981736 0.588014
vt 0.984365 0.583570
vt 0.981736 0.583570
vt 0.984365 0.578430
vt 0.981736 0.578430
vt 0.984365 0.642744
vt 0.984365 0.647378
vt 0.981736 0.647378
vt 0.981736 0.642744
vt 0.984365 0.651822
vt 0.981736 0.651822
vt 0.984365 0.656962
vt 0.981736 0.656962
vt 0.984365 0.636637
vt 0.981736 0.636637
vt 0.984365 0.598755
vt 0.981736 0.598755
vt 0.984365 0.675581
vt 0.981736 0.675581
vt 0.984365 0.678053
vt 0.984365 0.681427
vt 0.981736 0.681427
vt 0.981736 0.678053
vt 0.984365 0.685578
vt 0.981736 0.685578
vt 0.984365 0.689888
vt 0.981736 0.689888
vt 0.984365 0.545502
vt 0.984365 0.549813
vt 0.981736 0.549813
vt 0.981736 0.545502
vt 0.984365 0.553963
vt 0.981736 0.553963
vt 0.984365 0.557337
vt 0.981736 0.557337
vt 0.984365 0.559809
vt 0.981736 0.559809
vt 0.768250 0.089122
vt 0.773259 0.089122
vt 0.773259 0.093238
vt 0.768250 0.093238
vt 0.768250 0.035616
vt 0.773259 0.035616
vt 0.773259 0.039732
vt 0.768250 0.039732
vt 0.773259 0.043848
vt 0.768250 0.043848
vt 0.773259 0.047963
vt 0.768250 0.047963
vt 0.773259 0.052079
vt 0.768250 0.052079
vt 0.773259 0.056195
vt 0.768250 0.056195
vt 0.773259 0.060311
vt 0.768250 0.060311
vt 0.773259 0.064427
vt 0.768250 0.064427
vt 0.773259 0.068543
vt 0.768250 0.068543
vt 0.773259 0.072658
vt 0.768250 0.072658
vt 0.773259 0.076774
vt 0.768250 0.076774
vt 0.773259 0.080890
vt 0.768250 0.080890
vt 0.773259 0.085006
vt 0.768250 0.085006
vt 0.773259 0.097353
vt 0.768250 0.097353
vt 0.768250 0.031500
vt 0.773259 0.031500
vt 0.774953 0.093238
vt 0.774953 0.097353
vt 0.654637 0.049012
vt 0.651970 0.046346
vt 0.653346 0.045430
vt 0.655557 0.047640
vt 0.774953 0.031500
vt 0.774953 0.035616
vt 0.658121 0.050455
vt 0.658445 0.048835
vt 0.774953 0.039732
vt 0.661890 0.050455
vt 0.661570 0.048834
vt 0.774953 0.043848
vt 0.665374 0.049012
vt 0.664457 0.047637
vt 0.774953 0.047963
vt 0.668039 0.046344
vt 0.666666 0.045427
vt 0.774953 0.052079
vt 0.669483 0.042861
vt 0.667863 0.042540
vt 0.774953 0.056195
vt 0.669483 0.039090
vt 0.667863 0.039415
vt 0.774953 0.060311
vt 0.668042 0.035607
vt 0.666668 0.036526
vt 0.774953 0.064427
vt 0.665375 0.032943
vt 0.664456 0.034316
vt 0.774953 0.068543
vt 0.661892 0.031501
vt 0.661567 0.033121
vt 0.774953 0.072658
vt 0.658122 0.031501
vt 0.658442 0.033122
vt 0.774953 0.076774
vt 0.654639 0.032944
vt 0.655555 0.034319
vt 0.774953 0.080890
vt 0.651973 0.035609
vt 0.653345 0.036529
vt 0.774953 0.085006
vt 0.650530 0.039091
vt 0.652149 0.039416
vt 0.774953 0.089122
vt 0.650528 0.042862
vt 0.652149 0.042542
vt 0.660006 0.040978
vt 0.178797 0.577350
vt 0.176211 0.577350
vt 0.176211 0.567503
vt 0.178797 0.567503
vt 0.178797 0.646280
vt 0.176211 0.646280
vt 0.176211 0.636433
vt 0.178797 0.636433
vt 0.176211 0.626586
vt 0.178797 0.626586
vt 0.176211 0.616739
vt 0.178797 0.616739
vt 0.176211 0.606892
vt 0.178797 0.606892
vt 0.176211 0.597045
vt 0.178797 0.597045
vt 0.317133 0.003499
vt 0.326980 0.003499
vt 0.322056 0.015385
vt 0.176211 0.587198
vt 0.178797 0.587198
vt 0.333943 0.010462
vt 0.333943 0.020309
vt 0.310170 0.010462
vt 0.326980 0.027272
vt 0.317133 0.027272
vt 0.310170 0.020309
vt 0.003504 0.194772
vt 0.006989 0.168197
vt 0.190473 0.204709
vt 0.190179 0.206958
vt 0.247312 0.006988
vt 0.273146 0.013921
vt 0.213000 0.191654
vt 0.210813 0.191068
vt 0.247348 0.409144
vt 0.220832 0.412660
vt 0.208573 0.225395
vt 0.210816 0.225098
vt 0.003503 0.221576
vt 0.190179 0.209226
vt 0.220793 0.003497
vt 0.208569 0.190772
vt 0.273181 0.402186
vt 0.213003 0.224509
vt 0.006989 0.248150
vt 0.190474 0.211475
vt 0.194047 0.003510
vt 0.206304 0.190774
vt 0.297886 0.391905
vt 0.215094 0.223640
vt 0.013900 0.274043
vt 0.191059 0.213666
vt 0.167530 0.007025
vt 0.204060 0.191071
vt 0.321041 0.378478
vt 0.217052 0.222504
vt 0.411374 0.194593
vt 0.411374 0.221396
vt 0.224699 0.209212
vt 0.224699 0.206944
vt 0.024121 0.298810
vt 0.191924 0.215763
vt 0.141697 0.013983
vt 0.201875 0.191659
vt 0.342248 0.362135
vt 0.218848 0.221120
vt 0.407889 0.168019
vt 0.224404 0.204695
vt 0.037478 0.322031
vt 0.193055 0.217727
vt 0.116992 0.024264
vt 0.199784 0.192529
vt 0.361144 0.343157
vt 0.220447 0.219515
vt 0.400978 0.142127
vt 0.223819 0.202504
vt 0.053748 0.343304
vt 0.194432 0.219528
vt 0.093837 0.037692
vt 0.197824 0.193665
vt 0.377408 0.321871
vt 0.221823 0.217713
vt 0.390757 0.117359
vt 0.222953 0.200407
vt 0.072650 0.362264
vt 0.196032 0.221132
vt 0.072630 0.054035
vt 0.196029 0.195048
vt 0.390761 0.298642
vt 0.222953 0.215749
vt 0.377398 0.094139
vt 0.221822 0.198442
vt 0.093862 0.378588
vt 0.197827 0.222513
vt 0.053734 0.073012
vt 0.194430 0.196654
vt 0.400979 0.273868
vt 0.223819 0.213652
vt 0.361129 0.072866
vt 0.220446 0.196642
vt 0.117023 0.391993
vt 0.199786 0.223647
vt 0.037470 0.094297
vt 0.193053 0.198456
vt 0.407889 0.247972
vt 0.224404 0.211460
vt 0.342226 0.053906
vt 0.218847 0.195038
vt 0.141731 0.402250
vt 0.201878 0.224514
vt 0.024115 0.117526
vt 0.191924 0.200421
vt 0.321014 0.037582
vt 0.217052 0.193656
vt 0.167566 0.409183
vt 0.204064 0.225100
vt 0.013898 0.142301
vt 0.191058 0.202518
vt 0.297855 0.024177
vt 0.215091 0.192521
vt 0.194084 0.412672
vt 0.206308 0.225396
vt 0.213418 0.199107
vt 0.212199 0.198401
vt 0.205340 0.218673
vt 0.206735 0.218856
vt 0.197247 0.204620
vt 0.196883 0.205984
vt 0.217630 0.211549
vt 0.217994 0.210185
vt 0.210898 0.197861
vt 0.208143 0.218856
vt 0.196699 0.207383
vt 0.209538 0.197496
vt 0.209539 0.218671
vt 0.196700 0.208795
vt 0.218178 0.208786
vt 0.208141 0.197313
vt 0.210899 0.218305
vt 0.217994 0.205975
vt 0.217630 0.204611
vt 0.196884 0.210195
vt 0.206734 0.197313
vt 0.212200 0.217764
vt 0.197247 0.211559
vt 0.205338 0.197498
vt 0.213419 0.217057
vt 0.217091 0.203307
vt 0.197787 0.212863
vt 0.203977 0.197864
vt 0.214537 0.216197
vt 0.198490 0.214085
vt 0.202676 0.198405
vt 0.215532 0.215197
vt 0.216387 0.202084
vt 0.199347 0.215205
vt 0.201458 0.199112
vt 0.218178 0.207374
vt 0.200342 0.216203
vt 0.200341 0.199973
vt 0.216388 0.214077
vt 0.215531 0.200964
vt 0.201459 0.217063
vt 0.199346 0.200971
vt 0.217092 0.212853
vt 0.202679 0.217768
vt 0.198489 0.202093
vt 0.214536 0.199966
vt 0.203980 0.218308
vt 0.197786 0.203315
vt 0.472835 0.905058
vt 0.472921 0.924427
vt 0.458215 0.924492
vt 0.458125 0.905117
vt 0.596182 0.860310
vt 0.596237 0.879685
vt 0.581527 0.879733
vt 0.581471 0.860346
vt 0.950674 0.003497
vt 0.953055 0.003497
vt 0.953055 0.023190
vt 0.950674 0.023190
vt 0.479930 0.888706
vt 0.482312 0.888706
vt 0.482312 0.908402
vt 0.479930 0.908402
vt 0.950674 0.042885
vt 0.953055 0.042885
vt 0.953055 0.062583
vt 0.950674 0.062583
vt 0.952508 0.491496
vt 0.954890 0.491496
vt 0.954890 0.511190
vt 0.952508 0.511190
vt 0.953055 0.082286
vt 0.950674 0.082286
vt 0.954890 0.530884
vt 0.952508 0.530884
vt 0.953055 0.101993
vt 0.950674 0.101993
vt 0.954890 0.550583
vt 0.952508 0.550583
vt 0.953055 0.121707
vt 0.950674 0.121707
vt 0.954890 0.570285
vt 0.952508 0.570285
vt 0.953055 0.141425
vt 0.950674 0.141425
vt 0.954890 0.589993
vt 0.952508 0.589993
vt 0.953055 0.161149
vt 0.950674 0.161149
vt 0.954890 0.609706
vt 0.952508 0.609706
vt 0.953055 0.180878
vt 0.950674 0.180878
vt 0.954890 0.629425
vt 0.952508 0.629425
vt 0.953055 0.200610
vt 0.950674 0.200610
vt 0.954890 0.649149
vt 0.952508 0.649149
vt 0.953055 0.220344
vt 0.950674 0.220344
vt 0.954890 0.668878
vt 0.952508 0.668878
vt 0.479930 0.691504
vt 0.482312 0.691504
vt 0.482312 0.711239
vt 0.479930 0.711239
vt 0.954890 0.688610
vt 0.952508 0.688610
vt 0.954890 0.708344
vt 0.952508 0.708344
vt 0.953055 0.240080
vt 0.950674 0.240080
vt 0.596307 0.705144
vt 0.596237 0.724555
vt 0.581527 0.724507
vt 0.581598 0.705085
vt 0.596182 0.743962
vt 0.581472 0.743926
vt 0.596143 0.763366
vt 0.581433 0.763342
vt 0.596119 0.782765
vt 0.581409 0.782754
vt 0.596112 0.802160
vt 0.581402 0.802160
vt 0.596119 0.821549
vt 0.581409 0.821561
vt 0.596143 0.840932
vt 0.581433 0.840955
vt 0.596307 0.899056
vt 0.581597 0.899116
vt 0.596394 0.918426
vt 0.581688 0.918491
vt 0.482312 0.928096
vt 0.479930 0.928096
vt 0.449282 0.687736
vt 0.449195 0.707105
vt 0.434485 0.707046
vt 0.434576 0.687670
vt 0.449125 0.726477
vt 0.434415 0.726429
vt 0.449070 0.745850
vt 0.434360 0.745816
vt 0.449031 0.765229
vt 0.434320 0.765205
vt 0.449008 0.784612
vt 0.434297 0.784601
vt 0.449000 0.804002
vt 0.434289 0.804002
vt 0.449008 0.823395
vt 0.434297 0.823407
vt 0.449031 0.842795
vt 0.434320 0.842819
vt 0.449070 0.862199
vt 0.434360 0.862235
vt 0.449125 0.881606
vt 0.434415 0.881654
vt 0.449196 0.901016
vt 0.434485 0.901076
vt 0.449282 0.920427
vt 0.434576 0.920493
vt 0.472921 0.691736
vt 0.472837 0.711147
vt 0.458126 0.711089
vt 0.458215 0.691673
vt 0.472768 0.730558
vt 0.458057 0.730511
vt 0.472714 0.749965
vt 0.458003 0.749930
vt 0.472675 0.769368
vt 0.457965 0.769345
vt 0.472651 0.788768
vt 0.457941 0.788756
vt 0.472644 0.808163
vt 0.457933 0.808163
vt 0.472651 0.827551
vt 0.457941 0.827562
vt 0.472674 0.846935
vt 0.457963 0.846958
vt 0.472712 0.866313
vt 0.458001 0.866348
vt 0.472766 0.885687
vt 0.458056 0.885734
vt 0.620035 0.687739
vt 0.619949 0.707107
vt 0.605239 0.707049
vt 0.605329 0.687674
vt 0.619879 0.726479
vt 0.605169 0.726432
vt 0.619825 0.745853
vt 0.605115 0.745817
vt 0.619787 0.765231
vt 0.605077 0.765208
vt 0.619764 0.784614
vt 0.605054 0.784603
vt 0.619757 0.804003
vt 0.605047 0.804003
vt 0.619765 0.823397
vt 0.605055 0.823409
vt 0.619788 0.842797
vt 0.605078 0.842820
vt 0.619827 0.862201
vt 0.605117 0.862236
vt 0.619881 0.881608
vt 0.605171 0.881655
vt 0.619951 0.901018
vt 0.605240 0.901076
vt 0.479930 0.869007
vt 0.482312 0.869007
vt 0.952504 0.464393
vt 0.954885 0.464393
vt 0.954885 0.484087
vt 0.952504 0.484087
vt 0.479930 0.849304
vt 0.482312 0.849304
vt 0.952504 0.444698
vt 0.954885 0.444698
vt 0.479930 0.829595
vt 0.482312 0.829595
vt 0.952504 0.424999
vt 0.954885 0.424999
vt 0.479930 0.809881
vt 0.482312 0.809881
vt 0.952504 0.405296
vt 0.954885 0.405296
vt 0.479930 0.790161
vt 0.482312 0.790161
vt 0.952504 0.385587
vt 0.954885 0.385587
vt 0.479930 0.770436
vt 0.482312 0.770436
vt 0.952504 0.365873
vt 0.954885 0.365873
vt 0.479930 0.750707
vt 0.482312 0.750707
vt 0.952504 0.346154
vt 0.954885 0.346154
vt 0.479930 0.730975
vt 0.482312 0.730975
vt 0.952504 0.326429
vt 0.954885 0.326429
vt 0.952504 0.306700
vt 0.954885 0.306700
vt 0.620035 0.920429
vt 0.605329 0.920492
vt 0.952504 0.286967
vt 0.954885 0.286967
vt 0.952504 0.267232
vt 0.954885 0.267232
vt 0.952504 0.247496
vt 0.954885 0.247496
vt 0.954890 0.728080
vt 0.952508 0.728080
vt 0.954942 0.220344
vt 0.954942 0.240080
vt 0.603442 0.920548
vt 0.603351 0.901083
vt 0.954942 0.200610
vt 0.603283 0.881659
vt 0.954942 0.180878
vt 0.603230 0.862238
vt 0.954942 0.161149
vt 0.603190 0.842821
vt 0.954942 0.141425
vt 0.603167 0.823409
vt 0.954942 0.121707
vt 0.603159 0.804001
vt 0.954942 0.101993
vt 0.603167 0.784599
vt 0.954942 0.082286
vt 0.603189 0.765203
vt 0.954942 0.062583
vt 0.603228 0.745812
vt 0.954942 0.042885
vt 0.603281 0.726425
vt 0.954942 0.023190
vt 0.603349 0.707040
vt 0.954942 0.003497
vt 0.603442 0.687617
vt 0.956772 0.464393
vt 0.956772 0.484087
vt 0.456328 0.924549
vt 0.456236 0.905126
vt 0.956772 0.444698
vt 0.456168 0.885741
vt 0.956772 0.424999
vt 0.456114 0.866354
vt 0.956772 0.405296
vt 0.456076 0.846963
vt 0.956772 0.385587
vt 0.456053 0.827566
vt 0.956772 0.365873
vt 0.456046 0.808165
vt 0.956772 0.346154
vt 0.456054 0.788757
vt 0.956772 0.326429
vt 0.456078 0.769344
vt 0.956772 0.306700
vt 0.456116 0.749927
vt 0.956772 0.286967
vt 0.456170 0.730506
vt 0.956772 0.267232
vt 0.456237 0.711082
vt 0.956772 0.247496
vt 0.456329 0.691617
vt 0.956777 0.708344
vt 0.956777 0.728080
vt 0.432690 0.920548
vt 0.432596 0.901083
vt 0.956777 0.688610
vt 0.432527 0.881659
vt 0.956777 0.668878
vt 0.432473 0.862237
vt 0.956777 0.649149
vt 0.432434 0.842819
vt 0.956777 0.629425
vt 0.432410 0.823407
vt 0.956777 0.609706
vt 0.432402 0.803999
vt 0.956777 0.589993
vt 0.432410 0.784597
vt 0.956777 0.570285
vt 0.432433 0.765201
vt 0.956777 0.550583
vt 0.432472 0.745809
vt 0.956777 0.530884
vt 0.432527 0.726422
vt 0.956777 0.511190
vt 0.432596 0.707037
vt 0.956777 0.491496
vt 0.432690 0.687614
vt 0.484199 0.908402
vt 0.484199 0.928096
vt 0.579802 0.918548
vt 0.579708 0.899124
vt 0.484199 0.888706
vt 0.579639 0.879740
vt 0.484199 0.869007
vt 0.579584 0.860353
vt 0.484199 0.849304
vt 0.579545 0.840961
vt 0.484199 0.829595
vt 0.579522 0.821564
vt 0.484199 0.809881
vt 0.579514 0.802162
vt 0.484199 0.790161
vt 0.579522 0.782754
vt 0.484199 0.770436
vt 0.579546 0.763341
vt 0.484199 0.750707
vt 0.579585 0.743924
vt 0.484199 0.730975
vt 0.579640 0.724502
vt 0.484199 0.711239
vt 0.579708 0.705078
vt 0.484199 0.691504
vt 0.579802 0.685613
vt 0.581688 0.685669
vt 0.596394 0.685734
vt 0.786933 0.076532
vt 0.781957 0.076532
vt 0.781957 0.073153
vt 0.786933 0.073153
vt 0.786933 0.066394
vt 0.781957 0.066394
vt 0.781957 0.063015
vt 0.786933 0.063015
vt 0.781957 0.059636
vt 0.786933 0.059636
vt 0.781957 0.056256
vt 0.786933 0.056256
vt 0.781957 0.052877
vt 0.786933 0.052877
vt 0.781957 0.049498
vt 0.786933 0.049498
vt 0.786933 0.083291
vt 0.781957 0.083291
vt 0.781957 0.079911
vt 0.786933 0.079911
vt 0.896956 0.006280
vt 0.899297 0.005496
vt 0.899326 0.009493
vt 0.786933 0.069773
vt 0.781957 0.069773
vt 0.895912 0.014226
vt 0.893799 0.011304
vt 0.895533 0.010756
vt 0.896996 0.012750
vt 0.893799 0.007716
vt 0.895520 0.008287
vt 0.895895 0.004809
vt 0.899301 0.003677
vt 0.902740 0.004761
vt 0.901655 0.006237
vt 0.904853 0.007683
vt 0.903119 0.008231
vt 0.904853 0.011271
vt 0.903132 0.010700
vt 0.902756 0.014178
vt 0.901695 0.012707
vt 0.899351 0.015310
vt 0.899355 0.013491
vt 0.061348 0.382838
vt 0.057197 0.382838
vt 0.057197 0.378004
vt 0.061348 0.378004
vt 0.057197 0.373169
vt 0.061348 0.373169
vt 0.057197 0.368335
vt 0.061348 0.368335
vt 0.057197 0.363501
vt 0.061348 0.363501
vt 0.061348 0.402175
vt 0.057197 0.402175
vt 0.057197 0.397341
vt 0.061348 0.397341
vt 0.057197 0.392507
vt 0.061348 0.392507
vt 0.057197 0.387672
vt 0.061348 0.387672
vt 0.393716 0.368446
vt 0.377554 0.368446
vt 0.377554 0.364328
vt 0.393716 0.364328
vt 0.377554 0.360210
vt 0.393716 0.360210
vt 0.377554 0.356093
vt 0.393716 0.356093
vt 0.377554 0.351975
vt 0.393716 0.351975
vt 0.377554 0.347857
vt 0.393716 0.347857
vt 0.377554 0.343740
vt 0.393716 0.343740
vt 0.377554 0.339622
vt 0.393716 0.339622
vt 0.377554 0.335504
vt 0.393716 0.335504
vt 0.393716 0.401387
vt 0.377554 0.401387
vt 0.377554 0.397269
vt 0.393716 0.397269
vt 0.377554 0.393152
vt 0.393716 0.393152
vt 0.377554 0.389034
vt 0.393716 0.389034
vt 0.377554 0.384916
vt 0.393716 0.384916
vt 0.377554 0.380799
vt 0.393716 0.380799
vt 0.377554 0.376681
vt 0.393716 0.376681
vt 0.377554 0.372563
vt 0.393716 0.372563
vt 0.397938 0.393152
vt 0.397938 0.397269
vt 0.397938 0.356093
vt 0.397938 0.360210
vt 0.397938 0.372563
vt 0.397938 0.376681
vt 0.397938 0.335504
vt 0.397938 0.339622
vt 0.397938 0.380799
vt 0.397938 0.384916
vt 0.397938 0.364328
vt 0.397938 0.343740
vt 0.397938 0.347857
vt 0.397938 0.389034
vt 0.397938 0.368446
vt 0.397938 0.351975
vt 0.397938 0.401387
vt 0.457144 0.017126
vt 0.455404 0.021315
vt 0.452750 0.019597
vt 0.454039 0.016552
vt 0.450392 0.018007
vt 0.451256 0.016009
vt 0.448114 0.016464
vt 0.448552 0.015448
vt 0.452203 0.024520
vt 0.450410 0.021922
vt 0.448848 0.019561
vt 0.447320 0.017238
vt 0.448013 0.026251
vt 0.447359 0.023154
vt 0.446802 0.020369
vt 0.446288 0.017646
vt 0.443462 0.026244
vt 0.444058 0.023119
vt 0.444610 0.020334
vt 0.445180 0.017628
vt 0.439230 0.024464
vt 0.441045 0.021800
vt 0.442602 0.019461
vt 0.444165 0.017187
vt 0.436112 0.021168
vt 0.438704 0.019485
vt 0.441077 0.017892
vt 0.443397 0.016391
vt 0.434450 0.017043
vt 0.437499 0.016418
vt 0.440271 0.015861
vt 0.442986 0.015364
vt 0.434461 0.012568
vt 0.437534 0.013142
vt 0.440301 0.013681
vt 0.443000 0.014257
vt 0.436181 0.008419
vt 0.438810 0.010124
vt 0.441164 0.011681
vt 0.443441 0.013240
vt 0.439362 0.005236
vt 0.441144 0.007819
vt 0.442726 0.010159
vt 0.444236 0.012470
vt 0.443523 0.003507
vt 0.444183 0.006579
vt 0.444752 0.009349
vt 0.445265 0.012062
vt 0.448035 0.003502
vt 0.447469 0.006596
vt 0.446935 0.009374
vt 0.446372 0.012078
vt 0.452209 0.005225
vt 0.450501 0.007869
vt 0.448944 0.010233
vt 0.447389 0.012517
vt 0.455409 0.008417
vt 0.452816 0.010208
vt 0.450471 0.011796
vt 0.448160 0.013311
vt 0.457144 0.012596
vt 0.454060 0.013257
vt 0.451284 0.013825
vt 0.448569 0.014341
vt 0.445777 0.014853
vt 0.610965 0.003496
vt 0.612883 0.003496
vt 0.612449 0.005680
vt 0.611400 0.005680
vt 0.607837 0.011047
vt 0.607104 0.009276
vt 0.609288 0.008841
vt 0.609689 0.009810
vt 0.614655 0.004230
vt 0.616011 0.005586
vt 0.614159 0.006823
vt 0.613418 0.006082
vt 0.616011 0.011047
vt 0.614655 0.012403
vt 0.613418 0.010552
vt 0.614159 0.009810
vt 0.607104 0.007358
vt 0.607837 0.005586
vt 0.609689 0.006823
vt 0.609288 0.007792
vt 0.612883 0.013137
vt 0.610965 0.013137
vt 0.611400 0.010953
vt 0.612449 0.010953
vt 0.616745 0.007358
vt 0.614561 0.007792
vt 0.609194 0.004230
vt 0.610431 0.006082
vt 0.609194 0.012403
vt 0.610431 0.010552
vt 0.616745 0.009276
vt 0.614561 0.008841
vt 0.356945 0.382840
vt 0.356945 0.378005
vt 0.352794 0.378005
vt 0.352794 0.382840
vt 0.356945 0.373171
vt 0.352794 0.373171
vt 0.356945 0.368337
vt 0.352795 0.368337
vt 0.356945 0.363502
vt 0.352794 0.363502
vt 0.356945 0.402177
vt 0.356945 0.397343
vt 0.352795 0.397343
vt 0.352794 0.402177
vt 0.356945 0.392508
vt 0.352795 0.392508
vt 0.356945 0.387674
vt 0.352794 0.387674
vt 0.719027 0.204728
vt 0.719027 0.208864
vt 0.702828 0.208864
vt 0.702828 0.204728
vt 0.719027 0.213000
vt 0.702828 0.213000
vt 0.719027 0.217136
vt 0.702828 0.217136
vt 0.719027 0.221272
vt 0.702828 0.221272
vt 0.719027 0.225408
vt 0.702828 0.225408
vt 0.719027 0.229544
vt 0.702828 0.229544
vt 0.719027 0.233680
vt 0.702828 0.233680
vt 0.719027 0.167505
vt 0.719027 0.171640
vt 0.702828 0.171640
vt 0.702828 0.167505
vt 0.719027 0.175776
vt 0.702828 0.175776
vt 0.719027 0.179912
vt 0.702828 0.179912
vt 0.719027 0.184048
vt 0.702828 0.184048
vt 0.719027 0.188184
vt 0.702828 0.188184
vt 0.719027 0.192320
vt 0.702828 0.192320
vt 0.719027 0.196456
vt 0.702828 0.196456
vt 0.719027 0.200592
vt 0.702828 0.200592
vt 0.723259 0.179912
vt 0.723259 0.175776
vt 0.723259 0.217136
vt 0.723259 0.213000
vt 0.723259 0.200592
vt 0.723259 0.196456
vt 0.723259 0.171640
vt 0.723259 0.167505
vt 0.723259 0.192320
vt 0.723259 0.188184
vt 0.723259 0.208864
vt 0.723259 0.229544
vt 0.723259 0.225408
vt 0.723259 0.184048
vt 0.723259 0.204728
vt 0.723259 0.221272
vt 0.723259 0.233680
vt 0.548279 0.091121
vt 0.545173 0.090548
vt 0.543885 0.093592
vt 0.546538 0.095310
vt 0.542391 0.090004
vt 0.541526 0.092002
vt 0.539687 0.089443
vt 0.539249 0.090459
vt 0.541545 0.095917
vt 0.543338 0.098515
vt 0.539983 0.093556
vt 0.538454 0.091233
vt 0.538493 0.097149
vt 0.539148 0.100246
vt 0.537937 0.094364
vt 0.537423 0.091641
vt 0.535192 0.097114
vt 0.534597 0.100239
vt 0.535745 0.094329
vt 0.536315 0.091623
vt 0.532180 0.095795
vt 0.530365 0.098459
vt 0.533737 0.093456
vt 0.535300 0.091182
vt 0.529838 0.093480
vt 0.527247 0.095164
vt 0.532211 0.091887
vt 0.534532 0.090386
vt 0.528634 0.090413
vt 0.525585 0.091038
vt 0.531405 0.089855
vt 0.534121 0.089360
vt 0.528668 0.087137
vt 0.525596 0.086563
vt 0.531436 0.087676
vt 0.534135 0.088252
vt 0.529945 0.084119
vt 0.527316 0.082415
vt 0.532298 0.085676
vt 0.534576 0.087235
vt 0.532278 0.081814
vt 0.530496 0.079231
vt 0.533860 0.084154
vt 0.535371 0.086465
vt 0.535318 0.080574
vt 0.534658 0.077502
vt 0.535886 0.083344
vt 0.536400 0.086057
vt 0.538604 0.080591
vt 0.539169 0.077497
vt 0.538070 0.083369
vt 0.537507 0.086073
vt 0.541636 0.081864
vt 0.543344 0.079220
vt 0.540078 0.084228
vt 0.538524 0.086512
vt 0.543951 0.084203
vt 0.546544 0.082412
vt 0.541606 0.085791
vt 0.539295 0.087306
vt 0.545194 0.087252
vt 0.548279 0.086591
vt 0.542418 0.087820
vt 0.539703 0.088336
vt 0.536912 0.088848
vt 0.856889 0.003496
vt 0.857323 0.005679
vt 0.858372 0.005679
vt 0.858806 0.003496
vt 0.853761 0.011047
vt 0.855612 0.009810
vt 0.855211 0.008841
vt 0.853027 0.009275
vt 0.860578 0.004229
vt 0.859341 0.006081
vt 0.860083 0.006823
vt 0.861934 0.005586
vt 0.861934 0.011047
vt 0.860083 0.009810
vt 0.859341 0.010551
vt 0.860578 0.012403
vt 0.853027 0.007357
vt 0.855211 0.007792
vt 0.855612 0.006823
vt 0.853761 0.005586
vt 0.858806 0.013137
vt 0.858372 0.010953
vt 0.857323 0.010953
vt 0.856889 0.013137
vt 0.860484 0.007792
vt 0.862668 0.007357
vt 0.855117 0.004229
vt 0.856354 0.006081
vt 0.855117 0.012403
vt 0.856354 0.010551
vt 0.862668 0.009275
vt 0.860484 0.008841
vt 0.459879 0.250806
vt 0.462294 0.253220
vt 0.459213 0.255279
vt 0.457821 0.253887
vt 0.446433 0.259791
vt 0.446432 0.256376
vt 0.450067 0.257099
vt 0.450067 0.259068
vt 0.459879 0.265361
vt 0.456724 0.266668
vt 0.456001 0.263033
vt 0.457821 0.262280
vt 0.447739 0.253220
vt 0.450820 0.255279
vt 0.453309 0.266668
vt 0.454032 0.263033
vt 0.463601 0.256376
vt 0.459967 0.257099
vt 0.450154 0.250806
vt 0.452213 0.253887
vt 0.450154 0.265361
vt 0.452213 0.262280
vt 0.453309 0.249499
vt 0.454032 0.253133
vt 0.447739 0.262946
vt 0.450820 0.260887
vt 0.462294 0.262946
vt 0.459213 0.260887
vt 0.459967 0.259068
vt 0.463601 0.259791
vt 0.456724 0.249499
vt 0.456001 0.253133
vt 0.894819 0.490723
vt 0.894819 0.494138
vt 0.894148 0.494138
vt 0.894148 0.490723
vt 0.894819 0.463402
vt 0.894819 0.466817
vt 0.894148 0.466817
vt 0.894148 0.463402
vt 0.894819 0.487308
vt 0.894148 0.487308
vt 0.894819 0.459987
vt 0.894148 0.459987
vt 0.894819 0.483893
vt 0.894148 0.483893
vt 0.894819 0.456572
vt 0.894148 0.456572
vt 0.894819 0.480477
vt 0.894148 0.480477
vt 0.894819 0.449742
vt 0.894819 0.453157
vt 0.894148 0.453157
vt 0.894148 0.449742
vt 0.894819 0.477062
vt 0.894148 0.477062
vt 0.894819 0.446327
vt 0.894148 0.446327
vt 0.894819 0.473647
vt 0.894148 0.473647
vt 0.894819 0.442911
vt 0.894148 0.442911
vt 0.894819 0.470232
vt 0.894148 0.470232
vt 0.894819 0.439496
vt 0.894148 0.439496
vt 0.098158 0.023084
vt 0.063815 0.023084
vt 0.063815 0.020286
vt 0.098158 0.020286
vt 0.098158 0.014690
vt 0.063815 0.014690
vt 0.063815 0.011892
vt 0.098158 0.011892
vt 0.063815 0.009094
vt 0.098158 0.009094
vt 0.063815 0.006296
vt 0.098158 0.006296
vt 0.063815 0.003499
vt 0.098158 0.003498
vt 0.098158 0.025882
vt 0.063815 0.025882
vt 0.063815 0.017488
vt 0.098158 0.017488
vt 0.438039 0.037091
vt 0.435292 0.038206
vt 0.435308 0.035937
vt 0.439527 0.033498
vt 0.441632 0.035603
vt 0.440786 0.035975
vt 0.439193 0.034359
vt 0.436551 0.033498
vt 0.436924 0.034344
vt 0.434446 0.035603
vt 0.434446 0.038579
vt 0.436551 0.040684
vt 0.436886 0.039822
vt 0.439527 0.040684
vt 0.439155 0.039838
vt 0.441632 0.038579
vt 0.440771 0.038244
vt 0.525775 0.070249
vt 0.525775 0.035505
vt 0.529677 0.035497
vt 0.529677 0.070242
vt 0.537480 0.070305
vt 0.537480 0.035560
vt 0.541381 0.035614
vt 0.541381 0.070359
vt 0.545281 0.035665
vt 0.545281 0.070410
vt 0.549183 0.035699
vt 0.549183 0.070444
vt 0.553085 0.035707
vt 0.553085 0.070452
vt 0.506269 0.070452
vt 0.506269 0.035707
vt 0.510170 0.035687
vt 0.510170 0.070431
vt 0.514072 0.035644
vt 0.514072 0.070388
vt 0.517972 0.035590
vt 0.517972 0.070334
vt 0.521873 0.035539
vt 0.521873 0.070283
vt 0.533579 0.070262
vt 0.533579 0.035517
vt 0.796420 0.007200
vt 0.797908 0.009798
vt 0.792318 0.011265
vt 0.800092 0.013408
vt 0.797859 0.012794
vt 0.800092 0.009164
vt 0.514303 0.103782
vt 0.515958 0.105301
vt 0.514503 0.107889
vt 0.512326 0.107382
vt 0.797970 0.005555
vt 0.517832 0.101629
vt 0.518513 0.103775
vt 0.793834 0.005707
vt 0.794350 0.003512
vt 0.521987 0.101528
vt 0.521498 0.103731
vt 0.790857 0.005707
vt 0.790216 0.003550
vt 0.525659 0.103539
vt 0.524108 0.105198
vt 0.788280 0.007184
vt 0.786673 0.005629
vt 0.527835 0.107181
vt 0.525603 0.107795
vt 0.786763 0.009734
vt 0.784638 0.009145
vt 0.527835 0.111425
vt 0.525652 0.110792
vt 0.786759 0.012700
vt 0.784582 0.013208
vt 0.525714 0.115034
vt 0.524164 0.113390
vt 0.788214 0.015289
vt 0.786559 0.016808
vt 0.522094 0.117078
vt 0.521578 0.114883
vt 0.790770 0.016815
vt 0.790088 0.018960
vt 0.517959 0.117039
vt 0.518600 0.114883
vt 0.793755 0.016858
vt 0.794244 0.019061
vt 0.514416 0.114961
vt 0.516024 0.113406
vt 0.796364 0.015392
vt 0.797915 0.017051
vt 0.512381 0.111444
vt 0.514507 0.110856
vt 0.520061 0.109324
vt 0.872423 0.403961
vt 0.872423 0.377441
vt 0.895030 0.377441
vt 0.895030 0.403961
vt 0.246482 0.628076
vt 0.246482 0.656188
vt 0.223874 0.656188
vt 0.223874 0.628076
vt 0.235178 0.578831
vt 0.223874 0.608061
vt 0.223874 0.578831
vt 0.872423 0.371954
vt 0.895030 0.371954
vt 0.872423 0.362147
vt 0.895030 0.362147
vt 0.895031 0.430800
vt 0.872423 0.430800
vt 0.872423 0.425684
vt 0.895030 0.425684
vt 0.872423 0.420194
vt 0.895030 0.420194
vt 0.872423 0.414567
vt 0.895030 0.414567
vt 0.872423 0.409077
vt 0.895030 0.409077
vt 0.246482 0.608061
vt 0.246482 0.611765
vt 0.223874 0.611765
vt 0.246482 0.615915
vt 0.223874 0.615915
vt 0.246482 0.620223
vt 0.223874 0.620223
vt 0.246482 0.624372
vt 0.223874 0.624372
vt 0.773018 0.608074
vt 0.773018 0.622479
vt 0.770093 0.621911
vt 0.820391 0.896800
vt 0.801460 0.896800
vt 0.801460 0.874784
vt 0.820391 0.874784
vt 0.782483 0.565015
vt 0.763552 0.565015
vt 0.763552 0.541504
vt 0.782483 0.541504
vt 0.782483 0.608074
vt 0.782483 0.583523
vt 0.801460 0.870278
vt 0.820391 0.870278
vt 0.801460 0.862207
vt 0.820391 0.862207
vt 0.801460 0.916914
vt 0.801460 0.913052
vt 0.820391 0.913052
vt 0.820391 0.916914
vt 0.801460 0.908968
vt 0.820391 0.908968
vt 0.801460 0.904746
vt 0.820391 0.904746
vt 0.801460 0.900662
vt 0.820391 0.900662
vt 0.763553 0.583523
vt 0.763552 0.580095
vt 0.782483 0.580095
vt 0.763552 0.576245
vt 0.782483 0.576245
vt 0.763553 0.572292
vt 0.782483 0.572292
vt 0.763553 0.568442
vt 0.782483 0.568442
vt 0.975556 0.339934
vt 0.975556 0.343292
vt 0.972962 0.343292
vt 0.972962 0.339934
vt 0.224428 0.571157
vt 0.223874 0.575445
vt 0.975556 0.382783
vt 0.975556 0.386141
vt 0.972962 0.386141
vt 0.972962 0.382783
vt 0.791268 0.897620
vt 0.791268 0.892188
vt 0.793860 0.892188
vt 0.793860 0.897620
vt 0.666824 0.876749
vt 0.666824 0.871317
vt 0.669415 0.871317
vt 0.669415 0.876749
vt 0.791268 0.882469
vt 0.793860 0.882469
vt 0.666824 0.886469
vt 0.669415 0.886469
vt 0.791268 0.949437
vt 0.791268 0.944575
vt 0.793860 0.944575
vt 0.793860 0.949437
vt 0.666824 0.824361
vt 0.666824 0.819498
vt 0.669415 0.819498
vt 0.669415 0.824361
vt 0.791268 0.939393
vt 0.793860 0.939393
vt 0.666824 0.829542
vt 0.669415 0.829542
vt 0.791268 0.934060
vt 0.793860 0.934060
vt 0.666824 0.834875
vt 0.669415 0.834875
vt 0.791268 0.928879
vt 0.793860 0.928879
vt 0.666824 0.840057
vt 0.669415 0.840057
vt 0.791268 0.924016
vt 0.793860 0.924016
vt 0.666824 0.844920
vt 0.669415 0.844920
vt 0.975556 0.415417
vt 0.975556 0.419316
vt 0.972962 0.419316
vt 0.972962 0.415417
vt 0.975556 0.306759
vt 0.975556 0.310658
vt 0.972962 0.310658
vt 0.972962 0.306759
vt 0.975556 0.423690
vt 0.972962 0.423690
vt 0.975556 0.302385
vt 0.972962 0.302385
vt 0.975556 0.428205
vt 0.972962 0.428205
vt 0.975556 0.297871
vt 0.972962 0.297871
vt 0.975556 0.432578
vt 0.972962 0.432578
vt 0.975556 0.293497
vt 0.972962 0.293497
vt 0.975556 0.436477
vt 0.972962 0.436477
vt 0.975556 0.289598
vt 0.972962 0.289598
vt 0.975556 0.261502
vt 0.972962 0.261502
vt 0.975556 0.464573
vt 0.972962 0.464573
vt 0.975556 0.363038
vt 0.972962 0.363038
vt 0.972962 0.359479
vt 0.975556 0.359479
vt 0.972962 0.355762
vt 0.975556 0.355762
vt 0.972962 0.351803
vt 0.975556 0.351803
vt 0.972962 0.347615
vt 0.975556 0.347615
vt 0.972962 0.378460
vt 0.975556 0.378460
vt 0.972962 0.374272
vt 0.975556 0.374272
vt 0.972962 0.370313
vt 0.975556 0.370313
vt 0.972962 0.366596
vt 0.975556 0.366596
vt 0.246482 0.578831
vt 0.226033 0.567289
vt 0.228534 0.564220
vt 0.231685 0.562249
vt 0.246482 0.575445
vt 0.235178 0.561570
vt 0.238671 0.562249
vt 0.241822 0.564220
vt 0.244323 0.567289
vt 0.245929 0.571157
vt 0.763553 0.608074
vt 0.782483 0.610861
vt 0.782020 0.614451
vt 0.780675 0.617690
vt 0.778581 0.620260
vt 0.775943 0.621911
vt 0.767454 0.620260
vt 0.765360 0.617690
vt 0.764015 0.614451
vt 0.763552 0.610861
vt 0.872423 0.320334
vt 0.895030 0.320334
vt 0.895030 0.346854
vt 0.872423 0.346854
vt 0.003499 0.374072
vt 0.026107 0.374072
vt 0.026107 0.402184
vt 0.003499 0.402184
vt 0.014803 0.324827
vt 0.026107 0.324827
vt 0.026107 0.354057
vt 0.895030 0.352341
vt 0.872423 0.352341
vt 0.895030 0.293495
vt 0.895030 0.298611
vt 0.872423 0.298611
vt 0.872423 0.293495
vt 0.895030 0.304101
vt 0.872423 0.304101
vt 0.895030 0.309728
vt 0.872423 0.309728
vt 0.895030 0.315218
vt 0.872423 0.315218
vt 0.026107 0.357761
vt 0.003499 0.357761
vt 0.003499 0.354057
vt 0.026107 0.361911
vt 0.003499 0.361911
vt 0.026107 0.366219
vt 0.003499 0.366219
vt 0.026107 0.370368
vt 0.003499 0.370368
vt 0.817433 0.017972
vt 0.814508 0.004136
vt 0.817433 0.003567
vt 0.820391 0.827614
vt 0.820391 0.849630
vt 0.801460 0.849630
vt 0.801460 0.827614
vt 0.826899 0.061032
vt 0.826898 0.084542
vt 0.807968 0.084542
vt 0.807968 0.061032
vt 0.826898 0.017972
vt 0.826898 0.042524
vt 0.820391 0.854135
vt 0.801460 0.854135
vt 0.801460 0.807500
vt 0.820391 0.807500
vt 0.820391 0.811362
vt 0.801460 0.811362
vt 0.820391 0.815445
vt 0.801460 0.815445
vt 0.820391 0.819668
vt 0.801460 0.819668
vt 0.820391 0.823752
vt 0.801460 0.823752
vt 0.807968 0.042524
vt 0.826899 0.045952
vt 0.807968 0.045952
vt 0.826898 0.049801
vt 0.807968 0.049801
vt 0.826898 0.053755
vt 0.807968 0.053755
vt 0.826899 0.057604
vt 0.807968 0.057604
vt 0.956211 0.860143
vt 0.953616 0.860143
vt 0.953616 0.856785
vt 0.956211 0.856785
vt 0.025554 0.317153
vt 0.026107 0.321440
vt 0.956211 0.817292
vt 0.953616 0.817292
vt 0.953616 0.813934
vt 0.956211 0.813934
vt 0.791268 0.867317
vt 0.793860 0.867317
vt 0.793860 0.872749
vt 0.791268 0.872749
vt 0.666824 0.896188
vt 0.669415 0.896188
vt 0.669415 0.901620
vt 0.666824 0.901620
vt 0.791268 0.815500
vt 0.793860 0.815500
vt 0.793860 0.820362
vt 0.791268 0.820362
vt 0.666824 0.948577
vt 0.669415 0.948577
vt 0.669415 0.953439
vt 0.666824 0.953439
vt 0.793860 0.825544
vt 0.791268 0.825544
vt 0.666824 0.943395
vt 0.669415 0.943395
vt 0.793860 0.830877
vt 0.791268 0.830877
vt 0.666824 0.938062
vt 0.669415 0.938062
vt 0.793860 0.836058
vt 0.791268 0.836058
vt 0.666824 0.932880
vt 0.669415 0.932880
vt 0.793860 0.840921
vt 0.791268 0.840921
vt 0.666824 0.928018
vt 0.669415 0.928018
vt 0.956211 0.784656
vt 0.953616 0.784656
vt 0.953616 0.780757
vt 0.956211 0.780757
vt 0.956211 0.893320
vt 0.953616 0.893320
vt 0.953616 0.889421
vt 0.956211 0.889421
vt 0.953616 0.776383
vt 0.956211 0.776383
vt 0.956211 0.897694
vt 0.953616 0.897694
vt 0.953616 0.771868
vt 0.956211 0.771868
vt 0.956211 0.902208
vt 0.953616 0.902208
vt 0.953616 0.767495
vt 0.956211 0.767495
vt 0.956211 0.906582
vt 0.953616 0.906582
vt 0.953616 0.763596
vt 0.956211 0.763596
vt 0.956211 0.910481
vt 0.953616 0.910481
vt 0.956211 0.938578
vt 0.953616 0.938578
vt 0.953616 0.735499
vt 0.956211 0.735499
vt 0.956211 0.837038
vt 0.956211 0.840597
vt 0.953616 0.840597
vt 0.953616 0.837038
vt 0.956211 0.844314
vt 0.953616 0.844314
vt 0.956211 0.848274
vt 0.953616 0.848274
vt 0.956211 0.852462
vt 0.953616 0.852462
vt 0.956211 0.821615
vt 0.953616 0.821615
vt 0.956211 0.825803
vt 0.953616 0.825803
vt 0.956211 0.829763
vt 0.953616 0.829763
vt 0.956211 0.833480
vt 0.953616 0.833480
vt 0.003499 0.324827
vt 0.023948 0.313285
vt 0.021448 0.310215
vt 0.018296 0.308245
vt 0.003499 0.321440
vt 0.014803 0.307566
vt 0.011310 0.308245
vt 0.008159 0.310215
vt 0.005658 0.313285
vt 0.004052 0.317153
vt 0.807968 0.017972
vt 0.826898 0.015185
vt 0.826435 0.011595
vt 0.825091 0.008356
vt 0.822997 0.005786
vt 0.820358 0.004136
vt 0.811870 0.005786
vt 0.809775 0.008356
vt 0.808431 0.011595
vt 0.807968 0.015185
vt 0.911332 0.921977
vt 0.904463 0.901706
vt 0.923099 0.896660
vt 0.929156 0.914538
vt 0.864370 0.835233
vt 0.865772 0.813893
vt 0.884942 0.816371
vt 0.883706 0.835191
vt 0.148681 0.829947
vt 0.152848 0.808948
vt 0.171483 0.813994
vt 0.167809 0.832514
vt 0.183937 0.903691
vt 0.179770 0.882681
vt 0.198897 0.880202
vt 0.202572 0.898732
vt 0.832807 0.750908
vt 0.839697 0.730650
vt 0.857561 0.737996
vt 0.851483 0.755862
vt 0.865772 0.856567
vt 0.884942 0.854007
vt 0.147286 0.851315
vt 0.166578 0.851359
vt 0.190801 0.923983
vt 0.208626 0.916627
vt 0.828624 0.771886
vt 0.847795 0.774363
vt 0.869954 0.877532
vt 0.888631 0.872496
vt 0.148685 0.872687
vt 0.167812 0.870208
vt 0.827222 0.793225
vt 0.846558 0.793184
vt 0.876845 0.897766
vt 0.894708 0.890341
vt 0.152852 0.893698
vt 0.171488 0.888737
vt 0.828624 0.814560
vt 0.847794 0.811999
vt 0.119164 0.788895
vt 0.126055 0.768661
vt 0.143918 0.776085
vt 0.137841 0.793931
vt 0.159717 0.913989
vt 0.177541 0.906633
vt 0.832806 0.835524
vt 0.851483 0.830488
vt 0.114982 0.809860
vt 0.134152 0.812420
vt 0.232618 0.802946
vt 0.239482 0.782655
vt 0.257307 0.790010
vt 0.251253 0.807906
vt 0.839697 0.855758
vt 0.857561 0.848334
vt 0.113580 0.831194
vt 0.132916 0.831236
vt 0.228450 0.823957
vt 0.247577 0.826436
vt 0.731172 0.512899
vt 0.738063 0.492664
vt 0.755926 0.500089
vt 0.749849 0.517934
vt 0.114982 0.852534
vt 0.134153 0.850056
vt 0.227051 0.845328
vt 0.246344 0.845284
vt 0.726990 0.533863
vt 0.746161 0.536423
vt 0.119165 0.873512
vt 0.137841 0.868557
vt 0.904468 0.816957
vt 0.911332 0.796665
vt 0.929156 0.804021
vt 0.923103 0.821916
vt 0.228447 0.866696
vt 0.247574 0.864130
vt 0.725588 0.555198
vt 0.744924 0.555239
vt 0.126055 0.893769
vt 0.143918 0.886423
vt 0.900300 0.837967
vt 0.919427 0.840446
vt 0.232613 0.887695
vt 0.251249 0.882650
vt 0.726991 0.576537
vt 0.746161 0.574059
vt 0.183932 0.818942
vt 0.190801 0.798671
vt 0.208626 0.806110
vt 0.202568 0.823988
vt 0.898901 0.859338
vt 0.918194 0.859295
vt 0.239482 0.907967
vt 0.257307 0.900528
vt 0.731173 0.597515
vt 0.749850 0.592561
vt 0.179766 0.839942
vt 0.198893 0.842508
vt 0.900296 0.880707
vt 0.919424 0.878140
vt 0.869955 0.792915
vt 0.876845 0.772658
vt 0.894708 0.780004
vt 0.888631 0.797870
vt 0.738063 0.617773
vt 0.755926 0.610426
vt 0.178371 0.861310
vt 0.197663 0.861353
vt 0.159717 0.788677
vt 0.177541 0.796116
vt 0.727918 0.411562
vt 0.727243 0.393250
vt 0.731339 0.393167
vt 0.732009 0.411374
vt 0.855876 0.700356
vt 0.853762 0.682139
vt 0.857829 0.681735
vt 0.859910 0.699806
vt 0.857513 0.149488
vt 0.857286 0.131179
vt 0.861387 0.131162
vt 0.861614 0.149372
vt 0.860832 0.440273
vt 0.859275 0.422038
vt 0.863373 0.421727
vt 0.864918 0.439860
vt 0.729055 0.429862
vt 0.733138 0.429568
vt 0.858185 0.167782
vt 0.862286 0.167566
vt 0.862874 0.458446
vt 0.866929 0.457898
vt 0.730663 0.448136
vt 0.734731 0.447732
vt 0.859304 0.186051
vt 0.863401 0.185737
vt 0.865637 0.476566
vt 0.869660 0.475675
vt 0.732777 0.466352
vt 0.736812 0.465803
vt 0.860875 0.204283
vt 0.864960 0.203868
vt 0.855892 0.517694
vt 0.858705 0.499583
vt 0.862725 0.500485
vt 0.859946 0.518254
vt 0.735630 0.484507
vt 0.739627 0.483605
vt 0.862931 0.222455
vt 0.866986 0.221903
vt 0.853803 0.535860
vt 0.857887 0.536283
vt 0.862903 0.275681
vt 0.865655 0.257501
vt 0.869660 0.258368
vt 0.866942 0.276212
vt 0.865709 0.240572
vt 0.869731 0.239677
vt 0.852203 0.554087
vt 0.856298 0.554407
vt 0.860852 0.293917
vt 0.864925 0.294309
vt 0.732794 0.283691
vt 0.735607 0.265579
vt 0.739627 0.266482
vt 0.736847 0.284249
vt 0.851058 0.572351
vt 0.855157 0.572571
vt 0.858729 0.718510
vt 0.862725 0.717608
vt 0.859288 0.312204
vt 0.863374 0.312490
vt 0.730704 0.301856
vt 0.734788 0.302280
vt 0.850365 0.590638
vt 0.854465 0.590759
vt 0.858174 0.330517
vt 0.862268 0.330700
vt 0.729104 0.320084
vt 0.733200 0.320403
vt 0.850125 0.608942
vt 0.854224 0.608961
vt 0.860874 0.057951
vt 0.862942 0.039722
vt 0.866980 0.040259
vt 0.864945 0.058347
vt 0.857506 0.348837
vt 0.861605 0.348921
vt 0.727959 0.338347
vt 0.732059 0.338567
vt 0.850341 0.627254
vt 0.854437 0.627170
vt 0.859296 0.076235
vt 0.863382 0.076522
vt 0.857283 0.367159
vt 0.861385 0.367142
vt 0.727266 0.356635
vt 0.731366 0.356755
vt 0.851016 0.645565
vt 0.855107 0.645378
vt 0.858176 0.094543
vt 0.862269 0.094727
vt 0.857504 0.385471
vt 0.861607 0.385356
vt 0.727027 0.374939
vt 0.731126 0.374958
vt 0.852154 0.663865
vt 0.856237 0.663572
vt 0.857507 0.112861
vt 0.861604 0.112944
vt 0.858168 0.403767
vt 0.862269 0.403553
vt 0.835109 0.404849
vt 0.834428 0.385991
vt 0.847959 0.385705
vt 0.848631 0.404232
vt 0.704160 0.393847
vt 0.703944 0.374962
vt 0.717479 0.374928
vt 0.717695 0.393479
vt 0.830743 0.684485
vt 0.829104 0.665618
vt 0.842620 0.664577
vt 0.844251 0.683104
vt 0.834203 0.131145
vt 0.834424 0.112265
vt 0.847956 0.112633
vt 0.847736 0.131184
vt 0.836242 0.423690
vt 0.849752 0.422736
vt 0.704845 0.412734
vt 0.718373 0.412030
vt 0.832865 0.703343
vt 0.846396 0.701638
vt 0.834437 0.150018
vt 0.847968 0.149727
vt 0.837833 0.442509
vt 0.851334 0.441213
vt 0.706005 0.431615
vt 0.719522 0.430573
vt 0.835408 0.722228
vt 0.849054 0.720384
vt 0.835127 0.168878
vt 0.848649 0.168252
vt 0.839881 0.461316
vt 0.853406 0.459693
vt 0.707645 0.450482
vt 0.721152 0.449100
vt 0.836272 0.187718
vt 0.849782 0.186755
vt 0.842323 0.480153
vt 0.855964 0.478391
vt 0.709766 0.469340
vt 0.723297 0.467633
vt 0.837877 0.206537
vt 0.851377 0.205231
vt 0.832907 0.514763
vt 0.835400 0.495932
vt 0.849038 0.497731
vt 0.846428 0.516422
vt 0.712309 0.488225
vt 0.725955 0.486380
vt 0.839940 0.225343
vt 0.853463 0.223709
vt 0.830811 0.533567
vt 0.844309 0.534896
vt 0.839887 0.272793
vt 0.842343 0.253921
vt 0.855979 0.255703
vt 0.853414 0.274442
vt 0.842396 0.244180
vt 0.856038 0.242405
vt 0.829175 0.552384
vt 0.842683 0.553368
vt 0.837831 0.291639
vt 0.851336 0.292980
vt 0.709809 0.280760
vt 0.712301 0.261928
vt 0.725940 0.263728
vt 0.723330 0.282419
vt 0.828002 0.571225
vt 0.841523 0.571867
vt 0.836236 0.310494
vt 0.849750 0.311511
vt 0.707713 0.299563
vt 0.721210 0.300892
vt 0.827291 0.590087
vt 0.840822 0.590391
vt 0.839929 0.036805
vt 0.842410 0.017930
vt 0.856048 0.019730
vt 0.853457 0.038471
vt 0.835101 0.329364
vt 0.848626 0.330056
vt 0.706076 0.318380
vt 0.719584 0.319364
vt 0.827043 0.608965
vt 0.840578 0.608932
vt 0.837854 0.055654
vt 0.851359 0.057007
vt 0.834424 0.348242
vt 0.847956 0.348610
vt 0.704903 0.337222
vt 0.718425 0.337864
vt 0.827258 0.627850
vt 0.840793 0.627482
vt 0.836245 0.074512
vt 0.849760 0.075536
vt 0.834201 0.367119
vt 0.847733 0.367162
vt 0.704192 0.356084
vt 0.717723 0.356388
vt 0.827944 0.646738
vt 0.841472 0.646033
vt 0.835104 0.093385
vt 0.848630 0.094080
vt 0.860892 0.020528
vt 0.858159 0.039087
vt 0.865727 0.021543
vt 0.856072 0.057481
vt 0.854482 0.075890
vt 0.853356 0.094319
vt 0.852684 0.112756
vt 0.852464 0.131192
vt 0.852693 0.149619
vt 0.853370 0.168029
vt 0.854496 0.186415
vt 0.856080 0.204769
vt 0.858155 0.223099
vt 0.860880 0.241600
vt 0.730780 0.264542
vt 0.728020 0.283037
vt 0.725911 0.301363
vt 0.724298 0.319712
vt 0.723145 0.338094
vt 0.722448 0.356500
vt 0.722206 0.374923
vt 0.722421 0.393355
vt 0.723099 0.411789
vt 0.724242 0.430213
vt 0.725863 0.448617
vt 0.727997 0.467002
vt 0.730801 0.485552
vt 0.860821 0.256495
vt 0.858117 0.275053
vt 0.856050 0.293449
vt 0.854472 0.311862
vt 0.853353 0.330293
vt 0.852684 0.348733
vt 0.852462 0.367170
vt 0.852684 0.385599
vt 0.853352 0.404011
vt 0.854467 0.422398
vt 0.856037 0.440754
vt 0.858098 0.459087
vt 0.860807 0.477590
vt 0.853879 0.498546
vt 0.851119 0.517041
vt 0.849010 0.535366
vt 0.847396 0.553716
vt 0.846244 0.572098
vt 0.845546 0.590504
vt 0.845305 0.608926
vt 0.845521 0.627359
vt 0.846197 0.645792
vt 0.847342 0.664216
vt 0.848962 0.682620
vt 0.851096 0.701006
vt 0.853899 0.719556
vt 0.869731 0.022430
vt 0.965965 0.737471
vt 0.965965 0.754631
vt 0.963778 0.754631
vt 0.963778 0.737471
vt 0.965965 0.781843
vt 0.965965 0.799893
vt 0.963778 0.799893
vt 0.963778 0.781843
vt 0.965958 0.030246
vt 0.965958 0.056997
vt 0.963771 0.056997
vt 0.963771 0.030246
vt 0.965965 0.587495
vt 0.965965 0.608930
vt 0.963778 0.608930
vt 0.963778 0.587495
vt 0.975140 0.142326
vt 0.975140 0.159491
vt 0.972952 0.159491
vt 0.972952 0.142326
vt 0.975140 0.176679
vt 0.975140 0.193871
vt 0.972952 0.193871
vt 0.972952 0.176679
vt 0.965965 0.673221
vt 0.965965 0.694643
vt 0.963778 0.694643
vt 0.963778 0.673221
vt 0.965958 0.289261
vt 0.965958 0.315956
vt 0.963771 0.315956
vt 0.963771 0.289261
vt 0.965963 0.514431
vt 0.965963 0.535867
vt 0.963776 0.535867
vt 0.963776 0.514431
vt 0.965963 0.557307
vt 0.965963 0.578747
vt 0.963776 0.578747
vt 0.963776 0.557307
vt 0.975140 0.078093
vt 0.975140 0.099499
vt 0.972952 0.099499
vt 0.972952 0.078093
vt 0.965963 0.366290
vt 0.965963 0.384345
vt 0.963776 0.384345
vt 0.963776 0.366290
vt 0.965958 0.169462
vt 0.965958 0.196177
vt 0.963771 0.196177
vt 0.963771 0.169462
vt 0.965963 0.450146
vt 0.965963 0.471569
vt 0.963776 0.471569
vt 0.963776 0.450146
vt 0.965965 0.630363
vt 0.963778 0.630363
vt 0.965965 0.821284
vt 0.963778 0.821284
vt 0.965958 0.078427
vt 0.963771 0.078427
vt 0.975140 0.003500
vt 0.975140 0.024895
vt 0.972952 0.024895
vt 0.972952 0.003500
vt 0.975140 0.211047
vt 0.972952 0.211047
vt 0.965965 0.716060
vt 0.963778 0.716060
vt 0.965963 0.411565
vt 0.963776 0.411565
vt 0.965958 0.222885
vt 0.963771 0.222885
vt 0.975140 0.120909
vt 0.972952 0.120909
vt 0.965965 0.651794
vt 0.963778 0.651794
vt 0.965965 0.842674
vt 0.963778 0.842674
vt 0.965963 0.492997
vt 0.963776 0.492997
vt 0.975140 0.046292
vt 0.972952 0.046292
vt 0.975140 0.232486
vt 0.972952 0.232486
vt 0.965958 0.099877
vt 0.963771 0.099877
vt 0.965958 0.121323
vt 0.965958 0.142740
vt 0.963771 0.142740
vt 0.963771 0.121323
vt 0.965963 0.428729
vt 0.963776 0.428729
vt 0.965958 0.262564
vt 0.963771 0.262564
vt 0.965958 0.003495
vt 0.963771 0.003495
vt 0.965963 0.323497
vt 0.965963 0.344893
vt 0.963776 0.344893
vt 0.963776 0.323497
vt 0.975140 0.253927
vt 0.972952 0.253927
vt 0.973933 0.930252
vt 0.973933 0.947461
vt 0.972961 0.947461
vt 0.972961 0.930252
vt 0.992342 0.432864
vt 0.992342 0.454324
vt 0.991370 0.454324
vt 0.991370 0.432864
vt 0.991401 0.758471
vt 0.991401 0.785745
vt 0.990428 0.785745
vt 0.990428 0.758471
vt 0.992264 0.196573
vt 0.992264 0.223334
vt 0.991291 0.223334
vt 0.991291 0.196573
vt 0.973933 0.835689
vt 0.973933 0.857143
vt 0.972961 0.857143
vt 0.972961 0.835689
vt 0.992342 0.492972
vt 0.992342 0.520239
vt 0.991370 0.520239
vt 0.991370 0.492972
vt 0.992342 0.368454
vt 0.992342 0.389928
vt 0.991370 0.389928
vt 0.991370 0.368454
vt 0.992342 0.559760
vt 0.992342 0.581192
vt 0.991370 0.581192
vt 0.991370 0.559760
vt 0.991401 0.845871
vt 0.991401 0.867342
vt 0.990428 0.867342
vt 0.990428 0.845871
vt 0.973933 0.760935
vt 0.973933 0.782375
vt 0.972961 0.782375
vt 0.972961 0.760935
vt 0.973933 0.968944
vt 0.972961 0.968944
vt 0.992264 0.078586
vt 0.992264 0.100079
vt 0.991291 0.100079
vt 0.991291 0.078586
vt 0.973933 0.895802
vt 0.973933 0.913025
vt 0.972961 0.913025
vt 0.972961 0.895802
vt 0.991401 0.802945
vt 0.990428 0.802945
vt 0.992264 0.263094
vt 0.991291 0.263094
vt 0.992342 0.475778
vt 0.991370 0.475778
vt 0.992264 0.121568
vt 0.991291 0.121568
vt 0.992264 0.003503
vt 0.992264 0.030308
vt 0.991291 0.030308
vt 0.991291 0.003503
vt 0.991401 0.697501
vt 0.991401 0.718939
vt 0.990428 0.718939
vt 0.990428 0.697501
vt 0.973933 0.878603
vt 0.972961 0.878603
vt 0.991401 0.910299
vt 0.991401 0.931781
vt 0.990428 0.931781
vt 0.990428 0.910299
vt 0.992342 0.411398
vt 0.991370 0.411398
vt 0.973933 0.990428
vt 0.972961 0.990428
vt 0.991401 0.888819
vt 0.990428 0.888819
vt 0.973933 0.814241
vt 0.972961 0.814241
vt 0.992264 0.289845
vt 0.991291 0.289845
vt 0.992264 0.143028
vt 0.992264 0.169805
vt 0.991291 0.169805
vt 0.991291 0.143028
vt 0.991401 0.824405
vt 0.990428 0.824405
vt 0.991401 0.740379
vt 0.990428 0.740379
vt 0.992342 0.538326
vt 0.991370 0.538326
vt 0.992264 0.057112
vt 0.991291 0.057112
vt 0.992342 0.325500
vt 0.992342 0.346978
vt 0.991370 0.346978
vt 0.991370 0.325500
vt 0.992264 0.316594
vt 0.991291 0.316594
vt 0.991401 0.953265
vt 0.990428 0.953265
vt 0.973933 0.739496
vt 0.972961 0.739496
vt 0.972964 0.516616
vt 0.972990 0.495069
vt 0.974720 0.495073
vt 0.974693 0.516620
vt 0.973023 0.645998
vt 0.973003 0.624420
vt 0.974733 0.624424
vt 0.974751 0.646003
vt 0.972983 0.602847
vt 0.972964 0.581281
vt 0.974694 0.581285
vt 0.974712 0.602851
vt 0.982545 0.420598
vt 0.982563 0.399031
vt 0.984292 0.399027
vt 0.984274 0.420593
vt 0.982571 0.506809
vt 0.982544 0.485262
vt 0.984273 0.485258
vt 0.984300 0.506805
vt 0.981626 0.831279
vt 0.981614 0.809719
vt 0.983344 0.809723
vt 0.983355 0.831283
vt 0.981613 0.788163
vt 0.981625 0.766613
vt 0.983354 0.766618
vt 0.983342 0.788167
vt 0.973010 0.710757
vt 0.973030 0.689168
vt 0.974760 0.689172
vt 0.974739 0.710761
vt 0.981632 0.982348
vt 0.981672 0.960757
vt 0.983402 0.960762
vt 0.983362 0.982353
vt 0.982508 0.133034
vt 0.982529 0.111460
vt 0.984258 0.111456
vt 0.984237 0.133029
vt 0.982548 0.089881
vt 0.982558 0.068297
vt 0.984287 0.068293
vt 0.984276 0.089877
vt 0.981684 0.895998
vt 0.981665 0.874419
vt 0.983395 0.874423
vt 0.983413 0.896002
vt 0.973033 0.473523
vt 0.974762 0.473528
vt 0.982614 0.334296
vt 0.982610 0.312709
vt 0.984340 0.312705
vt 0.984343 0.334292
vt 0.982591 0.291119
vt 0.982551 0.269528
vt 0.984280 0.269524
vt 0.984320 0.291115
vt 0.982477 0.197717
vt 0.982478 0.176162
vt 0.984207 0.176158
vt 0.984206 0.197712
vt 0.982532 0.463712
vt 0.984261 0.463708
vt 0.972953 0.559721
vt 0.974681 0.559725
vt 0.982584 0.377458
vt 0.984314 0.377454
vt 0.981693 0.939168
vt 0.983421 0.939172
vt 0.981652 0.745067
vt 0.983381 0.745071
vt 0.973033 0.667581
vt 0.974762 0.667585
vt 0.982558 0.262358
vt 0.982516 0.240813
vt 0.984245 0.240809
vt 0.984287 0.262354
vt 0.982556 0.046710
vt 0.984285 0.046706
vt 0.981644 0.852847
vt 0.983373 0.852850
vt 0.982533 0.442157
vt 0.984263 0.442153
vt 0.972952 0.538166
vt 0.974681 0.538170
vt 0.982489 0.154601
vt 0.984218 0.154597
vt 0.981695 0.917581
vt 0.983424 0.917585
vt 0.981695 0.723522
vt 0.983424 0.723526
vt 0.982603 0.355880
vt 0.984332 0.355876
vt 0.982489 0.219267
vt 0.984218 0.219263
vt 0.982536 0.025121
vt 0.984265 0.025116
vt 0.972970 0.732347
vt 0.974700 0.732352
vt 0.982613 0.528353
vt 0.984343 0.528349
vt 0.982496 0.003530
vt 0.984225 0.003525
vt 0.201836 0.681902
vt 0.201835 0.756693
vt 0.199229 0.756693
vt 0.198996 0.681902
vt 0.657227 0.877120
vt 0.659827 0.877120
vt 0.659827 0.936403
vt 0.657229 0.936403
vt 0.475738 0.040216
vt 0.451105 0.042202
vt 0.464334 0.030712
vt 0.219379 0.926328
vt 0.219379 0.930459
vt 0.216489 0.930459
vt 0.216485 0.926328
vt 0.219379 0.934662
vt 0.216501 0.934662
vt 0.201836 0.673502
vt 0.201836 0.677668
vt 0.198975 0.677668
vt 0.198958 0.673502
vt 0.201836 0.679864
vt 0.198986 0.679864
vt 0.657224 0.813708
vt 0.659827 0.813708
vt 0.659827 0.817839
vt 0.657225 0.817839
vt 0.657223 0.809504
vt 0.659827 0.809504
vt 0.201835 0.760825
vt 0.201835 0.765029
vt 0.199232 0.765029
vt 0.199231 0.760825
vt 0.216489 0.797708
vt 0.219379 0.797708
vt 0.219379 0.801840
vt 0.216484 0.801840
vt 0.216500 0.793505
vt 0.219379 0.793505
vt 0.191952 0.758854
vt 0.191952 0.763020
vt 0.189073 0.763020
vt 0.189092 0.758854
vt 0.191952 0.754621
vt 0.191952 0.756659
vt 0.189102 0.756659
vt 0.189112 0.754621
vt 0.659827 0.940534
vt 0.657229 0.940534
vt 0.659827 0.944738
vt 0.657226 0.944738
vt 0.191952 0.671500
vt 0.191952 0.675704
vt 0.189347 0.675704
vt 0.189351 0.671500
vt 0.191952 0.679835
vt 0.189341 0.679835
vt 0.522727 0.028459
vt 0.494694 0.013389
vt 0.511304 0.007853
vt 0.523462 0.025786
vt 0.674507 0.103825
vt 0.615210 0.115930
vt 0.669000 0.087174
vt 0.568177 0.026081
vt 0.567203 0.025094
vt 0.580571 0.008310
vt 0.563426 0.004771
vt 0.565866 0.024726
vt 0.677802 0.121053
vt 0.219379 0.844046
vt 0.219379 0.884121
vt 0.216456 0.884121
vt 0.216456 0.844046
vt 0.219379 0.835729
vt 0.216484 0.835729
vt 0.216485 0.892439
vt 0.219379 0.892439
vt 0.219379 0.891052
vt 0.216482 0.891052
vt 0.219379 0.889666
vt 0.216477 0.889666
vt 0.219379 0.838501
vt 0.219379 0.841273
vt 0.216464 0.841273
vt 0.216477 0.838501
vt 0.219379 0.837115
vt 0.216482 0.837115
vt 0.524449 0.024812
vt 0.525791 0.024462
vt 0.219379 0.885507
vt 0.219379 0.886894
vt 0.216464 0.886894
vt 0.216458 0.885507
vt 0.219379 0.842660
vt 0.216458 0.842660
vt 0.478943 0.032651
vt 0.478947 0.021052
vt 0.482454 0.030339
vt 0.485875 0.125775
vt 0.449854 0.231915
vt 0.438409 0.218640
vt 0.481830 0.124931
vt 0.428792 0.203982
vt 0.478350 0.122573
vt 0.421165 0.188192
vt 0.476038 0.119062
vt 0.415657 0.171540
vt 0.475248 0.115006
vt 0.615706 0.041140
vt 0.627235 0.031787
vt 0.640311 0.043450
vt 0.462930 0.243579
vt 0.674049 0.173245
vt 0.677571 0.156062
vt 0.668323 0.189822
vt 0.614366 0.119975
vt 0.660488 0.205511
vt 0.612008 0.123454
vt 0.650678 0.220040
vt 0.608497 0.125767
vt 0.604442 0.126557
vt 0.639059 0.233163
vt 0.625830 0.244653
vt 0.568876 0.028763
vt 0.597106 0.014065
vt 0.486510 0.029548
vt 0.521740 0.029432
vt 0.520399 0.029782
vt 0.569851 0.029750
vt 0.571187 0.030117
vt 0.605077 0.030331
vt 0.612751 0.021935
vt 0.476601 0.036095
vt 0.475932 0.038187
vt 0.678829 0.138565
vt 0.609122 0.031174
vt 0.612602 0.033533
vt 0.614898 0.037008
vt 0.615539 0.039108
vt 0.661373 0.071384
vt 0.412362 0.154311
vt 0.411335 0.136801
vt 0.412593 0.119304
vt 0.416116 0.102121
vt 0.421842 0.085543
vt 0.429677 0.069855
vt 0.439487 0.055325
vt 0.651755 0.056725
vt 0.477414 0.253430
vt 0.493058 0.261301
vt 0.611218 0.254313
vt 0.595471 0.261977
vt 0.545158 0.126165
vt 0.578860 0.267512
vt 0.561671 0.270825
vt 0.544197 0.271859
vt 0.526739 0.270595
vt 0.509594 0.267055
vt 0.528493 0.004540
vt 0.545967 0.003507
vt 0.758493 0.150640
vt 0.759124 0.153771
vt 0.749441 0.165557
vt 0.748972 0.163232
vt 0.680597 0.215096
vt 0.680597 0.184113
vt 0.694183 0.199605
vt 0.756687 0.147938
vt 0.747630 0.161224
vt 0.685362 0.248569
vt 0.684730 0.245438
vt 0.694184 0.233652
vt 0.694647 0.235978
vt 0.684461 0.218202
vt 0.683703 0.217444
vt 0.753985 0.146132
vt 0.745623 0.159883
vt 0.687167 0.251271
vt 0.695988 0.237985
vt 0.684738 0.219238
vt 0.750853 0.145501
vt 0.743297 0.159414
vt 0.689842 0.253065
vt 0.697975 0.239317
vt 0.684460 0.181007
vt 0.684737 0.179972
vt 0.691462 0.253570
vt 0.699179 0.239693
vt 0.683703 0.181765
vt 0.759124 0.199605
vt 0.759124 0.245437
vt 0.749441 0.233651
vt 0.749441 0.199605
vt 0.758493 0.248569
vt 0.748972 0.235977
vt 0.681633 0.216889
vt 0.756687 0.251271
vt 0.747631 0.237985
vt 0.680874 0.216132
vt 0.753985 0.253076
vt 0.745623 0.239326
vt 0.750853 0.253708
vt 0.743297 0.239795
vt 0.680874 0.183078
vt 0.681632 0.182320
vt 0.693032 0.253710
vt 0.700345 0.239797
vt 0.684730 0.153772
vt 0.685361 0.150640
vt 0.694646 0.163232
vt 0.694183 0.165558
vt 0.687166 0.147938
vt 0.695988 0.161224
vt 0.693032 0.145499
vt 0.700345 0.159412
vt 0.689842 0.146144
vt 0.697975 0.159892
vt 0.691462 0.145638
vt 0.699178 0.159516
s 1
usemtl alarm_clock_01
f 31/1/1 11/2/2 2/3/3 13/4/4
f 17/5/5 4/6/6 5/7/7 19/8/8
f 19/8/8 5/7/7 6/9/9 21/10/10
f 21/10/10 6/9/9 7/11/11 23/12/12
f 23/12/12 7/11/11 8/13/13 25/14/14
f 25/14/14 8/13/13 9/15/15 27/16/16
f 27/16/16 9/15/15 10/17/17 29/18/18
f 29/18/18 10/17/17 11/2/2 31/1/1
f 18/19/19 20/20/20 1/21/21
f 15/22/22 3/23/23 4/6/6 17/5/5
f 13/4/4 2/3/3 3/23/23 15/22/22
f 13/4/4 15/22/22 14/24/24 12/25/25
f 15/22/22 17/5/5 16/26/26 14/24/24
f 17/5/5 19/8/8 18/19/19 16/26/26
f 19/8/8 21/10/10 20/20/20 18/19/19
f 21/10/10 23/12/12 22/27/27 20/20/20
f 23/12/12 25/14/14 24/28/28 22/27/27
f 25/14/14 27/16/16 26/29/29 24/28/28
f 27/16/16 29/18/18 28/30/30 26/29/29
f 29/18/18 31/1/1 30/31/31 28/30/30
f 31/1/1 13/4/4 12/25/25 30/31/31
f 30/31/31 12/25/25 1/21/21
f 16/26/26 18/19/19 1/21/21
f 14/24/24 16/26/26 1/21/21
f 12/25/25 14/24/24 1/21/21
f 28/30/30 30/31/31 1/21/21
f 26/29/29 28/30/30 1/21/21
f 24/28/28 26/29/29 1/21/21
f 22/27/27 24/28/28 1/21/21
f 20/20/20 22/27/27 1/21/21
f 62/32/32 42/33/33 33/34/34 44/35/35
f 48/36/36 35/37/37 36/38/38 50/39/39
f 50/39/39 36/38/38 37/40/40 52/41/41
f 52/41/41 37/40/40 38/42/42 54/43/43
f 54/43/43 38/42/42 39/44/44 56/45/45
f 56/45/45 39/44/44 40/46/46 58/47/47
f 58/47/47 40/46/46 41/48/48 60/49/49
f 60/49/49 41/48/48 42/33/33 62/32/32
f 49/50/50 51/51/51 32/52/21
f 46/53/52 34/54/53 35/37/37 48/36/36
f 44/35/35 33/34/34 34/54/53 46/53/52
f 44/35/35 46/53/52 45/55/54 43/56/55
f 46/53/52 48/36/36 47/57/56 45/55/54
f 48/36/36 50/39/39 49/50/50 47/57/56
f 50/39/39 52/41/41 51/51/51 49/50/50
f 52/41/41 54/43/43 53/58/57 51/51/51
f 54/43/43 56/45/45 55/59/58 53/58/57
f 56/45/45 58/47/47 57/60/59 55/59/58
f 58/47/47 60/49/49 59/61/60 57/60/59
f 60/49/49 62/32/32 61/62/61 59/61/60
f 62/32/32 44/35/35 43/56/55 61/62/61
f 61/62/61 43/56/55 32/52/21
f 47/57/56 49/50/50 32/52/21
f 45/55/54 47/57/56 32/52/21
f 43/56/55 45/55/54 32/52/21
f 59/61/60 61/62/61 32/52/21
f 57/60/59 59/61/60 32/52/21
f 55/59/58 57/60/59 32/52/21
f 53/58/57 55/59/58 32/52/21
f 51/51/51 53/58/57 32/52/21
f 93/63/62 73/64/63 64/65/64 75/66/65
f 79/67/66 66/68/67 67/69/68 81/70/69
f 81/70/69 67/69/68 68/71/70 83/72/71
f 83/72/71 68/71/70 69/73/72 85/74/73
f 85/74/73 69/73/72 70/75/74 87/76/75
f 87/76/75 70/75/74 71/77/76 89/78/77
f 89/78/77 71/77/76 72/79/78 91/80/79
f 91/80/79 72/79/78 73/64/63 93/63/62
f 80/81/80 82/82/81 63/83/21
f 77/84/82 65/85/83 66/68/67 79/67/66
f 75/66/65 64/65/64 65/85/83 77/84/82
f 75/66/65 77/84/82 76/86/84 74/87/85
f 77/84/82 79/67/66 78/88/86 76/86/84
f 79/67/66 81/70/69 80/81/80 78/88/86
f 81/70/69 83/72/71 82/82/81 80/81/80
f 83/72/71 85/74/73 84/89/87 82/82/81
f 85/74/73 87/76/75 86/90/88 84/89/87
f 87/76/75 89/78/77 88/91/89 86/90/88
f 89/78/77 91/80/79 90/92/90 88/91/89
f 91/80/79 93/63/62 92/93/91 90/92/90
f 93/63/62 75/66/65 74/87/85 92/93/91
f 92/93/91 74/87/85 63/83/21
f 78/88/86 80/81/80 63/83/21
f 76/86/84 78/88/86 63/83/21
f 74/87/85 76/86/84 63/83/21
f 90/92/90 92/93/91 63/83/21
f 88/91/89 90/92/90 63/83/21
f 86/90/88 88/91/89 63/83/21
f 84/89/87 86/90/88 63/83/21
f 82/82/81 84/89/87 63/83/21
f 286/94/92 238/95/93 285/96/94 289/97/95
f 379/98/96 240/99/97 239/100/98 381/101/99
f 377/102/100 241/103/101 240/99/97 379/98/96
f 375/104/102 242/105/103 241/103/101 377/102/100
f 373/106/104 243/107/105 242/105/103 375/104/102
f 371/108/106 244/109/107 243/107/105 373/106/104
f 369/110/108 245/111/109 244/109/107 371/108/106
f 367/112/110 246/113/111 245/111/109 369/110/108
f 365/114/112 247/115/113 246/113/111 367/112/110
f 363/116/114 248/117/115 247/115/113 365/114/112
f 361/118/116 249/119/117 248/117/115 363/116/114
f 359/120/118 250/121/119 249/119/117 361/118/116
f 357/122/120 251/123/121 250/124/119 359/125/118
f 355/126/122 252/127/123 251/123/121 357/122/120
f 353/128/124 253/129/125 252/127/123 355/126/122
f 351/130/126 254/131/127 253/129/125 353/128/124
f 349/132/128 255/133/129 254/131/127 351/130/126
f 347/134/130 256/135/131 255/133/129 349/132/128
f 345/136/132 257/137/133 256/135/131 347/134/130
f 343/138/134 258/139/135 257/137/133 345/136/132
f 341/140/136 259/141/137 258/139/135 343/138/134
f 339/142/138 260/143/139 259/141/137 341/140/136
f 337/144/140 261/145/141 260/143/139 339/142/138
f 333/146/142 263/147/143 262/148/144 335/149/145
f 331/150/146 264/151/147 263/147/143 333/146/142
f 329/152/148 265/153/149 264/151/147 331/150/146
f 327/154/150 266/155/151 265/153/149 329/152/148
f 325/156/152 267/157/153 266/155/151 327/154/150
f 323/158/154 268/159/155 267/157/153 325/156/152
f 321/160/156 269/161/157 268/159/155 323/158/154
f 319/162/158 270/163/159 269/161/157 321/160/156
f 317/164/160 271/165/161 270/163/159 319/162/158
f 315/166/162 272/167/163 271/165/161 317/164/160
f 313/168/164 273/169/165 272/167/163 315/166/162
f 311/170/166 274/171/167 273/169/165 313/168/164
f 309/172/168 275/173/169 274/174/167 311/175/166
f 307/176/170 276/177/171 275/173/169 309/172/168
f 305/178/172 277/179/173 276/177/171 307/176/170
f 303/180/174 278/181/175 277/179/173 305/178/172
f 301/182/176 279/183/177 278/181/175 303/180/174
f 299/184/178 280/185/179 279/183/177 301/182/176
f 297/186/180 281/187/181 280/185/179 299/184/178
f 295/188/182 282/189/183 281/187/181 297/186/180
f 293/190/184 283/191/185 282/189/183 295/188/182
f 102/192/186 101/193/187 533/194/188 534/195/189
f 291/196/190 284/197/191 283/191/185 293/190/184
f 289/97/95 285/96/94 284/197/191 291/196/190
f 191/198/192 142/199/193 143/200/194 190/201/195
f 192/202/196 144/203/197 142/199/193 191/198/192
f 193/204/198 145/205/199 144/203/197 192/202/196
f 194/206/200 146/207/201 145/205/199 193/204/198
f 195/208/202 147/209/203 146/207/201 194/206/200
f 196/210/204 148/211/205 147/209/203 195/208/202
f 197/212/206 149/213/207 148/211/205 196/210/204
f 198/214/208 150/215/209 149/213/207 197/212/206
f 199/216/210 151/217/211 150/215/209 198/214/208
f 200/218/212 152/219/213 151/217/211 199/216/210
f 201/220/214 153/221/215 152/219/213 200/218/212
f 202/222/216 154/223/217 153/221/215 201/220/214
f 203/224/218 155/225/219 154/226/217 202/227/216
f 204/228/220 156/229/221 155/225/219 203/224/218
f 205/230/222 157/231/223 156/229/221 204/228/220
f 206/232/224 158/233/225 157/231/223 205/230/222
f 207/234/226 159/235/227 158/233/225 206/232/224
f 208/236/228 160/237/229 159/235/227 207/234/226
f 209/238/230 161/239/231 160/237/229 208/236/228
f 210/240/232 162/241/233 161/239/231 209/238/230
f 211/242/234 163/243/235 162/241/233 210/240/232
f 212/244/236 164/245/237 163/243/235 211/242/234
f 213/246/238 165/247/239 164/245/237 212/244/236
f 214/248/240 166/249/241 165/247/239 213/246/238
f 215/250/242 167/251/243 166/252/241 214/253/240
f 216/254/244 168/255/245 167/251/243 215/250/242
f 217/256/246 169/257/247 168/255/245 216/254/244
f 218/258/248 170/259/249 169/257/247 217/256/246
f 219/260/250 171/261/251 170/259/249 218/258/248
f 220/262/252 172/263/253 171/261/251 219/260/250
f 221/264/254 173/265/255 172/263/253 220/262/252
f 222/266/256 174/267/257 173/265/255 221/264/254
f 223/268/258 175/269/259 174/267/257 222/266/256
f 224/270/260 176/271/261 175/269/259 223/268/258
f 225/272/262 177/273/263 176/271/261 224/270/260
f 226/274/264 178/275/265 177/273/263 225/272/262
f 227/276/266 179/277/267 178/278/265 226/279/264
f 228/280/268 180/281/269 179/277/267 227/276/266
f 229/282/270 181/283/271 180/281/269 228/280/268
f 230/284/272 182/285/273 181/283/271 229/282/270
f 231/286/274 183/287/275 182/285/273 230/284/272
f 232/288/276 184/289/277 183/287/275 231/286/274
f 233/290/278 185/291/279 184/289/277 232/288/276
f 234/292/280 186/293/281 185/291/279 233/290/278
f 235/294/282 187/295/283 186/293/281 234/292/280
f 236/296/284 188/297/285 187/295/283 235/294/282
f 237/298/286 189/299/287 188/297/285 236/296/284
f 190/300/195 143/301/194 189/299/287 237/298/286
f 238/95/93 190/300/195 237/298/286 285/96/94
f 285/96/94 237/298/286 236/296/284 284/197/191
f 284/197/191 236/296/284 235/294/282 283/191/185
f 283/191/185 235/294/282 234/292/280 282/189/183
f 282/189/183 234/292/280 233/290/278 281/187/181
f 281/187/181 233/290/278 232/288/276 280/185/179
f 280/185/179 232/288/276 231/286/274 279/183/177
f 279/183/177 231/286/274 230/284/272 278/181/175
f 278/181/175 230/284/272 229/282/270 277/179/173
f 277/179/173 229/282/270 228/280/268 276/177/171
f 276/177/171 228/280/268 227/276/266 275/173/169
f 275/173/169 227/276/266 226/279/264 274/174/167
f 274/171/167 226/274/264 225/272/262 273/169/165
f 273/169/165 225/272/262 224/270/260 272/167/163
f 272/167/163 224/270/260 223/268/258 271/165/161
f 271/165/161 223/268/258 222/266/256 270/163/159
f 270/163/159 222/266/256 221/264/254 269/161/157
f 269/161/157 221/264/254 220/262/252 268/159/155
f 268/159/155 220/262/252 219/260/250 267/157/153
f 267/157/153 219/260/250 218/258/248 266/155/151
f 266/155/151 218/258/248 217/256/246 265/153/149
f 265/153/149 217/256/246 216/254/244 264/151/147
f 264/151/147 216/254/244 215/250/242 263/147/143
f 263/147/143 215/250/242 214/253/240 262/148/144
f 262/302/144 214/248/240 213/246/238 261/145/141
f 261/145/141 213/246/238 212/244/236 260/143/139
f 260/143/139 212/244/236 211/242/234 259/141/137
f 259/141/137 211/242/234 210/240/232 258/139/135
f 258/139/135 210/240/232 209/238/230 257/137/133
f 257/137/133 209/238/230 208/236/228 256/135/131
f 256/135/131 208/236/228 207/234/226 255/133/129
f 255/133/129 207/234/226 206/232/224 254/131/127
f 254/131/127 206/232/224 205/230/222 253/129/125
f 253/129/125 205/230/222 204/228/220 252/127/123
f 252/127/123 204/228/220 203/224/218 251/123/121
f 251/123/121 203/224/218 202/227/216 250/124/119
f 250/121/119 202/222/216 201/220/214 249/119/117
f 249/119/117 201/220/214 200/218/212 248/117/115
f 248/117/115 200/218/212 199/216/210 247/115/113
f 247/115/113 199/216/210 198/214/208 246/113/111
f 246/113/111 198/214/208 197/212/206 245/111/109
f 245/111/109 197/212/206 196/210/204 244/109/107
f 244/109/107 196/210/204 195/208/202 243/107/105
f 243/107/105 195/208/202 194/206/200 242/105/103
f 242/105/103 194/206/200 193/204/198 241/103/101
f 241/103/101 193/204/198 192/202/196 240/99/97
f 240/99/97 192/202/196 191/198/192 239/100/98
f 95/303/288 380/304/289 287/305/290 94/306/291
f 141/307/292 288/308/293 290/309/294 140/310/295
f 140/310/295 290/309/294 292/311/296 139/312/297
f 139/312/297 292/311/296 294/313/298 138/314/299
f 138/314/299 294/313/298 296/315/300 137/316/301
f 137/316/301 296/315/300 298/317/302 136/318/303
f 136/318/303 298/317/302 300/319/304 135/320/305
f 135/320/305 300/319/304 302/321/306 134/322/307
f 134/322/307 302/321/306 304/323/308 133/324/309
f 133/324/309 304/323/308 306/325/310 132/326/311
f 132/326/311 306/325/310 308/327/312 131/328/313
f 131/328/313 308/327/312 310/329/314 130/330/315
f 130/331/315 310/332/314 312/333/316 129/334/317
f 129/334/317 312/333/316 314/335/318 128/336/319
f 128/336/319 314/335/318 316/337/320 127/338/321
f 127/338/321 316/337/320 318/339/322 126/340/323
f 126/340/323 318/339/322 320/341/324 125/342/325
f 125/342/325 320/341/324 322/343/326 124/344/327
f 124/344/327 322/343/326 324/345/328 123/346/329
f 123/346/329 324/345/328 326/347/330 122/348/331
f 122/348/331 326/347/330 328/349/332 121/350/333
f 121/350/333 328/349/332 330/351/334 120/352/335
f 120/352/335 330/351/334 332/353/336 119/354/337
f 335/355/145 262/302/144 261/145/141 337/144/140
f 119/354/337 332/353/336 334/356/338 118/357/339
f 118/358/339 334/359/338 336/360/340 117/361/341
f 117/361/341 336/360/340 338/362/342 116/363/343
f 116/363/343 338/362/342 340/364/344 115/365/345
f 115/365/345 340/364/344 342/366/346 114/367/347
f 114/367/347 342/366/346 344/368/348 113/369/349
f 113/369/349 344/368/348 346/370/350 112/371/351
f 112/371/351 346/370/350 348/372/352 111/373/353
f 111/373/353 348/372/352 350/374/354 110/375/355
f 110/375/355 350/374/354 352/376/356 109/377/357
f 109/377/357 352/376/356 354/378/358 108/379/359
f 108/379/359 354/378/358 356/380/360 107/381/361
f 107/381/361 356/380/360 358/382/362 106/383/363
f 106/384/363 358/385/362 360/386/364 105/387/365
f 105/387/365 360/386/364 362/388/366 104/389/367
f 104/389/367 362/388/366 364/390/368 103/391/369
f 103/391/369 364/390/368 366/392/370 102/192/186
f 102/192/186 366/392/370 368/393/371 101/193/187
f 101/193/187 368/393/371 370/394/372 100/395/373
f 100/395/373 370/394/372 372/396/374 99/397/375
f 99/397/375 372/396/374 374/398/376 98/399/377
f 98/399/377 374/398/376 376/400/378 97/401/379
f 97/401/379 376/400/378 378/402/380 96/403/381
f 96/403/381 378/402/380 380/304/289 95/303/288
f 523/404/382 383/405/383 287/305/290 380/304/289
f 383/406/383 385/407/384 288/308/293 287/408/290
f 520/409/385 523/404/382 380/304/289 378/402/380
f 517/410/386 520/409/385 378/402/380 376/400/378
f 379/98/96 381/101/99 524/411/387 521/412/388
f 514/413/389 517/410/386 376/400/378 374/398/376
f 377/102/100 379/98/96 521/412/388 518/414/390
f 511/415/391 514/413/389 374/398/376 372/396/374
f 375/104/102 377/102/100 518/414/390 515/416/392
f 508/417/393 511/415/391 372/396/374 370/394/372
f 373/106/104 375/104/102 515/416/392 512/418/394
f 505/419/395 508/417/393 370/394/372 368/393/371
f 371/108/106 373/106/104 512/418/394 509/420/396
f 502/421/397 505/419/395 368/393/371 366/392/370
f 369/110/108 371/108/106 509/420/396 506/422/398
f 499/423/399 502/421/397 366/392/370 364/390/368
f 367/112/110 369/110/108 506/422/398 503/424/400
f 496/425/401 499/423/399 364/390/368 362/388/366
f 365/114/112 367/112/110 503/424/400 500/426/402
f 493/427/403 496/425/401 362/388/366 360/386/364
f 363/116/114 365/114/112 500/426/402 497/428/404
f 490/429/405 493/427/403 360/386/364 358/385/362
f 361/118/116 363/116/114 497/428/404 494/430/406
f 487/431/407 490/432/405 358/382/362 356/380/360
f 359/120/118 361/118/116 494/430/406 491/433/408
f 484/434/409 487/431/407 356/380/360 354/378/358
f 357/122/120 359/125/118 491/435/408 488/436/410
f 481/437/411 484/434/409 354/378/358 352/376/356
f 355/126/122 357/122/120 488/436/410 485/438/412
f 478/439/413 481/437/411 352/376/356 350/374/354
f 353/128/124 355/126/122 485/438/412 482/440/414
f 475/441/415 478/439/413 350/374/354 348/372/352
f 351/130/126 353/128/124 482/440/414 479/442/416
f 472/443/417 475/441/415 348/372/352 346/370/350
f 349/132/128 351/130/126 479/442/416 476/444/418
f 469/445/419 472/443/417 346/370/350 344/368/348
f 347/134/130 349/132/128 476/444/418 473/446/420
f 466/447/421 469/445/419 344/368/348 342/366/346
f 345/136/132 347/134/130 473/446/420 470/448/422
f 463/449/423 466/447/421 342/366/346 340/364/344
f 343/138/134 345/136/132 470/448/422 467/450/424
f 460/451/425 463/449/423 340/364/344 338/362/342
f 341/140/136 343/138/134 467/450/424 464/452/426
f 457/453/427 460/451/425 338/362/342 336/360/340
f 339/142/138 341/140/136 464/452/426 461/454/428
f 454/455/429 457/453/427 336/360/340 334/359/338
f 337/144/140 339/142/138 461/454/428 458/456/430
f 451/457/431 454/458/429 334/356/338 332/353/336
f 335/355/145 337/144/140 458/456/430 455/459/432
f 448/460/433 451/457/431 332/353/336 330/351/334
f 333/146/142 335/149/145 455/461/432 452/462/434
f 445/463/435 448/460/433 330/351/334 328/349/332
f 331/150/146 333/146/142 452/462/434 449/464/436
f 442/465/437 445/463/435 328/349/332 326/347/330
f 329/152/148 331/150/146 449/464/436 446/466/438
f 439/467/439 442/465/437 326/347/330 324/345/328
f 327/154/150 329/152/148 446/466/438 443/468/440
f 436/469/441 439/467/439 324/345/328 322/343/326
f 325/156/152 327/154/150 443/468/440 440/470/442
f 433/471/443 436/469/441 322/343/326 320/341/324
f 323/158/154 325/156/152 440/470/442 437/472/444
f 430/473/445 433/471/443 320/341/324 318/339/322
f 321/160/156 323/158/154 437/472/444 434/474/446
f 427/475/447 430/473/445 318/339/322 316/337/320
f 319/162/158 321/160/156 434/474/446 431/476/448
f 424/477/449 427/475/447 316/337/320 314/335/318
f 317/164/160 319/162/158 431/476/448 428/478/450
f 421/479/451 424/477/449 314/335/318 312/333/316
f 315/166/162 317/164/160 428/478/450 425/480/452
f 418/481/453 421/479/451 312/333/316 310/332/314
f 313/168/164 315/166/162 425/480/452 422/482/454
f 415/483/455 418/484/453 310/329/314 308/327/312
f 311/170/166 313/168/164 422/482/454 419/485/456
f 412/486/457 415/483/455 308/327/312 306/325/310
f 309/172/168 311/175/166 419/487/456 416/488/458
f 409/489/459 412/486/457 306/325/310 304/323/308
f 307/176/170 309/172/168 416/488/458 413/490/460
f 406/491/461 409/489/459 304/323/308 302/321/306
f 305/178/172 307/176/170 413/490/460 410/492/462
f 403/493/463 406/491/461 302/321/306 300/319/304
f 303/180/174 305/178/172 410/492/462 407/494/464
f 400/495/465 403/493/463 300/319/304 298/317/302
f 301/182/176 303/180/174 407/494/464 404/496/466
f 397/497/467 400/495/465 298/317/302 296/315/300
f 299/184/178 301/182/176 404/496/466 401/498/468
f 394/499/469 397/497/467 296/315/300 294/313/298
f 297/186/180 299/184/178 401/498/468 398/500/470
f 391/501/471 394/499/469 294/313/298 292/311/296
f 295/188/182 297/186/180 398/500/470 395/502/472
f 388/503/473 391/501/471 292/311/296 290/309/294
f 293/190/184 295/188/182 395/502/472 392/504/474
f 385/407/384 388/503/473 290/309/294 288/308/293
f 291/196/190 293/190/184 392/504/474 389/505/475
f 381/101/99 286/506/92 382/507/476 524/411/387
f 289/97/95 291/196/190 389/505/475 386/508/477
f 381/101/99 239/100/98 238/509/93 286/506/92
f 383/510/383 523/511/382 525/512/478 384/513/479
f 384/513/479 525/512/478 524/411/387 382/507/476
f 523/511/382 520/514/385 522/515/480 525/512/478
f 525/512/478 522/515/480 521/412/388 524/411/387
f 520/514/385 517/516/386 519/517/481 522/515/480
f 522/515/480 519/517/481 518/414/390 521/412/388
f 517/516/386 514/518/389 516/519/482 519/517/481
f 519/517/481 516/519/482 515/416/392 518/414/390
f 514/518/389 511/520/391 513/521/483 516/519/482
f 516/519/482 513/521/483 512/418/394 515/416/392
f 511/520/391 508/522/393 510/523/484 513/521/483
f 513/521/483 510/523/484 509/420/396 512/418/394
f 508/522/393 505/524/395 507/525/485 510/523/484
f 510/523/484 507/525/485 506/422/398 509/420/396
f 505/524/395 502/526/397 504/527/486 507/525/485
f 507/525/485 504/527/486 503/424/400 506/422/398
f 502/526/397 499/528/399 501/529/487 504/527/486
f 504/527/486 501/529/487 500/426/402 503/424/400
f 499/528/399 496/530/401 498/531/488 501/529/487
f 501/529/487 498/531/488 497/428/404 500/426/402
f 496/530/401 493/532/403 495/533/489 498/531/488
f 498/531/488 495/533/489 494/430/406 497/428/404
f 493/532/403 490/534/405 492/535/490 495/533/489
f 495/533/489 492/535/490 491/433/408 494/430/406
f 490/536/405 487/537/407 489/538/491 492/539/490
f 492/539/490 489/538/491 488/436/410 491/435/408
f 487/537/407 484/540/409 486/541/492 489/538/491
f 489/538/491 486/541/492 485/438/412 488/436/410
f 484/540/409 481/542/411 483/543/493 486/541/492
f 486/541/492 483/543/493 482/440/414 485/438/412
f 481/542/411 478/544/413 480/545/494 483/543/493
f 483/543/493 480/545/494 479/442/416 482/440/414
f 478/544/413 475/546/415 477/547/495 480/545/494
f 480/545/494 477/547/495 476/444/418 479/442/416
f 475/546/415 472/548/417 474/549/496 477/547/495
f 477/547/495 474/549/496 473/446/420 476/444/418
f 472/548/417 469/550/419 471/551/497 474/549/496
f 474/549/496 471/551/497 470/448/422 473/446/420
f 469/550/419 466/552/421 468/553/498 471/551/497
f 471/551/497 468/553/498 467/450/424 470/448/422
f 466/552/421 463/554/423 465/555/499 468/553/498
f 468/553/498 465/555/499 464/452/426 467/450/424
f 463/554/423 460/556/425 462/557/500 465/555/499
f 465/555/499 462/557/500 461/454/428 464/452/426
f 460/556/425 457/558/427 459/559/501 462/557/500
f 462/557/500 459/559/501 458/456/430 461/454/428
f 457/558/427 454/560/429 456/561/502 459/559/501
f 459/559/501 456/561/502 455/459/432 458/456/430
f 454/562/429 451/563/431 453/564/503 456/565/502
f 456/565/502 453/564/503 452/462/434 455/461/432
f 451/563/431 448/566/433 450/567/504 453/564/503
f 453/564/503 450/567/504 449/464/436 452/462/434
f 448/566/433 445/568/435 447/569/505 450/567/504
f 450/567/504 447/569/505 446/466/438 449/464/436
f 445/568/435 442/570/437 444/571/506 447/569/505
f 447/569/505 444/571/506 443/468/440 446/466/438
f 442/570/437 439/572/439 441/573/507 444/571/506
f 444/571/506 441/573/507 440/470/442 443/468/440
f 439/572/439 436/574/441 438/575/508 441/573/507
f 441/573/507 438/575/508 437/472/444 440/470/442
f 436/574/441 433/576/443 435/577/509 438/575/508
f 438/575/508 435/577/509 434/474/446 437/472/444
f 433/576/443 430/578/445 432/579/510 435/577/509
f 435/577/509 432/579/510 431/476/448 434/474/446
f 430/578/445 427/580/447 429/581/511 432/579/510
f 432/579/510 429/581/511 428/478/450 431/476/448
f 427/580/447 424/582/449 426/583/512 429/581/511
f 429/581/511 426/583/512 425/480/452 428/478/450
f 424/582/449 421/584/451 423/585/513 426/583/512
f 426/583/512 423/585/513 422/482/454 425/480/452
f 421/584/451 418/586/453 420/587/514 423/585/513
f 423/585/513 420/587/514 419/485/456 422/482/454
f 418/588/453 415/589/455 417/590/515 420/591/514
f 420/591/514 417/590/515 416/488/458 419/487/456
f 415/589/455 412/592/457 414/593/516 417/590/515
f 417/590/515 414/593/516 413/490/460 416/488/458
f 412/592/457 409/594/459 411/595/517 414/593/516
f 414/593/516 411/595/517 410/492/462 413/490/460
f 409/594/459 406/596/461 408/597/518 411/595/517
f 411/595/517 408/597/518 407/494/464 410/492/462
f 406/596/461 403/598/463 405/599/519 408/597/518
f 408/597/518 405/599/519 404/496/466 407/494/464
f 403/598/463 400/600/465 402/601/520 405/599/519
f 405/599/519 402/601/520 401/498/468 404/496/466
f 400/600/465 397/602/467 399/603/521 402/601/520
f 402/601/520 399/603/521 398/500/470 401/498/468
f 397/602/467 394/604/469 396/605/522 399/603/521
f 399/603/521 396/605/522 395/502/472 398/500/470
f 394/604/469 391/606/471 393/607/523 396/605/522
f 396/605/522 393/607/523 392/504/474 395/502/472
f 391/606/471 388/608/473 390/609/524 393/607/523
f 393/607/523 390/609/524 389/505/475 392/504/474
f 388/608/473 385/610/384 387/611/525 390/609/524
f 390/609/524 387/611/525 386/508/477 389/505/475
f 385/610/384 383/612/383 384/613/479 387/611/525
f 387/611/525 384/613/479 382/614/476 386/508/477
f 286/94/92 289/97/95 386/508/477 382/614/476
f 129/334/317 128/336/319 560/615/526 561/616/527
f 116/363/343 115/365/345 547/617/528 548/618/529
f 103/391/369 102/192/186 534/195/189 535/619/530
f 130/331/315 129/334/317 561/616/527 562/620/3
f 117/361/341 116/363/343 548/618/529 549/621/531
f 104/389/367 103/391/369 535/619/530 536/622/532
f 131/328/313 130/330/315 562/623/3 563/624/533
f 118/358/339 117/361/341 549/621/531 550/625/534
f 105/387/365 104/389/367 536/622/532 537/626/535
f 132/326/311 131/328/313 563/624/533 564/627/536
f 119/354/337 118/357/339 550/628/534 551/629/537
f 106/384/363 105/387/365 537/626/535 538/630/11
f 133/324/309 132/326/311 564/627/536 565/631/538
f 120/352/335 119/354/337 551/629/537 552/632/539
f 107/381/361 106/383/363 538/633/11 539/634/540
f 134/322/307 133/324/309 565/631/538 566/635/541
f 121/350/333 120/352/335 552/632/539 553/636/542
f 108/379/359 107/381/361 539/634/540 540/637/543
f 135/320/305 134/322/307 566/635/541 567/638/544
f 95/303/288 94/306/291 526/639/545 527/640/546
f 122/348/331 121/350/333 553/636/542 554/641/72
f 109/377/357 108/379/359 540/637/543 541/642/547
f 136/318/303 135/320/305 567/638/544 568/643/548
f 96/403/381 95/303/288 527/640/546 528/644/549
f 123/346/329 122/348/331 554/641/72 555/645/550
f 110/375/355 109/377/357 541/642/547 542/646/551
f 137/316/301 136/318/303 568/643/548 569/647/552
f 97/401/379 96/403/381 528/644/549 529/648/553
f 124/344/327 123/346/329 555/645/550 556/649/554
f 111/373/353 110/375/355 542/646/551 543/650/555
f 138/314/299 137/316/301 569/647/552 570/651/42
f 98/399/377 97/401/379 529/648/553 530/652/64
f 125/342/325 124/344/327 556/649/554 557/653/556
f 112/371/351 111/373/353 543/650/555 544/654/557
f 139/312/297 138/314/299 570/651/42 571/655/558
f 99/397/375 98/399/377 530/652/64 531/656/559
f 126/340/323 125/342/325 557/653/556 558/657/560
f 113/369/349 112/371/351 544/654/557 545/658/561
f 140/310/295 139/312/297 571/655/558 572/659/562
f 100/395/373 99/397/375 531/656/559 532/660/563
f 127/338/321 126/340/323 558/657/560 559/661/564
f 114/367/347 113/369/349 545/658/561 546/662/34
f 141/307/292 140/310/295 572/659/562 573/663/565
f 101/193/187 100/395/373 532/660/563 533/194/188
f 128/336/319 127/338/321 559/661/564 560/615/526
f 115/365/345 114/367/347 546/662/34 547/617/528
f 94/664/291 141/307/292 573/663/565 526/665/545
f 94/664/291 287/408/290 288/308/293 141/307/292
f 165/666/565 166/667/545 598/668/545 597/669/565
f 152/670/526 153/671/527 585/672/527 584/673/526
f 179/674/540 180/675/543 612/676/543 611/677/540
f 166/678/545 167/679/546 599/680/546 598/681/545
f 153/671/527 154/682/3 586/683/3 585/672/527
f 180/675/543 181/684/547 613/685/547 612/676/543
f 167/679/546 168/686/549 600/687/549 599/680/546
f 154/688/3 155/689/533 587/690/533 586/691/3
f 181/684/547 182/692/551 614/693/551 613/685/547
f 168/686/549 169/694/553 601/695/553 600/687/549
f 155/689/533 156/696/536 588/697/536 587/690/533
f 182/692/551 183/698/555 615/699/555 614/693/551
f 143/700/534 142/701/537 574/702/537 575/703/534
f 169/694/553 170/704/64 602/705/64 601/695/553
f 156/696/536 157/706/538 589/707/538 588/697/536
f 183/698/555 184/708/557 616/709/557 615/699/555
f 142/701/537 144/710/539 576/711/539 574/702/537
f 170/704/64 171/712/559 603/713/559 602/705/64
f 157/706/538 158/714/541 590/715/541 589/707/538
f 184/708/557 185/716/561 617/717/561 616/709/557
f 144/710/539 145/718/542 577/719/542 576/711/539
f 171/712/559 172/720/563 604/721/563 603/713/559
f 158/714/541 159/722/544 591/723/544 590/715/541
f 185/716/561 186/724/34 618/725/34 617/717/561
f 145/718/542 146/726/72 578/727/72 577/719/542
f 172/720/563 173/728/188 605/729/188 604/721/563
f 159/722/544 160/730/548 592/731/548 591/723/544
f 186/724/34 187/732/528 619/733/528 618/725/34
f 146/726/72 147/734/550 579/735/550 578/727/72
f 173/728/188 174/736/189 606/737/189 605/729/188
f 160/730/548 161/738/552 593/739/552 592/731/548
f 187/732/528 188/740/529 620/741/529 619/733/528
f 147/734/550 148/742/554 580/743/554 579/735/550
f 174/736/189 175/744/530 607/745/530 606/737/189
f 161/738/552 162/746/42 594/747/42 593/739/552
f 188/740/529 189/748/531 621/749/531 620/741/529
f 148/742/554 149/750/556 581/751/556 580/743/554
f 175/744/530 176/752/532 608/753/532 607/745/530
f 162/746/42 163/754/558 595/755/558 594/747/42
f 189/748/531 143/756/534 575/757/534 621/749/531
f 149/750/556 150/758/560 582/759/560 581/751/556
f 176/752/532 177/760/535 609/761/535 608/753/532
f 163/754/558 164/762/562 596/763/562 595/755/558
f 150/758/560 151/764/564 583/765/564 582/759/560
f 177/760/535 178/766/11 610/767/11 609/761/535
f 164/762/562 165/666/565 597/669/565 596/763/562
f 151/764/564 152/670/526 584/673/526 583/765/564
f 178/768/11 179/674/540 611/677/540 610/769/11
f 239/100/98 191/198/192 190/201/195 238/509/93
f 637/770/542 684/771/566 639/772/567 622/773/534
f 624/774/557 645/775/568 648/776/569 625/777/547
f 625/777/547 648/776/569 651/778/570 626/779/11
f 626/779/11 651/778/570 654/780/571 627/781/530
f 627/781/530 654/780/571 657/782/572 628/783/563
f 628/783/563 657/782/572 660/784/573 629/785/553
f 629/785/553 660/784/573 663/786/574 630/787/545
f 630/787/545 663/786/574 666/788/575 631/789/558
f 631/789/558 666/788/575 669/790/576 632/791/548
f 632/791/548 669/790/576 672/792/577 633/793/538
f 633/793/538 672/792/577 675/794/578 634/795/3
f 634/796/3 675/797/578 678/798/579 635/799/564
f 635/799/564 678/798/579 681/800/580 636/801/554
f 636/801/554 681/800/580 684/771/566 637/770/542
f 622/773/534 639/772/567 642/802/581 623/803/528
f 623/803/528 642/802/581 645/775/568 624/774/557
f 642/804/581 639/805/567 640/806/582 643/807/583
f 643/807/583 640/806/582 638/808/584 641/809/585
f 645/810/568 642/804/581 643/807/583 646/811/586
f 646/811/586 643/807/583 641/809/585 644/812/587
f 648/813/569 645/810/568 646/811/586 649/814/588
f 649/814/588 646/811/586 644/812/587 647/815/589
f 651/816/570 648/813/569 649/814/588 652/817/590
f 652/817/590 649/814/588 647/815/589 650/818/591
f 654/819/571 651/816/570 652/817/590 655/820/592
f 655/820/592 652/817/590 650/818/591 653/821/593
f 657/822/572 654/819/571 655/820/592 658/823/594
f 658/823/594 655/820/592 653/821/593 656/824/595
f 660/825/573 657/822/572 658/823/594 661/826/596
f 661/826/596 658/823/594 656/824/595 659/827/597
f 663/828/574 660/825/573 661/826/596 664/829/598
f 664/829/598 661/826/596 659/827/597 662/830/599
f 666/831/575 663/828/574 664/829/598 667/832/600
f 667/832/600 664/829/598 662/830/599 665/833/601
f 669/834/576 666/831/575 667/832/600 670/835/602
f 670/835/602 667/832/600 665/833/601 668/836/603
f 672/837/577 669/834/576 670/835/602 673/838/604
f 673/838/604 670/835/602 668/836/603 671/839/605
f 675/840/578 672/837/577 673/838/604 676/841/606
f 676/841/606 673/838/604 671/839/605 674/842/607
f 678/843/579 675/840/578 676/841/606 679/844/608
f 679/844/608 676/841/606 674/842/607 677/845/609
f 681/846/580 678/843/579 679/844/608 682/847/610
f 682/847/610 679/844/608 677/845/609 680/848/611
f 684/849/566 681/846/580 682/847/610 685/850/612
f 685/850/612 682/847/610 680/848/611 683/851/613
f 639/805/567 684/849/566 685/850/612 640/806/582
f 640/806/582 685/850/612 683/851/613 638/808/584
f 665/833/601 662/830/599 686/852/21
f 662/830/599 659/827/597 686/852/21
f 659/827/597 656/824/595 686/852/21
f 656/824/595 653/821/593 686/852/21
f 638/808/584 683/851/613 686/852/21
f 653/821/593 650/818/591 686/852/21
f 650/818/591 647/815/589 686/852/21
f 647/815/589 644/812/587 686/852/21
f 644/812/587 641/809/585 686/852/21
f 641/809/585 638/808/584 686/852/21
f 683/851/613 680/848/611 686/852/21
f 680/848/611 677/845/609 686/852/21
f 677/845/609 674/842/607 686/852/21
f 674/842/607 671/839/605 686/852/21
f 671/839/605 668/836/603 686/852/21
f 668/836/603 665/833/601 686/852/21
f 634/853/614 635/854/614 700/855/614 699/856/614
f 627/857/614 628/858/614 693/859/614 692/860/614
f 635/854/614 636/861/614 701/862/614 700/855/614
f 628/858/614 629/863/614 694/864/614 693/859/614
f 636/861/614 637/865/614 702/866/614 701/862/614
f 629/863/614 630/867/614 695/868/614 694/864/614
f 622/869/614 623/870/614 688/871/614 687/872/614
f 637/865/614 622/869/614 687/872/614 702/866/614
f 630/867/614 631/873/614 696/874/614 695/868/614
f 623/870/614 624/875/614 689/876/614 688/871/614
f 631/873/614 632/877/614 697/878/614 696/874/614
f 624/875/614 625/879/614 690/880/614 689/876/614
f 632/877/614 633/881/614 698/882/614 697/878/614
f 625/879/614 626/883/614 691/884/614 690/880/614
f 633/881/614 634/853/614 699/856/614 698/882/614
f 626/883/614 627/857/614 692/860/614 691/884/614
f 687/885/534 688/886/528 704/887/528 703/888/534
f 702/889/542 687/885/534 703/888/534 718/890/542
f 695/891/545 696/892/558 712/893/558 711/894/545
f 688/886/528 689/895/557 705/896/557 704/887/528
f 696/892/558 697/897/548 713/898/548 712/893/558
f 689/895/557 690/899/547 706/900/547 705/896/557
f 697/897/548 698/901/538 714/902/538 713/898/548
f 690/899/547 691/903/11 707/904/11 706/900/547
f 698/901/538 699/905/3 715/906/3 714/902/538
f 691/903/11 692/907/530 708/908/530 707/904/11
f 699/909/3 700/910/564 716/911/564 715/912/3
f 692/907/530 693/913/563 709/914/563 708/908/530
f 700/910/564 701/915/554 717/916/554 716/911/564
f 693/913/563 694/917/553 710/918/553 709/914/563
f 701/915/554 702/889/542 718/890/542 717/916/554
f 694/917/553 695/891/545 711/894/545 710/918/553
f 734/919/558 719/920/545 736/921/574 781/922/575
f 721/923/563 722/924/530 745/925/571 742/926/572
f 722/924/530 723/927/11 748/928/570 745/925/571
f 723/927/11 724/929/547 751/930/569 748/928/570
f 724/929/547 725/931/557 754/932/568 751/930/569
f 725/931/557 726/933/528 757/934/581 754/932/568
f 726/933/528 727/935/534 760/936/567 757/934/581
f 727/935/534 728/937/542 763/938/566 760/936/567
f 728/937/542 729/939/554 766/940/580 763/938/566
f 729/939/554 730/941/564 769/942/579 766/940/580
f 730/941/564 731/943/3 772/944/578 769/942/579
f 731/945/3 732/946/538 775/947/577 772/948/578
f 732/946/538 733/949/548 778/950/576 775/947/577
f 733/949/548 734/919/558 781/922/575 778/950/576
f 719/920/545 720/951/553 739/952/573 736/921/574
f 720/951/553 721/923/563 742/926/572 739/952/573
f 739/953/573 740/954/615 737/955/598 736/956/574
f 740/954/615 738/957/597 735/958/599 737/955/598
f 742/959/572 743/960/594 740/954/615 739/953/573
f 743/960/594 741/961/595 738/957/597 740/954/615
f 745/962/571 746/963/592 743/960/594 742/959/572
f 746/963/592 744/964/593 741/961/595 743/960/594
f 748/965/570 749/966/590 746/963/592 745/962/571
f 749/966/590 747/967/591 744/964/593 746/963/592
f 751/968/569 752/969/616 749/966/590 748/965/570
f 752/969/616 750/970/589 747/967/591 749/966/590
f 754/971/568 755/972/617 752/969/616 751/968/569
f 755/972/617 753/973/587 750/970/589 752/969/616
f 757/974/581 758/975/583 755/972/617 754/971/568
f 758/975/583 756/976/585 753/973/587 755/972/617
f 760/977/567 761/978/582 758/975/583 757/974/581
f 761/978/582 759/979/584 756/976/585 758/975/583
f 763/980/566 764/981/612 761/978/582 760/977/567
f 764/981/612 762/982/613 759/979/584 761/978/582
f 766/983/580 767/984/618 764/981/612 763/980/566
f 767/984/618 765/985/611 762/982/613 764/981/612
f 769/986/579 770/987/608 767/984/618 766/983/580
f 770/987/608 768/988/609 765/985/611 767/984/618
f 772/989/578 773/990/619 770/987/608 769/986/579
f 773/990/619 771/991/607 768/988/609 770/987/608
f 775/992/577 776/993/620 773/990/619 772/989/578
f 776/993/620 774/994/605 771/991/607 773/990/619
f 778/995/576 779/996/602 776/993/620 775/992/577
f 779/996/602 777/997/603 774/994/605 776/993/620
f 781/998/575 782/999/621 779/996/602 778/995/576
f 782/999/621 780/1000/601 777/997/603 779/996/602
f 736/956/574 737/955/598 782/999/621 781/998/575
f 737/955/598 735/958/599 780/1000/601 782/999/621
f 762/982/613 783/1001/21 759/979/584
f 759/979/584 783/1001/21 756/976/585
f 756/976/585 783/1001/21 753/973/587
f 753/973/587 783/1001/21 750/970/589
f 735/958/599 783/1001/21 780/1000/601
f 750/970/589 783/1001/21 747/967/591
f 747/967/591 783/1001/21 744/964/593
f 744/964/593 783/1001/21 741/961/595
f 741/961/595 783/1001/21 738/957/597
f 738/957/597 783/1001/21 735/958/599
f 780/1000/601 783/1001/21 777/997/603
f 777/997/603 783/1001/21 774/994/605
f 774/994/605 783/1001/21 771/991/607
f 771/991/607 783/1001/21 768/988/609
f 768/988/609 783/1001/21 765/985/611
f 765/985/611 783/1001/21 762/982/613
f 731/1002/614 796/1003/614 797/1004/614 732/1005/614
f 724/1006/614 789/1007/614 790/1008/614 725/1009/614
f 732/1005/614 797/1004/614 798/1010/614 733/1011/614
f 725/1009/614 790/1008/614 791/1012/614 726/1013/614
f 733/1011/614 798/1010/614 799/1014/614 734/1015/614
f 726/1013/614 791/1012/614 792/1016/614 727/1017/614
f 719/1018/614 784/1019/614 785/1020/614 720/1021/614
f 734/1015/614 799/1014/614 784/1019/614 719/1018/614
f 727/1017/614 792/1016/614 793/1022/614 728/1023/614
f 720/1021/614 785/1020/614 786/1024/614 721/1025/614
f 728/1023/614 793/1022/614 794/1026/614 729/1027/614
f 721/1025/614 786/1024/614 787/1028/614 722/1029/614
f 729/1027/614 794/1026/614 795/1030/614 730/1031/614
f 722/1029/614 787/1028/614 788/1032/614 723/1033/614
f 730/1031/614 795/1030/614 796/1003/614 731/1002/614
f 723/1033/614 788/1032/614 789/1007/614 724/1006/614
f 784/1034/545 800/1035/545 801/1036/553 785/1037/553
f 799/1038/558 815/1039/558 800/1035/545 784/1034/545
f 792/1040/534 808/1041/534 809/1042/542 793/1043/542
f 785/1037/553 801/1036/553 802/1044/563 786/1045/563
f 793/1043/542 809/1042/542 810/1046/554 794/1047/554
f 786/1045/563 802/1044/563 803/1048/530 787/1049/530
f 794/1047/554 810/1046/554 811/1050/564 795/1051/564
f 787/1049/530 803/1048/530 804/1052/11 788/1053/11
f 795/1051/564 811/1050/564 812/1054/3 796/1055/3
f 788/1053/11 804/1052/11 805/1056/547 789/1057/547
f 796/1058/3 812/1059/3 813/1060/538 797/1061/538
f 789/1057/547 805/1056/547 806/1062/557 790/1063/557
f 797/1061/538 813/1060/538 814/1064/548 798/1065/548
f 790/1063/557 806/1062/557 807/1066/528 791/1067/528
f 798/1065/548 814/1064/548 815/1039/558 799/1038/558
f 791/1067/528 807/1066/528 808/1041/534 792/1040/534
f 826/1068/622 999/1069/623 1002/1070/624 828/1071/625
f 828/1071/625 1002/1070/624 1005/1072/626 830/1073/627
f 862/1074/628 1053/1075/629 985/1076/630 816/1077/631
f 832/1078/632 1008/1079/633 1011/1080/634 834/1081/635
f 834/1081/635 1011/1080/634 1014/1082/636 836/1083/637
f 824/1084/638 996/1085/639 999/1069/623 826/1068/622
f 838/1086/640 1017/1087/641 1020/1088/642 840/1089/643
f 840/1089/643 1020/1088/642 1023/1090/644 842/1091/645
f 830/1073/627 1005/1072/626 1008/1079/633 832/1078/632
f 844/1092/646 1026/1093/647 1029/1094/648 846/1095/649
f 846/1095/649 1029/1094/648 1032/1096/650 848/1097/651
f 836/1083/637 1014/1082/636 1017/1087/641 838/1086/640
f 850/1098/652 1035/1099/653 1038/1100/654 852/1101/655
f 852/1101/655 1038/1100/654 1041/1102/656 854/1103/657
f 842/1091/645 1023/1090/644 1026/1093/647 844/1092/646
f 856/1104/658 1044/1105/659 1047/1106/660 858/1107/661
f 858/1107/661 1047/1106/660 1050/1108/662 860/1109/663
f 848/1097/651 1032/1096/650 1035/1099/653 850/1098/652
f 816/1110/631 985/1111/630 987/1112/664 818/1113/665
f 987/1112/664 990/1114/666 820/1115/667 818/1113/665
f 854/1103/657 1041/1102/656 1044/1105/659 856/1104/658
f 947/1116/668 937/1117/669 878/1118/670 879/1119/671
f 860/1109/663 1050/1108/662 1053/1075/629 862/1074/628
f 822/1120/672 993/1121/673 996/1085/639 824/1084/638
f 946/1122/674 936/1123/675 873/1124/676 874/1125/677
f 948/1126/678 938/1127/679 883/1128/680 884/1129/681
f 949/1130/682 939/1131/683 866/1132/684 867/1133/685
f 950/1134/686 940/1135/687 871/1136/688 872/1137/689
f 951/1138/690 941/1139/691 876/1140/692 877/1141/693
f 952/1142/694 942/1143/695 864/1144/696 865/1145/697
f 953/1146/698 943/1147/699 881/1148/700 882/1149/701
f 954/1150/702 944/1151/703 886/1152/704 887/1153/705
f 955/1154/706 945/1155/707 869/1156/708 870/1157/709
f 956/1158/710 946/1122/674 874/1125/677 875/1159/711
f 957/1160/712 947/1116/668 879/1119/671 880/1161/713
f 958/1162/714 948/1126/678 884/1129/681 885/1163/715
f 959/1164/716 949/1130/682 867/1133/685 868/1165/717
f 936/1123/675 950/1134/686 872/1137/689 873/1124/676
f 937/1117/669 951/1138/690 877/1141/693 878/1118/670
f 938/1127/679 953/1146/698 882/1149/701 883/1128/680
f 942/1143/695 954/1150/702 887/1153/705 864/1144/696
f 939/1131/683 952/1142/694 865/1145/697 866/1132/684
f 940/1135/687 955/1154/706 870/1157/709 871/1136/688
f 941/1139/691 956/1158/710 875/1159/711 876/1140/692
f 943/1147/699 957/1160/712 880/1161/713 881/1148/700
f 944/1151/703 958/1162/714 885/1163/715 886/1152/704
f 945/1155/707 959/1164/716 868/1165/717 869/1156/708
f 827/1166/718 825/1167/719 911/1168/720 907/1169/721
f 861/1170/722 859/1171/723 910/1172/724 905/1173/725
f 851/1174/726 849/1175/727 909/1176/728 903/1177/729
f 841/1178/730 839/1179/731 908/1180/732 899/1181/733
f 831/1182/734 829/1183/735 906/1184/736 897/1185/737
f 821/1186/738 819/1187/739 900/1188/740 895/1189/741
f 817/1190/742 863/1191/743 904/1192/744 901/1193/745
f 855/1194/746 853/1195/747 902/1196/748 893/1197/749
f 845/1198/750 843/1199/751 898/1200/752 891/1201/753
f 835/1202/754 833/1203/755 896/1204/756 889/1205/757
f 825/1167/719 823/1206/758 894/1207/759 911/1168/720
f 859/1171/723 857/1208/760 892/1209/761 910/1172/724
f 849/1175/727 847/1210/762 890/1211/763 909/1176/728
f 839/1179/731 837/1212/764 888/1213/765 908/1180/732
f 829/1183/735 827/1166/718 907/1169/721 906/1184/736
f 863/1191/743 861/1170/722 905/1173/725 904/1192/744
f 853/1195/747 851/1174/726 903/1177/729 902/1196/748
f 819/1187/739 817/1190/742 901/1193/745 900/1188/740
f 843/1199/751 841/1178/730 899/1181/733 898/1200/752
f 833/1203/755 831/1182/734 897/1185/737 896/1204/756
f 823/1206/758 821/1186/738 895/1189/741 894/1207/759
f 857/1208/760 855/1194/746 893/1197/749 892/1209/761
f 837/1212/764 835/1202/754 889/1205/757 888/1213/765
f 847/1210/762 845/1198/750 891/1201/753 890/1211/763
f 983/1214/766 973/1215/767 935/1216/768 921/1217/769
f 982/1218/770 972/1219/771 934/1220/772 920/1221/773
f 981/1222/774 971/1223/775 933/1224/776 919/1225/777
f 979/1226/778 970/1227/779 932/1228/780 917/1229/781
f 978/1230/782 969/1231/783 931/1232/784 916/1233/785
f 977/1234/786 966/1235/787 928/1236/788 915/1237/789
f 980/1238/790 968/1239/791 930/1240/792 918/1241/793
f 976/1242/794 967/1243/795 929/1244/796 914/1245/797
f 975/1246/798 965/1247/799 927/1248/800 913/1249/801
f 974/1250/802 964/1251/803 926/1252/804 912/1253/805
f 973/1215/767 963/1254/806 925/1255/807 935/1216/768
f 972/1219/771 962/1256/808 924/1257/809 934/1220/772
f 971/1223/775 961/1258/810 923/1259/811 933/1224/776
f 970/1227/779 960/1260/812 922/1261/813 932/1228/780
f 969/1231/783 983/1214/766 921/1217/769 931/1232/784
f 968/1239/791 982/1218/770 920/1221/773 930/1240/792
f 967/1243/795 981/1222/774 919/1225/777 929/1244/796
f 966/1235/787 980/1238/790 918/1241/793 928/1236/788
f 965/1247/799 979/1226/778 917/1229/781 927/1248/800
f 964/1251/803 978/1230/782 916/1233/785 926/1252/804
f 963/1254/806 977/1234/786 915/1237/789 925/1255/807
f 962/1256/808 976/1242/794 914/1245/797 924/1257/809
f 960/1260/812 974/1250/802 912/1253/805 922/1261/813
f 961/1258/810 975/1246/798 913/1249/801 923/1259/811
f 1051/1262/814 861/1170/722 863/1191/743 1054/1263/815
f 1048/1264/816 859/1171/723 861/1170/722 1051/1262/814
f 1045/1265/817 857/1208/760 859/1171/723 1048/1264/816
f 1042/1266/818 855/1194/746 857/1208/760 1045/1265/817
f 1039/1267/819 853/1195/747 855/1194/746 1042/1266/818
f 1036/1268/820 851/1174/726 853/1195/747 1039/1267/819
f 1033/1269/821 849/1175/727 851/1174/726 1036/1268/820
f 1030/1270/822 847/1210/762 849/1175/727 1033/1269/821
f 1027/1271/823 845/1198/750 847/1210/762 1030/1270/822
f 1024/1272/824 843/1199/751 845/1198/750 1027/1271/823
f 1021/1273/825 841/1178/730 843/1199/751 1024/1272/824
f 1018/1274/826 839/1179/731 841/1178/730 1021/1273/825
f 1015/1275/827 837/1212/764 839/1179/731 1018/1274/826
f 1012/1276/828 835/1202/754 837/1212/764 1015/1275/827
f 1009/1277/829 833/1203/755 835/1202/754 1012/1276/828
f 1006/1278/830 831/1182/734 833/1203/755 1009/1277/829
f 1003/1279/831 829/1183/735 831/1182/734 1006/1278/830
f 1000/1280/832 827/1166/718 829/1183/735 1003/1279/831
f 997/1281/833 825/1167/719 827/1166/718 1000/1280/832
f 994/1282/834 823/1206/758 825/1167/719 997/1281/833
f 991/1283/835 821/1186/738 823/1206/758 994/1282/834
f 988/1284/836 819/1187/739 821/1186/738 991/1283/835
f 984/1285/837 817/1190/742 819/1187/739 988/1284/836
f 921/1217/769 935/1216/768 959/1164/716 945/1155/707
f 920/1221/773 934/1220/772 958/1162/714 944/1151/703
f 919/1225/777 933/1224/776 957/1160/712 943/1147/699
f 917/1229/781 932/1228/780 956/1158/710 941/1139/691
f 916/1233/785 931/1232/784 955/1154/706 940/1135/687
f 915/1237/789 928/1236/788 952/1142/694 939/1131/683
f 918/1241/793 930/1240/792 954/1150/702 942/1143/695
f 914/1245/797 929/1244/796 953/1146/698 938/1127/679
f 913/1249/801 927/1248/800 951/1138/690 937/1117/669
f 912/1253/805 926/1252/804 950/1134/686 936/1123/675
f 935/1216/768 925/1255/807 949/1130/682 959/1164/716
f 934/1220/772 924/1257/809 948/1126/678 958/1162/714
f 933/1224/776 923/1259/811 947/1116/668 957/1160/712
f 932/1228/780 922/1261/813 946/1122/674 956/1158/710
f 931/1232/784 921/1217/769 945/1155/707 955/1154/706
f 930/1240/792 920/1221/773 944/1151/703 954/1150/702
f 929/1244/796 919/1225/777 943/1147/699 953/1146/698
f 928/1236/788 918/1241/793 942/1143/695 952/1142/694
f 927/1248/800 917/1229/781 941/1139/691 951/1138/690
f 926/1252/804 916/1233/785 940/1135/687 950/1134/686
f 925/1255/807 915/1237/789 939/1131/683 949/1130/682
f 924/1257/809 914/1245/797 938/1127/679 948/1126/678
f 922/1261/813 912/1253/805 936/1123/675 946/1122/674
f 923/1259/811 913/1249/801 937/1117/669 947/1116/668
f 890/1211/763 891/1201/753 975/1246/798 961/1258/810
f 888/1213/765 889/1205/757 974/1250/802 960/1260/812
f 892/1209/761 893/1197/749 976/1242/794 962/1256/808
f 894/1207/759 895/1189/741 977/1234/786 963/1254/806
f 896/1204/756 897/1185/737 978/1230/782 964/1251/803
f 898/1200/752 899/1181/733 979/1226/778 965/1247/799
f 900/1188/740 901/1193/745 980/1238/790 966/1235/787
f 902/1196/748 903/1177/729 981/1222/774 967/1243/795
f 904/1192/744 905/1173/725 982/1218/770 968/1239/791
f 906/1184/736 907/1169/721 983/1214/766 969/1231/783
f 908/1180/732 888/1213/765 960/1260/812 970/1227/779
f 909/1176/728 890/1211/763 961/1258/810 971/1223/775
f 910/1172/724 892/1209/761 962/1256/808 972/1219/771
f 911/1168/720 894/1207/759 963/1254/806 973/1215/767
f 889/1205/757 896/1204/756 964/1251/803 974/1250/802
f 891/1201/753 898/1200/752 965/1247/799 975/1246/798
f 893/1197/749 902/1196/748 967/1243/795 976/1242/794
f 901/1193/745 904/1192/744 968/1239/791 980/1238/790
f 895/1189/741 900/1188/740 966/1235/787 977/1234/786
f 897/1185/737 906/1184/736 969/1231/783 978/1230/782
f 899/1181/733 908/1180/732 970/1227/779 979/1226/778
f 903/1177/729 909/1176/728 971/1223/775 981/1222/774
f 905/1173/725 910/1172/724 972/1219/771 982/1218/770
f 907/1169/721 911/1168/720 973/1215/767 983/1214/766
f 1054/1286/815 984/1287/837 986/1288/838 1055/1289/839
f 1055/1289/839 986/1288/838 985/1076/630 1053/1075/629
f 1051/1290/814 1054/1286/815 1055/1289/839 1052/1291/840
f 1052/1291/840 1055/1289/839 1053/1075/629 1050/1108/662
f 1048/1292/816 1051/1290/814 1052/1291/840 1049/1293/841
f 1049/1293/841 1052/1291/840 1050/1108/662 1047/1106/660
f 1045/1294/817 1048/1292/816 1049/1293/841 1046/1295/842
f 1046/1295/842 1049/1293/841 1047/1106/660 1044/1105/659
f 1042/1296/818 1045/1294/817 1046/1295/842 1043/1297/843
f 1043/1297/843 1046/1295/842 1044/1105/659 1041/1102/656
f 1039/1298/819 1042/1296/818 1043/1297/843 1040/1299/844
f 1040/1299/844 1043/1297/843 1041/1102/656 1038/1100/654
f 1036/1300/820 1039/1298/819 1040/1299/844 1037/1301/845
f 1037/1301/845 1040/1299/844 1038/1100/654 1035/1099/653
f 1033/1302/821 1036/1300/820 1037/1301/845 1034/1303/846
f 1034/1303/846 1037/1301/845 1035/1099/653 1032/1096/650
f 1030/1304/822 1033/1302/821 1034/1303/846 1031/1305/847
f 1031/1305/847 1034/1303/846 1032/1096/650 1029/1094/648
f 1027/1306/823 1030/1304/822 1031/1305/847 1028/1307/848
f 1028/1307/848 1031/1305/847 1029/1094/648 1026/1093/647
f 1024/1308/824 1027/1306/823 1028/1307/848 1025/1309/849
f 1025/1309/849 1028/1307/848 1026/1093/647 1023/1090/644
f 1021/1310/825 1024/1308/824 1025/1309/849 1022/1311/850
f 1022/1311/850 1025/1309/849 1023/1090/644 1020/1088/642
f 1018/1312/826 1021/1310/825 1022/1311/850 1019/1313/851
f 1019/1313/851 1022/1311/850 1020/1088/642 1017/1087/641
f 1015/1314/827 1018/1312/826 1019/1313/851 1016/1315/852
f 1016/1315/852 1019/1313/851 1017/1087/641 1014/1082/636
f 1012/1316/828 1015/1314/827 1016/1315/852 1013/1317/853
f 1013/1317/853 1016/1315/852 1014/1082/636 1011/1080/634
f 1009/1318/829 1012/1316/828 1013/1317/853 1010/1319/854
f 1010/1319/854 1013/1317/853 1011/1080/634 1008/1079/633
f 1006/1320/830 1009/1318/829 1010/1319/854 1007/1321/855
f 1007/1321/855 1010/1319/854 1008/1079/633 1005/1072/626
f 1003/1322/831 1006/1320/830 1007/1321/855 1004/1323/856
f 1004/1323/856 1007/1321/855 1005/1072/626 1002/1070/624
f 1000/1324/832 1003/1322/831 1004/1323/856 1001/1325/857
f 1001/1325/857 1004/1323/856 1002/1070/624 999/1069/623
f 997/1326/833 1000/1324/832 1001/1325/857 998/1327/858
f 998/1327/858 1001/1325/857 999/1069/623 996/1085/639
f 994/1328/834 997/1326/833 998/1327/858 995/1329/859
f 995/1329/859 998/1327/858 996/1085/639 993/1121/673
f 991/1330/835 994/1328/834 995/1329/859 992/1331/860
f 992/1331/860 995/1329/859 993/1121/673 990/1114/666
f 988/1332/836 991/1330/835 992/1331/860 989/1333/861
f 989/1333/861 992/1331/860 990/1114/666 987/1112/664
f 984/1334/837 988/1332/836 989/1333/861 986/1335/838
f 986/1335/838 989/1333/861 987/1112/664 985/1111/630
f 1054/1263/815 863/1191/743 817/1190/742 984/1285/837
f 1129/1336/862 1128/1337/863 1101/1338/864 1099/1339/865
f 1057/1340/866 1151/1341/867 1150/1342/868 1059/1343/869
f 1150/1342/868 1148/1344/870 1061/1345/871 1059/1343/869
f 1148/1344/870 1147/1346/872 1063/1347/873 1061/1345/871
f 1147/1346/872 1146/1348/874 1065/1349/875 1063/1347/873
f 1146/1348/874 1145/1350/876 1067/1351/877 1065/1349/875
f 1145/1350/876 1144/1352/878 1069/1353/879 1067/1351/877
f 1144/1352/878 1143/1354/880 1071/1355/881 1069/1353/879
f 1143/1354/880 1142/1356/882 1073/1357/883 1071/1355/881
f 1142/1356/882 1141/1358/884 1075/1359/885 1073/1357/883
f 1141/1358/884 1140/1360/886 1077/1361/887 1075/1359/885
f 1140/1360/886 1139/1362/888 1079/1363/889 1077/1361/887
f 1139/1362/888 1138/1364/890 1081/1365/891 1079/1363/889
f 1138/1364/890 1137/1366/892 1083/1367/893 1081/1365/891
f 1137/1366/892 1136/1368/894 1085/1369/895 1083/1367/893
f 1136/1368/894 1135/1370/896 1087/1371/897 1085/1369/895
f 1135/1370/896 1134/1372/898 1089/1373/899 1087/1371/897
f 1134/1372/898 1133/1374/900 1091/1375/901 1089/1373/899
f 1133/1374/900 1132/1376/902 1093/1377/903 1091/1375/901
f 1132/1376/902 1131/1378/904 1095/1379/905 1093/1377/903
f 1131/1378/904 1130/1380/906 1097/1381/907 1095/1379/905
f 1130/1380/906 1129/1336/862 1099/1339/865 1097/1381/907
f 1163/1382/908 1119/1383/909 1118/1384/910 1153/1385/911
f 1058/1386/912 1060/1387/913 1148/1344/870 1150/1342/868
f 1149/1388/914 1151/1341/867 1057/1340/866 1103/1389/915
f 1162/1390/916 1114/1391/917 1113/1392/918 1152/1393/919
f 1164/1394/920 1124/1395/921 1123/1396/922 1154/1397/923
f 1165/1398/924 1107/1399/925 1106/1400/926 1155/1401/927
f 1166/1402/928 1112/1403/929 1111/1404/930 1156/1405/931
f 1167/1406/932 1117/1407/933 1116/1408/934 1157/1409/935
f 1168/1410/936 1105/1411/937 1104/1412/938 1158/1413/939
f 1169/1414/940 1122/1415/941 1121/1416/942 1159/1417/943
f 1170/1418/944 1127/1419/945 1126/1420/946 1160/1421/947
f 1171/1422/948 1110/1423/949 1109/1424/950 1161/1425/951
f 1172/1426/952 1115/1427/953 1114/1391/917 1162/1390/916
f 1173/1428/954 1120/1429/955 1119/1383/909 1163/1382/908
f 1174/1430/956 1125/1431/957 1124/1395/921 1164/1394/920
f 1175/1432/958 1108/1433/959 1107/1399/925 1165/1398/924
f 1152/1393/919 1113/1392/918 1112/1403/929 1166/1402/928
f 1153/1385/911 1118/1384/910 1117/1407/933 1167/1406/932
f 1154/1397/923 1123/1396/922 1122/1415/941 1169/1414/940
f 1158/1413/939 1104/1412/938 1127/1419/945 1170/1418/944
f 1155/1401/927 1106/1400/926 1105/1411/937 1168/1410/936
f 1156/1405/931 1111/1404/930 1110/1423/949 1171/1422/948
f 1157/1409/935 1116/1408/934 1115/1427/953 1172/1426/952
f 1159/1417/943 1121/1416/942 1120/1429/955 1173/1428/954
f 1160/1421/947 1126/1420/946 1125/1431/957 1174/1430/956
f 1161/1425/951 1109/1424/950 1108/1433/959 1175/1432/958
f 1067/1351/877 1161/1425/951 1175/1432/958 1065/1349/875
f 1101/1338/864 1160/1421/947 1174/1430/956 1099/1339/865
f 1091/1375/901 1159/1417/943 1173/1428/954 1089/1373/899
f 1081/1365/891 1157/1409/935 1172/1426/952 1079/1363/889
f 1071/1355/881 1156/1405/931 1171/1422/948 1069/1353/879
f 1061/1345/871 1155/1401/927 1168/1410/936 1059/1343/869
f 1057/1340/866 1158/1413/939 1170/1418/944 1103/1389/915
f 1095/1379/905 1154/1397/923 1169/1414/940 1093/1377/903
f 1085/1369/895 1153/1385/911 1167/1406/932 1083/1367/893
f 1075/1359/885 1152/1393/919 1166/1402/928 1073/1357/883
f 1175/1432/958 1165/1398/924 1063/1347/873 1065/1349/875
f 1174/1430/956 1164/1394/920 1097/1381/907 1099/1339/865
f 1173/1428/954 1163/1382/908 1087/1371/897 1089/1373/899
f 1172/1426/952 1162/1390/916 1077/1361/887 1079/1363/889
f 1171/1422/948 1161/1425/951 1067/1351/877 1069/1353/879
f 1170/1418/944 1160/1421/947 1101/1338/864 1103/1389/915
f 1169/1414/940 1159/1417/943 1091/1375/901 1093/1377/903
f 1168/1410/936 1158/1413/939 1057/1340/866 1059/1343/869
f 1167/1406/932 1157/1409/935 1081/1365/891 1083/1367/893
f 1166/1402/928 1156/1405/931 1071/1355/881 1073/1357/883
f 1165/1398/924 1155/1401/927 1061/1345/871 1063/1347/873
f 1164/1394/920 1154/1397/923 1095/1379/905 1097/1381/907
f 1162/1390/916 1152/1393/919 1075/1359/885 1077/1361/887
f 1128/1337/863 1149/1388/914 1103/1389/915 1101/1338/864
f 1163/1382/908 1153/1385/911 1085/1369/895 1087/1371/897
f 1056/1434/960 1058/1386/912 1150/1342/868 1151/1341/867
f 1100/1435/961 1102/1436/962 1149/1388/914 1128/1337/863
f 1098/1437/963 1100/1435/961 1128/1337/863 1129/1336/862
f 1096/1438/964 1098/1437/963 1129/1336/862 1130/1380/906
f 1094/1439/965 1096/1438/964 1130/1380/906 1131/1378/904
f 1092/1440/966 1094/1439/965 1131/1378/904 1132/1376/902
f 1090/1441/967 1092/1440/966 1132/1376/902 1133/1374/900
f 1088/1442/968 1090/1441/967 1133/1374/900 1134/1372/898
f 1086/1443/969 1088/1442/968 1134/1372/898 1135/1370/896
f 1084/1444/970 1086/1443/969 1135/1370/896 1136/1368/894
f 1082/1445/971 1084/1444/970 1136/1368/894 1137/1366/892
f 1080/1446/972 1082/1445/971 1137/1366/892 1138/1364/890
f 1078/1447/973 1080/1446/972 1138/1364/890 1139/1362/888
f 1076/1448/974 1078/1447/973 1139/1362/888 1140/1360/886
f 1074/1449/975 1076/1448/974 1140/1360/886 1141/1358/884
f 1072/1450/976 1074/1449/975 1141/1358/884 1142/1356/882
f 1070/1451/977 1072/1450/976 1142/1356/882 1143/1354/880
f 1068/1452/978 1070/1451/977 1143/1354/880 1144/1352/878
f 1066/1453/979 1068/1452/978 1144/1352/878 1145/1350/876
f 1064/1454/980 1066/1453/979 1145/1350/876 1146/1348/874
f 1062/1455/981 1064/1454/980 1146/1348/874 1147/1346/872
f 1060/1387/913 1062/1455/981 1147/1346/872 1148/1344/870
f 1102/1436/962 1056/1434/960 1151/1341/867 1149/1388/914
f 816/1456/982 818/1457/983 1058/1458/983 1056/1459/982
f 818/1457/983 820/1460/984 1060/1461/984 1058/1458/983
f 820/1460/984 822/1462/985 1062/1463/985 1060/1461/984
f 822/1462/985 824/1464/986 1064/1465/986 1062/1463/985
f 824/1464/986 826/1466/987 1066/1467/987 1064/1465/986
f 826/1466/987 828/1468/988 1068/1469/988 1066/1467/987
f 828/1468/988 830/1470/989 1070/1471/989 1068/1469/988
f 830/1470/989 832/1472/990 1072/1473/990 1070/1471/989
f 832/1472/990 834/1474/991 1074/1475/991 1072/1473/990
f 834/1474/991 836/1476/992 1076/1477/992 1074/1475/991
f 836/1476/992 838/1478/993 1078/1479/993 1076/1477/992
f 838/1478/993 840/1480/994 1080/1481/994 1078/1479/993
f 840/1480/994 842/1482/995 1082/1483/995 1080/1481/994
f 842/1482/995 844/1484/996 1084/1485/996 1082/1483/995
f 844/1484/996 846/1486/997 1086/1487/997 1084/1485/996
f 846/1486/997 848/1488/998 1088/1489/998 1086/1487/997
f 848/1488/998 850/1490/999 1090/1491/999 1088/1489/998
f 850/1490/999 852/1492/1000 1092/1493/1000 1090/1491/999
f 852/1492/1000 854/1494/1001 1094/1495/1001 1092/1493/1000
f 854/1494/1001 856/1496/1002 1096/1497/1002 1094/1495/1001
f 856/1496/1002 858/1498/1003 1098/1499/1003 1096/1497/1002
f 858/1498/1003 860/1500/1004 1100/1501/1004 1098/1499/1003
f 860/1500/1004 862/1502/1005 1102/1503/1005 1100/1501/1004
f 862/1502/1005 816/1456/982 1056/1459/982 1102/1503/1005
f 865/1504/697 864/1505/696 1104/1506/938 1105/1507/937
f 866/1508/684 865/1504/697 1105/1507/937 1106/1509/926
f 867/1510/685 866/1508/684 1106/1509/926 1107/1511/925
f 868/1512/717 867/1510/685 1107/1511/925 1108/1513/959
f 869/1514/708 868/1512/717 1108/1513/959 1109/1515/950
f 870/1516/709 869/1514/708 1109/1515/950 1110/1517/949
f 871/1518/688 870/1516/709 1110/1517/949 1111/1519/930
f 872/1520/689 871/1518/688 1111/1519/930 1112/1521/929
f 873/1522/676 872/1520/689 1112/1521/929 1113/1523/918
f 874/1524/677 873/1522/676 1113/1523/918 1114/1525/917
f 875/1526/711 874/1524/677 1114/1525/917 1115/1527/953
f 876/1528/692 875/1526/711 1115/1527/953 1116/1529/934
f 877/1530/693 876/1528/692 1116/1529/934 1117/1531/933
f 878/1532/670 877/1530/693 1117/1531/933 1118/1533/910
f 879/1534/671 878/1532/670 1118/1533/910 1119/1535/909
f 880/1536/713 879/1534/671 1119/1535/909 1120/1537/955
f 881/1538/700 880/1536/713 1120/1537/955 1121/1539/942
f 882/1540/701 881/1538/700 1121/1539/942 1122/1541/941
f 883/1542/680 882/1540/701 1122/1541/941 1123/1543/922
f 884/1544/681 883/1542/680 1123/1543/922 1124/1545/921
f 885/1546/715 884/1544/681 1124/1545/921 1125/1547/957
f 886/1548/704 885/1546/715 1125/1547/957 1126/1549/946
f 887/1550/705 886/1548/704 1126/1549/946 1127/1551/945
f 864/1552/696 887/1550/705 1127/1551/945 1104/1553/938
f 820/1115/667 990/1114/666 993/1121/673 822/1120/672
f 1186/1554/1006 1188/1555/1007 1362/1556/1008 1359/1557/1009
f 1188/1555/1007 1190/1558/1010 1365/1559/1011 1362/1556/1008
f 1222/1560/1012 1176/1561/1013 1345/1562/1014 1413/1563/1015
f 1192/1564/1016 1194/1565/1017 1371/1566/1018 1368/1567/1019
f 1194/1565/1017 1196/1568/1020 1374/1569/1021 1371/1566/1018
f 1184/1570/1022 1186/1554/1006 1359/1557/1009 1356/1571/1023
f 1198/1572/1024 1200/1573/1025 1380/1574/1026 1377/1575/1027
f 1200/1573/1025 1202/1576/1028 1383/1577/1029 1380/1574/1026
f 1190/1558/1010 1192/1564/1016 1368/1567/1019 1365/1559/1011
f 1204/1578/1030 1206/1579/1031 1389/1580/1032 1386/1581/1033
f 1206/1579/1031 1208/1582/1034 1392/1583/1035 1389/1580/1032
f 1196/1568/1020 1198/1572/1024 1377/1575/1027 1374/1569/1021
f 1210/1584/1036 1212/1585/1037 1398/1586/1038 1395/1587/1039
f 1212/1585/1037 1214/1588/1040 1401/1589/1041 1398/1586/1038
f 1202/1576/1028 1204/1578/1030 1386/1581/1033 1383/1577/1029
f 1216/1590/1042 1218/1591/1043 1407/1592/1044 1404/1593/1045
f 1218/1591/1043 1220/1594/1046 1410/1595/1047 1407/1592/1044
f 1208/1582/1034 1210/1584/1036 1395/1587/1039 1392/1583/1035
f 1176/1596/1013 1178/1597/1048 1347/1598/1049 1345/1599/1014
f 1347/1598/1049 1178/1597/1048 1180/1600/1050 1350/1601/1051
f 1214/1588/1040 1216/1590/1042 1404/1593/1045 1401/1589/1041
f 1307/1602/1052 1239/1603/1053 1238/1604/1054 1297/1605/1055
f 1220/1594/1046 1222/1560/1012 1413/1563/1015 1410/1595/1047
f 1182/1606/1056 1184/1570/1022 1356/1571/1023 1353/1607/1057
f 1306/1608/1058 1234/1609/1059 1233/1610/1060 1296/1611/1061
f 1308/1612/1062 1244/1613/1063 1243/1614/1064 1298/1615/1065
f 1309/1616/1066 1227/1617/1067 1226/1618/1068 1299/1619/1069
f 1310/1620/1070 1232/1621/1071 1231/1622/1072 1300/1623/1073
f 1311/1624/1074 1237/1625/1075 1236/1626/1076 1301/1627/1077
f 1312/1628/1078 1225/1629/1079 1224/1630/1080 1302/1631/1081
f 1313/1632/1082 1242/1633/1083 1241/1634/1084 1303/1635/1085
f 1314/1636/1086 1247/1637/1087 1246/1638/1088 1304/1639/1089
f 1315/1640/1090 1230/1641/1091 1229/1642/1092 1305/1643/1093
f 1316/1644/1094 1235/1645/1095 1234/1609/1059 1306/1608/1058
f 1317/1646/1096 1240/1647/1097 1239/1603/1053 1307/1602/1052
f 1318/1648/1098 1245/1649/1099 1244/1613/1063 1308/1612/1062
f 1319/1650/1100 1228/1651/1101 1227/1617/1067 1309/1616/1066
f 1296/1611/1061 1233/1610/1060 1232/1621/1071 1310/1620/1070
f 1297/1605/1055 1238/1604/1054 1237/1625/1075 1311/1624/1074
f 1298/1615/1065 1243/1614/1064 1242/1633/1083 1313/1632/1082
f 1302/1631/1081 1224/1630/1080 1247/1637/1087 1314/1636/1086
f 1299/1619/1069 1226/1618/1068 1225/1629/1079 1312/1628/1078
f 1300/1623/1073 1231/1622/1072 1230/1641/1091 1315/1640/1090
f 1301/1627/1077 1236/1626/1076 1235/1645/1095 1316/1644/1094
f 1303/1635/1085 1241/1634/1084 1240/1647/1097 1317/1646/1096
f 1304/1639/1089 1246/1638/1088 1245/1649/1099 1318/1648/1098
f 1305/1643/1093 1229/1642/1092 1228/1651/1101 1319/1650/1100
f 1187/1652/1102 1267/1653/1103 1271/1654/1104 1185/1655/1105
f 1221/1656/1106 1265/1657/1107 1270/1658/1108 1219/1659/1109
f 1211/1660/1110 1263/1661/1111 1269/1662/1112 1209/1663/1113
f 1201/1664/1114 1259/1665/1115 1268/1666/1116 1199/1667/1117
f 1191/1668/1118 1257/1669/1119 1266/1670/1120 1189/1671/1121
f 1181/1672/1122 1255/1673/1123 1260/1674/1124 1179/1675/1125
f 1177/1676/1126 1261/1677/1127 1264/1678/1128 1223/1679/1129
f 1215/1680/1130 1253/1681/1131 1262/1682/1132 1213/1683/1133
f 1205/1684/1134 1251/1685/1135 1258/1686/1136 1203/1687/1137
f 1195/1688/1138 1249/1689/1139 1256/1690/1140 1193/1691/1141
f 1185/1655/1105 1271/1654/1104 1254/1692/1142 1183/1693/1143
f 1219/1659/1109 1270/1658/1108 1252/1694/1144 1217/1695/1145
f 1209/1663/1113 1269/1662/1112 1250/1696/1146 1207/1697/1147
f 1199/1667/1117 1268/1666/1116 1248/1698/1148 1197/1699/1149
f 1189/1671/1121 1266/1670/1120 1267/1653/1103 1187/1652/1102
f 1223/1679/1129 1264/1678/1128 1265/1657/1107 1221/1656/1106
f 1213/1683/1133 1262/1682/1132 1263/1661/1111 1211/1660/1110
f 1179/1675/1125 1260/1674/1124 1261/1677/1127 1177/1676/1126
f 1203/1687/1137 1258/1686/1136 1259/1665/1115 1201/1664/1114
f 1193/1691/1141 1256/1690/1140 1257/1669/1119 1191/1668/1118
f 1183/1693/1143 1254/1692/1142 1255/1673/1123 1181/1672/1122
f 1217/1695/1145 1252/1694/1144 1253/1681/1131 1215/1680/1130
f 1197/1699/1149 1248/1698/1148 1249/1689/1139 1195/1688/1138
f 1207/1697/1147 1250/1696/1146 1251/1685/1135 1205/1684/1134
f 1343/1700/1150 1281/1701/1151 1295/1702/1152 1333/1703/1153
f 1342/1704/1154 1280/1705/1155 1294/1706/1156 1332/1707/1157
f 1341/1708/1158 1279/1709/1159 1293/1710/1160 1331/1711/1161
f 1339/1712/1162 1277/1713/1163 1292/1714/1164 1330/1715/1165
f 1338/1716/1166 1276/1717/1167 1291/1718/1168 1329/1719/1169
f 1337/1720/1170 1275/1721/1171 1288/1722/1172 1326/1723/1173
f 1340/1724/1174 1278/1725/1175 1290/1726/1176 1328/1727/1177
f 1336/1728/1178 1274/1729/1179 1289/1730/1180 1327/1731/1181
f 1335/1732/1182 1273/1733/1183 1287/1734/1184 1325/1735/1185
f 1334/1736/1186 1272/1737/1187 1286/1738/1188 1324/1739/1189
f 1333/1703/1153 1295/1702/1152 1285/1740/1190 1323/1741/1191
f 1332/1707/1157 1294/1706/1156 1284/1742/1192 1322/1743/1193
f 1331/1711/1161 1293/1710/1160 1283/1744/1194 1321/1745/1195
f 1330/1715/1165 1292/1714/1164 1282/1746/1196 1320/1747/1197
f 1329/1719/1169 1291/1718/1168 1281/1701/1151 1343/1700/1150
f 1328/1727/1177 1290/1726/1176 1280/1705/1155 1342/1704/1154
f 1327/1731/1181 1289/1730/1180 1279/1709/1159 1341/1708/1158
f 1326/1723/1173 1288/1722/1172 1278/1725/1175 1340/1724/1174
f 1325/1735/1185 1287/1734/1184 1277/1713/1163 1339/1712/1162
f 1324/1739/1189 1286/1738/1188 1276/1717/1167 1338/1716/1166
f 1323/1741/1191 1285/1740/1190 1275/1721/1171 1337/1720/1170
f 1322/1743/1193 1284/1742/1192 1274/1729/1179 1336/1728/1178
f 1320/1747/1197 1282/1746/1196 1272/1737/1187 1334/1736/1186
f 1321/1745/1195 1283/1744/1194 1273/1733/1183 1335/1732/1182
f 1411/1748/1198 1414/1749/1199 1223/1679/1129 1221/1656/1106
f 1408/1750/1200 1411/1748/1198 1221/1656/1106 1219/1659/1109
f 1405/1751/1201 1408/1750/1200 1219/1659/1109 1217/1695/1145
f 1402/1752/1202 1405/1751/1201 1217/1695/1145 1215/1680/1130
f 1399/1753/1203 1402/1752/1202 1215/1680/1130 1213/1683/1133
f 1396/1754/1204 1399/1753/1203 1213/1683/1133 1211/1660/1110
f 1393/1755/1205 1396/1754/1204 1211/1660/1110 1209/1663/1113
f 1390/1756/1206 1393/1755/1205 1209/1663/1113 1207/1697/1147
f 1387/1757/1207 1390/1756/1206 1207/1697/1147 1205/1684/1134
f 1384/1758/1208 1387/1757/1207 1205/1684/1134 1203/1687/1137
f 1381/1759/1209 1384/1758/1208 1203/1687/1137 1201/1664/1114
f 1378/1760/1210 1381/1759/1209 1201/1664/1114 1199/1667/1117
f 1375/1761/1211 1378/1760/1210 1199/1667/1117 1197/1699/1149
f 1372/1762/1212 1375/1761/1211 1197/1699/1149 1195/1688/1138
f 1369/1763/1213 1372/1762/1212 1195/1688/1138 1193/1691/1141
f 1366/1764/1214 1369/1763/1213 1193/1691/1141 1191/1668/1118
f 1363/1765/1215 1366/1764/1214 1191/1668/1118 1189/1671/1121
f 1360/1766/1216 1363/1765/1215 1189/1671/1121 1187/1652/1102
f 1357/1767/1217 1360/1766/1216 1187/1652/1102 1185/1655/1105
f 1354/1768/1218 1357/1767/1217 1185/1655/1105 1183/1693/1143
f 1351/1769/1219 1354/1768/1218 1183/1693/1143 1181/1672/1122
f 1348/1770/1220 1351/1769/1219 1181/1672/1122 1179/1675/1125
f 1344/1771/1221 1348/1770/1220 1179/1675/1125 1177/1676/1126
f 1281/1701/1151 1305/1643/1093 1319/1650/1100 1295/1702/1152
f 1280/1705/1155 1304/1639/1089 1318/1648/1098 1294/1706/1156
f 1279/1709/1159 1303/1635/1085 1317/1646/1096 1293/1710/1160
f 1277/1713/1163 1301/1627/1077 1316/1644/1094 1292/1714/1164
f 1276/1717/1167 1300/1623/1073 1315/1640/1090 1291/1718/1168
f 1275/1721/1171 1299/1619/1069 1312/1628/1078 1288/1722/1172
f 1278/1725/1175 1302/1631/1081 1314/1636/1086 1290/1726/1176
f 1274/1729/1179 1298/1615/1065 1313/1632/1082 1289/1730/1180
f 1273/1733/1183 1297/1605/1055 1311/1624/1074 1287/1734/1184
f 1272/1737/1187 1296/1611/1061 1310/1620/1070 1286/1738/1188
f 1295/1702/1152 1319/1650/1100 1309/1616/1066 1285/1740/1190
f 1294/1706/1156 1318/1648/1098 1308/1612/1062 1284/1742/1192
f 1293/1710/1160 1317/1646/1096 1307/1602/1052 1283/1744/1194
f 1292/1714/1164 1316/1644/1094 1306/1608/1058 1282/1746/1196
f 1291/1718/1168 1315/1640/1090 1305/1643/1093 1281/1701/1151
f 1290/1726/1176 1314/1636/1086 1304/1639/1089 1280/1705/1155
f 1289/1730/1180 1313/1632/1082 1303/1635/1085 1279/1709/1159
f 1288/1722/1172 1312/1628/1078 1302/1631/1081 1278/1725/1175
f 1287/1734/1184 1311/1624/1074 1301/1627/1077 1277/1713/1163
f 1286/1738/1188 1310/1620/1070 1300/1623/1073 1276/1717/1167
f 1285/1740/1190 1309/1616/1066 1299/1619/1069 1275/1721/1171
f 1284/1742/1192 1308/1612/1062 1298/1615/1065 1274/1729/1179
f 1282/1746/1196 1306/1608/1058 1296/1611/1061 1272/1737/1187
f 1283/1744/1194 1307/1602/1052 1297/1605/1055 1273/1733/1183
f 1250/1696/1146 1321/1745/1195 1335/1732/1182 1251/1685/1135
f 1248/1698/1148 1320/1747/1197 1334/1736/1186 1249/1689/1139
f 1252/1694/1144 1322/1743/1193 1336/1728/1178 1253/1681/1131
f 1254/1692/1142 1323/1741/1191 1337/1720/1170 1255/1673/1123
f 1256/1690/1140 1324/1739/1189 1338/1716/1166 1257/1669/1119
f 1258/1686/1136 1325/1735/1185 1339/1712/1162 1259/1665/1115
f 1260/1674/1124 1326/1723/1173 1340/1724/1174 1261/1677/1127
f 1262/1682/1132 1327/1731/1181 1341/1708/1158 1263/1661/1111
f 1264/1678/1128 1328/1727/1177 1342/1704/1154 1265/1657/1107
f 1266/1670/1120 1329/1719/1169 1343/1700/1150 1267/1653/1103
f 1268/1666/1116 1330/1715/1165 1320/1747/1197 1248/1698/1148
f 1269/1662/1112 1331/1711/1161 1321/1745/1195 1250/1696/1146
f 1270/1658/1108 1332/1707/1157 1322/1743/1193 1252/1694/1144
f 1271/1654/1104 1333/1703/1153 1323/1741/1191 1254/1692/1142
f 1249/1689/1139 1334/1736/1186 1324/1739/1189 1256/1690/1140
f 1251/1685/1135 1335/1732/1182 1325/1735/1185 1258/1686/1136
f 1253/1681/1131 1336/1728/1178 1327/1731/1181 1262/1682/1132
f 1261/1677/1127 1340/1724/1174 1328/1727/1177 1264/1678/1128
f 1255/1673/1123 1337/1720/1170 1326/1723/1173 1260/1674/1124
f 1257/1669/1119 1338/1716/1166 1329/1719/1169 1266/1670/1120
f 1259/1665/1115 1339/1712/1162 1330/1715/1165 1268/1666/1116
f 1263/1661/1111 1341/1708/1158 1331/1711/1161 1269/1662/1112
f 1265/1657/1107 1342/1704/1154 1332/1707/1157 1270/1658/1108
f 1267/1653/1103 1343/1700/1150 1333/1703/1153 1271/1654/1104
f 1414/1772/1199 1415/1773/1222 1346/1774/1223 1344/1775/1221
f 1415/1773/1222 1413/1563/1015 1345/1562/1014 1346/1774/1223
f 1411/1776/1198 1412/1777/1224 1415/1773/1222 1414/1772/1199
f 1412/1777/1224 1410/1595/1047 1413/1563/1015 1415/1773/1222
f 1408/1778/1200 1409/1779/1225 1412/1777/1224 1411/1776/1198
f 1409/1779/1225 1407/1592/1044 1410/1595/1047 1412/1777/1224
f 1405/1780/1201 1406/1781/1226 1409/1779/1225 1408/1778/1200
f 1406/1781/1226 1404/1593/1045 1407/1592/1044 1409/1779/1225
f 1402/1782/1202 1403/1783/1227 1406/1781/1226 1405/1780/1201
f 1403/1783/1227 1401/1589/1041 1404/1593/1045 1406/1781/1226
f 1399/1784/1203 1400/1785/1228 1403/1783/1227 1402/1782/1202
f 1400/1785/1228 1398/1586/1038 1401/1589/1041 1403/1783/1227
f 1396/1786/1204 1397/1787/1229 1400/1785/1228 1399/1784/1203
f 1397/1787/1229 1395/1587/1039 1398/1586/1038 1400/1785/1228
f 1393/1788/1205 1394/1789/1230 1397/1787/1229 1396/1786/1204
f 1394/1789/1230 1392/1583/1035 1395/1587/1039 1397/1787/1229
f 1390/1790/1206 1391/1791/1231 1394/1789/1230 1393/1788/1205
f 1391/1791/1231 1389/1580/1032 1392/1583/1035 1394/1789/1230
f 1387/1792/1207 1388/1793/1232 1391/1791/1231 1390/1790/1206
f 1388/1793/1232 1386/1581/1033 1389/1580/1032 1391/1791/1231
f 1384/1794/1208 1385/1795/1233 1388/1793/1232 1387/1792/1207
f 1385/1795/1233 1383/1577/1029 1386/1581/1033 1388/1793/1232
f 1381/1796/1209 1382/1797/1234 1385/1795/1233 1384/1794/1208
f 1382/1797/1234 1380/1574/1026 1383/1577/1029 1385/1795/1233
f 1378/1798/1210 1379/1799/1235 1382/1797/1234 1381/1796/1209
f 1379/1799/1235 1377/1575/1027 1380/1574/1026 1382/1797/1234
f 1375/1800/1211 1376/1801/1236 1379/1799/1235 1378/1798/1210
f 1376/1801/1236 1374/1569/1021 1377/1575/1027 1379/1799/1235
f 1372/1802/1212 1373/1803/1237 1376/1801/1236 1375/1800/1211
f 1373/1803/1237 1371/1566/1018 1374/1569/1021 1376/1801/1236
f 1369/1804/1213 1370/1805/1238 1373/1803/1237 1372/1802/1212
f 1370/1805/1238 1368/1567/1019 1371/1566/1018 1373/1803/1237
f 1366/1806/1214 1367/1807/1239 1370/1805/1238 1369/1804/1213
f 1367/1807/1239 1365/1559/1011 1368/1567/1019 1370/1805/1238
f 1363/1808/1215 1364/1809/1240 1367/1807/1239 1366/1806/1214
f 1364/1809/1240 1362/1556/1008 1365/1559/1011 1367/1807/1239
f 1360/1810/1216 1361/1811/1241 1364/1809/1240 1363/1808/1215
f 1361/1811/1241 1359/1557/1009 1362/1556/1008 1364/1809/1240
f 1357/1812/1217 1358/1813/1242 1361/1811/1241 1360/1810/1216
f 1358/1813/1242 1356/1571/1023 1359/1557/1009 1361/1811/1241
f 1354/1814/1218 1355/1815/1243 1358/1813/1242 1357/1812/1217
f 1355/1815/1243 1353/1607/1057 1356/1571/1023 1358/1813/1242
f 1351/1816/1219 1352/1817/1244 1355/1815/1243 1354/1814/1218
f 1352/1817/1244 1350/1601/1051 1353/1607/1057 1355/1815/1243
f 1348/1818/1220 1349/1819/1245 1352/1817/1244 1351/1816/1219
f 1349/1819/1245 1347/1598/1049 1350/1601/1051 1352/1817/1244
f 1344/1820/1221 1346/1821/1223 1349/1819/1245 1348/1818/1220
f 1346/1821/1223 1345/1599/1014 1347/1598/1049 1349/1819/1245
f 1414/1749/1199 1344/1771/1221 1177/1676/1126 1223/1679/1129
f 1489/1822/1246 1459/1823/1247 1461/1824/1248 1488/1825/1249
f 1417/1826/1250 1419/1827/1251 1510/1828/1252 1511/1829/1253
f 1510/1828/1252 1419/1827/1251 1421/1830/1254 1508/1831/1255
f 1508/1831/1255 1421/1830/1254 1423/1832/1256 1507/1833/1257
f 1507/1833/1257 1423/1832/1256 1425/1834/1258 1506/1835/1259
f 1506/1835/1259 1425/1834/1258 1427/1836/1260 1505/1837/1261
f 1505/1837/1261 1427/1836/1260 1429/1838/1262 1504/1839/1263
f 1504/1839/1263 1429/1838/1262 1431/1840/1264 1503/1841/1265
f 1503/1841/1265 1431/1840/1264 1433/1842/1266 1502/1843/1267
f 1502/1843/1267 1433/1842/1266 1435/1844/1268 1501/1845/1269
f 1501/1845/1269 1435/1844/1268 1437/1846/1270 1500/1847/1271
f 1500/1847/1271 1437/1846/1270 1439/1848/1272 1499/1849/1273
f 1499/1849/1273 1439/1848/1272 1441/1850/1274 1498/1851/1275
f 1498/1851/1275 1441/1850/1274 1443/1852/1276 1497/1853/1277
f 1497/1853/1277 1443/1852/1276 1445/1854/1278 1496/1855/1279
f 1496/1855/1279 1445/1854/1278 1447/1856/1280 1495/1857/1281
f 1495/1857/1281 1447/1856/1280 1449/1858/1282 1494/1859/1283
f 1494/1859/1283 1449/1858/1282 1451/1860/1284 1493/1861/1285
f 1493/1861/1285 1451/1860/1284 1453/1862/1286 1492/1863/1287
f 1492/1863/1287 1453/1862/1286 1455/1864/1288 1491/1865/1289
f 1491/1865/1289 1455/1864/1288 1457/1866/1290 1490/1867/1291
f 1490/1867/1291 1457/1866/1290 1459/1823/1247 1489/1822/1246
f 1523/1868/1292 1513/1869/1293 1478/1870/1294 1479/1871/1295
f 1418/1872/1296 1510/1828/1252 1508/1831/1255 1420/1873/1297
f 1509/1874/1298 1463/1875/1299 1417/1826/1250 1511/1829/1253
f 1522/1876/1300 1512/1877/1301 1473/1878/1302 1474/1879/1303
f 1524/1880/1304 1514/1881/1305 1483/1882/1306 1484/1883/1307
f 1525/1884/1308 1515/1885/1309 1466/1886/1310 1467/1887/1311
f 1526/1888/1312 1516/1889/1313 1471/1890/1314 1472/1891/1315
f 1527/1892/1316 1517/1893/1317 1476/1894/1318 1477/1895/1319
f 1528/1896/1320 1518/1897/1321 1464/1898/1322 1465/1899/1323
f 1529/1900/1324 1519/1901/1325 1481/1902/1326 1482/1903/1327
f 1530/1904/1328 1520/1905/1329 1486/1906/1330 1487/1907/1331
f 1531/1908/1332 1521/1909/1333 1469/1910/1334 1470/1911/1335
f 1532/1912/1336 1522/1876/1300 1474/1879/1303 1475/1913/1337
f 1533/1914/1338 1523/1868/1292 1479/1871/1295 1480/1915/1339
f 1534/1916/1340 1524/1880/1304 1484/1883/1307 1485/1917/1341
f 1535/1918/1342 1525/1884/1308 1467/1887/1311 1468/1919/1343
f 1512/1877/1301 1526/1888/1312 1472/1891/1315 1473/1878/1302
f 1513/1869/1293 1527/1892/1316 1477/1895/1319 1478/1870/1294
f 1514/1881/1305 1529/1900/1324 1482/1903/1327 1483/1882/1306
f 1518/1897/1321 1530/1904/1328 1487/1907/1331 1464/1898/1322
f 1515/1885/1309 1528/1896/1320 1465/1899/1323 1466/1886/1310
f 1516/1889/1313 1531/1908/1332 1470/1911/1335 1471/1890/1314
f 1517/1893/1317 1532/1912/1336 1475/1913/1337 1476/1894/1318
f 1519/1901/1325 1533/1914/1338 1480/1915/1339 1481/1902/1326
f 1520/1905/1329 1534/1916/1340 1485/1917/1341 1486/1906/1330
f 1521/1909/1333 1535/1918/1342 1468/1919/1343 1469/1910/1334
f 1427/1836/1260 1425/1834/1258 1535/1918/1342 1521/1909/1333
f 1461/1824/1248 1459/1823/1247 1534/1916/1340 1520/1905/1329
f 1451/1860/1284 1449/1858/1282 1533/1914/1338 1519/1901/1325
f 1441/1850/1274 1439/1848/1272 1532/1912/1336 1517/1893/1317
f 1431/1840/1264 1429/1838/1262 1531/1908/1332 1516/1889/1313
f 1421/1830/1254 1419/1827/1251 1528/1896/1320 1515/1885/1309
f 1417/1826/1250 1463/1875/1299 1530/1904/1328 1518/1897/1321
f 1455/1864/1288 1453/1862/1286 1529/1900/1324 1514/1881/1305
f 1445/1854/1278 1443/1852/1276 1527/1892/1316 1513/1869/1293
f 1435/1844/1268 1433/1842/1266 1526/1888/1312 1512/1877/1301
f 1535/1918/1342 1425/1834/1258 1423/1832/1256 1525/1884/1308
f 1534/1916/1340 1459/1823/1247 1457/1866/1290 1524/1880/1304
f 1533/1914/1338 1449/1858/1282 1447/1856/1280 1523/1868/1292
f 1532/1912/1336 1439/1848/1272 1437/1846/1270 1522/1876/1300
f 1531/1908/1332 1429/1838/1262 1427/1836/1260 1521/1909/1333
f 1530/1904/1328 1463/1875/1299 1461/1824/1248 1520/1905/1329
f 1529/1900/1324 1453/1862/1286 1451/1860/1284 1519/1901/1325
f 1528/1896/1320 1419/1827/1251 1417/1826/1250 1518/1897/1321
f 1527/1892/1316 1443/1852/1276 1441/1850/1274 1517/1893/1317
f 1526/1888/1312 1433/1842/1266 1431/1840/1264 1516/1889/1313
f 1525/1884/1308 1423/1832/1256 1421/1830/1254 1515/1885/1309
f 1524/1880/1304 1457/1866/1290 1455/1864/1288 1514/1881/1305
f 1522/1876/1300 1437/1846/1270 1435/1844/1268 1512/1877/1301
f 1488/1825/1249 1461/1824/1248 1463/1875/1299 1509/1874/1298
f 1523/1868/1292 1447/1856/1280 1445/1854/1278 1513/1869/1293
f 1416/1920/1344 1511/1829/1253 1510/1828/1252 1418/1872/1296
f 1460/1921/1345 1488/1825/1249 1509/1874/1298 1462/1922/1346
f 1458/1923/1347 1489/1822/1246 1488/1825/1249 1460/1921/1345
f 1456/1924/1348 1490/1867/1291 1489/1822/1246 1458/1923/1347
f 1454/1925/1349 1491/1865/1289 1490/1867/1291 1456/1924/1348
f 1452/1926/1350 1492/1863/1287 1491/1865/1289 1454/1925/1349
f 1450/1927/1351 1493/1861/1285 1492/1863/1287 1452/1926/1350
f 1448/1928/1352 1494/1859/1283 1493/1861/1285 1450/1927/1351
f 1446/1929/1353 1495/1857/1281 1494/1859/1283 1448/1928/1352
f 1444/1930/1354 1496/1855/1279 1495/1857/1281 1446/1929/1353
f 1442/1931/1355 1497/1853/1277 1496/1855/1279 1444/1930/1354
f 1440/1932/1356 1498/1851/1275 1497/1853/1277 1442/1931/1355
f 1438/1933/1357 1499/1849/1273 1498/1851/1275 1440/1932/1356
f 1436/1934/1358 1500/1847/1271 1499/1849/1273 1438/1933/1357
f 1434/1935/1359 1501/1845/1269 1500/1847/1271 1436/1934/1358
f 1432/1936/1360 1502/1843/1267 1501/1845/1269 1434/1935/1359
f 1430/1937/1361 1503/1841/1265 1502/1843/1267 1432/1936/1360
f 1428/1938/1362 1504/1839/1263 1503/1841/1265 1430/1937/1361
f 1426/1939/1363 1505/1837/1261 1504/1839/1263 1428/1938/1362
f 1424/1940/1364 1506/1835/1259 1505/1837/1261 1426/1939/1363
f 1422/1941/1365 1507/1833/1257 1506/1835/1259 1424/1940/1364
f 1420/1873/1297 1508/1831/1255 1507/1833/1257 1422/1941/1365
f 1462/1922/1346 1509/1874/1298 1511/1829/1253 1416/1920/1344
f 1176/1942/1366 1416/1943/1366 1418/1944/1367 1178/1945/1367
f 1178/1945/1367 1418/1944/1367 1420/1946/1368 1180/1947/1368
f 1180/1947/1368 1420/1946/1368 1422/1948/1369 1182/1949/1369
f 1182/1949/1369 1422/1948/1369 1424/1950/1370 1184/1951/1370
f 1184/1951/1370 1424/1950/1370 1426/1952/1371 1186/1953/1371
f 1186/1953/1371 1426/1952/1371 1428/1954/1372 1188/1955/1372
f 1188/1955/1372 1428/1954/1372 1430/1956/1373 1190/1957/1373
f 1190/1957/1373 1430/1956/1373 1432/1958/1374 1192/1959/1374
f 1192/1959/1374 1432/1958/1374 1434/1960/1375 1194/1961/1375
f 1194/1961/1375 1434/1960/1375 1436/1962/1376 1196/1963/1376
f 1196/1963/1376 1436/1962/1376 1438/1964/1377 1198/1965/1377
f 1198/1965/1377 1438/1964/1377 1440/1966/1378 1200/1967/1378
f 1200/1967/1378 1440/1966/1378 1442/1968/1379 1202/1969/1379
f 1202/1969/1379 1442/1968/1379 1444/1970/1380 1204/1971/1380
f 1204/1971/1380 1444/1970/1380 1446/1972/1381 1206/1973/1381
f 1206/1973/1381 1446/1972/1381 1448/1974/1382 1208/1975/1382
f 1208/1975/1382 1448/1974/1382 1450/1976/1383 1210/1977/1383
f 1210/1977/1383 1450/1976/1383 1452/1978/1384 1212/1979/1384
f 1212/1979/1384 1452/1978/1384 1454/1980/1385 1214/1981/1385
f 1214/1981/1385 1454/1980/1385 1456/1982/1386 1216/1983/1386
f 1216/1983/1386 1456/1982/1386 1458/1984/1387 1218/1985/1387
f 1218/1985/1387 1458/1984/1387 1460/1986/1388 1220/1987/1388
f 1220/1987/1388 1460/1986/1388 1462/1988/1389 1222/1989/1389
f 1222/1989/1389 1462/1988/1389 1416/1943/1366 1176/1942/1366
f 1225/1990/1079 1465/1991/1323 1464/1992/1322 1224/1993/1080
f 1226/1994/1068 1466/1995/1310 1465/1991/1323 1225/1990/1079
f 1227/1996/1067 1467/1997/1311 1466/1995/1310 1226/1994/1068
f 1228/1998/1101 1468/1999/1343 1467/1997/1311 1227/1996/1067
f 1229/2000/1092 1469/2001/1334 1468/1999/1343 1228/1998/1101
f 1230/2002/1091 1470/2003/1335 1469/2001/1334 1229/2000/1092
f 1231/2004/1072 1471/2005/1314 1470/2003/1335 1230/2002/1091
f 1232/2006/1071 1472/2007/1315 1471/2005/1314 1231/2004/1072
f 1233/2008/1060 1473/2009/1302 1472/2007/1315 1232/2006/1071
f 1234/2010/1059 1474/2011/1303 1473/2009/1302 1233/2008/1060
f 1235/2012/1095 1475/2013/1337 1474/2011/1303 1234/2010/1059
f 1236/2014/1076 1476/2015/1318 1475/2013/1337 1235/2012/1095
f 1237/2016/1075 1477/2017/1319 1476/2015/1318 1236/2014/1076
f 1238/2018/1054 1478/2019/1294 1477/2017/1319 1237/2016/1075
f 1239/2020/1053 1479/2021/1295 1478/2019/1294 1238/2018/1054
f 1240/2022/1097 1480/2023/1339 1479/2021/1295 1239/2020/1053
f 1241/2024/1084 1481/2025/1326 1480/2023/1339 1240/2022/1097
f 1242/2026/1083 1482/2027/1327 1481/2025/1326 1241/2024/1084
f 1243/2028/1064 1483/2029/1306 1482/2027/1327 1242/2026/1083
f 1244/2030/1063 1484/2031/1307 1483/2029/1306 1243/2028/1064
f 1245/2032/1099 1485/2033/1341 1484/2031/1307 1244/2030/1063
f 1246/2034/1088 1486/2035/1330 1485/2033/1341 1245/2032/1099
f 1247/2036/1087 1487/2037/1331 1486/2035/1330 1246/2034/1088
f 1224/2038/1080 1464/2039/1322 1487/2037/1331 1247/2036/1087
f 1180/1600/1050 1182/1606/1056 1353/1607/1057 1350/1601/1051
f 1601/2040/545 1582/2041/1390 1561/2042/1390 1600/2043/545
f 1592/2044/1391 1571/2045/1392 1562/2046/1393 1581/2047/1394
f 1603/2048/534 1572/2049/1395 1591/2050/1395 1602/2051/534
f 1586/2052/1396 1567/2053/1396 1570/2054/564 1588/2055/564
f 1588/2055/564 1570/2054/564 1569/2056/554 1589/2057/554
f 1589/2058/554 1569/2059/554 1568/2060/1397 1590/2061/1397
f 1662/2062/1398 1663/2063/1398 1566/2064/1399 1587/2065/1399
f 1571/2045/1392 1592/2044/1391 1595/2066/547 1573/2067/547
f 1573/2067/547 1595/2066/547 1594/2068/557 1574/2069/557
f 1574/2070/557 1594/2071/557 1593/2072/528 1575/2073/528
f 1575/2073/528 1593/2072/528 1591/2050/1395 1572/2049/1395
f 1556/2074/1400 1577/2075/1400 1580/2076/538 1558/2077/538
f 1558/2077/538 1580/2076/538 1579/2078/548 1559/2079/548
f 1559/2080/548 1579/2081/548 1578/2082/1401 1560/2083/1401
f 1664/2084/1402 1665/2085/1402 1576/2086/1403 1557/2087/1403
f 1581/2047/1394 1562/2046/1393 1565/2088/530 1583/2089/530
f 1583/2089/530 1565/2088/530 1564/2090/563 1584/2091/563
f 1584/2092/563 1564/2093/563 1563/2094/553 1585/2095/553
f 1585/2095/553 1563/2094/553 1561/2042/1390 1582/2041/1390
f 1576/2086/1403 1597/2096/545 1599/2097/545 1557/2087/1403
f 1605/2098/21 1618/2099/21 1619/2100/21
f 1557/2101/21 1599/2102/1404 1659/2103/1405 1635/2104/21
f 1607/2105/545 1601/2040/545 1600/2043/545 1606/2106/545
f 1605/2107/534 1603/2048/534 1602/2051/534 1604/2108/534
f 1661/2109/1406 1610/2110/1407 1606/2111/1408 1660/2112/1408
f 1609/2113/534 1605/2107/534 1604/2108/534 1608/2114/534
f 1611/2115/545 1607/2105/545 1606/2106/545 1610/2116/545
f 1597/2096/545 1611/2115/545 1610/2116/545 1599/2097/545
f 1598/2117/534 1609/2113/534 1608/2114/534 1596/2118/534
f 1659/2103/1405 1599/2102/1404 1610/2110/1407 1661/2109/1406
f 1613/2119/1409 1542/2120/1409 1536/2121/1410 1612/2122/1410
f 1668/2123/21 1552/2124/21 1555/2125/21
f 1552/2124/1411 1541/2126/1412 1615/2127/1412 1614/2128/1411
f 1616/2129/1413 1547/2130/1413 1551/2131/1414 1617/2132/1414
f 1546/2133/1415 1548/2134/1416 1619/2135/1416 1618/2136/1415
f 1548/2134/1416 1549/2137/1417 1620/2138/1417 1619/2135/1416
f 1549/2137/1417 1550/2139/1418 1621/2140/1419 1620/2138/1417
f 1550/2139/1418 1547/2130/1413 1616/2129/1413 1621/2140/1419
f 1555/2125/1420 1552/2124/1411 1614/2128/1411 1622/2141/1420
f 1554/2142/1421 1555/2125/1420 1622/2141/1420 1623/2143/1421
f 1553/2144/1422 1554/2142/1421 1623/2143/1421 1624/2145/1423
f 1551/2131/1414 1553/2144/1422 1624/2145/1423 1617/2132/1414
f 1540/2146/1424 1537/2147/1425 1625/2148/1425 1626/2149/1424
f 1539/2150/1426 1540/2146/1424 1626/2149/1424 1627/2151/1426
f 1538/2152/1427 1539/2150/1426 1627/2151/1426 1628/2153/1428
f 1536/2121/1410 1538/2152/1427 1628/2153/1428 1612/2122/1410
f 1541/2126/1412 1543/2154/1429 1629/2155/1429 1615/2127/1412
f 1543/2154/1429 1544/2156/1430 1630/2157/1430 1629/2155/1429
f 1544/2156/1430 1545/2158/1431 1631/2159/1432 1630/2157/1430
f 1545/2158/1431 1542/2120/1409 1613/2119/1409 1631/2159/1432
f 1537/2147/1425 1546/2133/1415 1618/2136/1415 1625/2148/1425
f 1606/2160/21 1600/2161/21 1613/2162/21 1612/2163/21
f 1624/2164/21 1572/2165/21 1603/2166/21 1617/2167/21
f 1634/2168/1433 1635/2169/1433 1632/2170/1434 1633/2171/1434
f 1644/2172/1435 1567/2053/1396 1586/2052/1396 1648/2173/1435
f 1633/2174/1434 1632/2175/1434 1638/2176/1436 1639/2177/1436
f 1639/2177/1436 1638/2176/1436 1636/2178/1437 1637/2179/1437
f 1640/2180/1438 1641/2181/1438 1635/2182/1433 1634/2183/1433
f 1642/2184/1439 1643/2185/1439 1641/2181/1438 1640/2180/1438
f 1577/2075/1400 1556/2074/1400 1651/2186/1440 1653/2187/1440
f 1650/2188/1441 1643/2185/1439 1642/2184/1439 1654/2189/1441
f 1636/2178/1437 1645/2190/1442 1647/2191/1442 1637/2179/1437
f 1644/2192/1435 1648/2193/1435 1649/2194/1443 1646/2195/1443
f 1646/2195/1443 1649/2194/1443 1647/2191/1442 1645/2190/1442
f 1653/2196/1440 1651/2197/1440 1652/2198/1444 1655/2199/1444
f 1655/2199/1444 1652/2198/1444 1650/2188/1441 1654/2189/1441
f 1570/2200/21 1567/2201/21 1644/2202/21 1646/2203/21
f 1568/2204/21 1569/2205/21 1645/2206/21 1636/2207/21
f 1664/2208/21 1557/2101/21 1635/2104/21 1641/2209/21
f 1663/2210/21 1568/2204/21 1636/2207/21 1638/2211/21
f 1598/2212/1404 1566/2213/21 1632/2214/21 1658/2215/1405
f 1558/2216/21 1559/2217/21 1650/2218/21 1652/2219/21
f 1556/2220/21 1558/2216/21 1652/2219/21 1651/2221/21
f 1569/2205/21 1570/2200/21 1646/2203/21 1645/2206/21
f 1661/2109/1406 1660/2112/1408 1656/2222/1408 1657/2223/1406
f 1559/2217/21 1560/2224/21 1643/2225/21 1650/2218/21
f 1609/2226/1445 1657/2223/1406 1656/2222/1408 1605/2227/1408
f 1598/2212/1404 1658/2215/1405 1657/2223/1406 1609/2226/1445
f 1659/2103/1405 1658/2215/1405 1632/2214/21 1635/2104/21
f 1566/2064/1399 1598/2117/534 1596/2118/534 1587/2065/1399
f 1658/2215/1405 1659/2103/1405 1661/2109/1406 1657/2223/1406
f 1590/2061/1397 1568/2060/1397 1663/2063/1398 1662/2062/1398
f 1560/2083/1401 1578/2082/1401 1665/2085/1402 1664/2084/1402
f 1566/2213/21 1663/2210/21 1638/2211/21 1632/2214/21
f 1560/2224/21 1664/2208/21 1641/2209/21 1643/2225/21
f 1656/2228/21 1660/2229/21 1625/2230/21 1618/2099/21
f 1605/2098/21 1656/2228/21 1618/2099/21
f 1660/2229/21 1606/2160/21 1626/2231/21 1625/2230/21
f 1626/2231/21 1606/2160/21 1627/2232/21
f 1627/2232/21 1606/2160/21 1628/2233/21
f 1628/2233/21 1606/2160/21 1612/2163/21
f 1605/2098/21 1620/2234/21 1621/2235/21
f 1620/2234/21 1605/2098/21 1619/2100/21
f 1605/2098/21 1621/2235/21 1616/2236/21
f 1603/2166/21 1605/2098/21 1616/2236/21 1617/2167/21
f 1623/2237/21 1575/2238/21 1572/2165/21 1624/2164/21
f 1622/2239/21 1574/2240/21 1575/2238/21 1623/2237/21
f 1614/2241/21 1573/2242/21 1574/2240/21 1622/2239/21
f 1614/2241/21 1571/2243/21 1573/2242/21
f 1615/2244/21 1562/2245/21 1571/2243/21 1614/2241/21
f 1615/2244/21 1565/2246/21 1562/2245/21
f 1629/2247/21 1564/2248/21 1565/2246/21 1615/2244/21
f 1630/2249/21 1563/2250/21 1564/2248/21 1629/2247/21
f 1561/2251/21 1563/2250/21 1630/2249/21 1631/2252/21
f 1600/2161/21 1561/2251/21 1631/2252/21 1613/2162/21
f 1669/2253/21 1541/2126/21 1552/2124/21 1668/2123/21
f 1543/2154/21 1541/2126/21 1669/2253/21
f 1537/2147/21 1667/2254/21 1666/2255/21 1546/2133/21
f 1666/2255/21 1547/2130/21 1550/2139/21
f 1540/2146/21 1667/2254/21 1537/2147/21
f 1667/2254/21 1669/2253/21 1668/2123/21 1666/2255/21
f 1666/2255/21 1668/2123/21 1551/2131/21 1547/2130/21
f 1536/2121/21 1542/2120/21 1669/2253/21 1667/2254/21
f 1668/2123/21 1554/2142/21 1553/2144/21
f 1554/2142/21 1668/2123/21 1555/2125/21
f 1551/2131/21 1668/2123/21 1553/2144/21
f 1666/2255/21 1550/2139/21 1549/2137/21
f 1666/2255/21 1549/2137/21 1548/2134/21
f 1546/2133/21 1666/2255/21 1548/2134/21
f 1539/2150/21 1667/2254/21 1540/2146/21
f 1538/2152/21 1536/2121/21 1667/2254/21
f 1539/2150/21 1538/2152/21 1667/2254/21
f 1542/2120/21 1545/2158/21 1669/2253/21
f 1545/2158/21 1544/2156/21 1669/2253/21
f 1544/2156/21 1543/2154/21 1669/2253/21
f 1670/2256/1446 1703/2257/1447 1702/2258/1448 1672/2259/1449
f 1672/2259/1449 1702/2258/1448 1704/2260/1450 1674/2261/1451
f 1674/2261/1451 1704/2260/1450 1705/2262/1452 1676/2263/1453
f 1676/2263/1453 1705/2262/1452 1706/2264/1454 1678/2265/614
f 1678/2265/614 1706/2264/1454 1707/2266/1455 1680/2267/1456
f 1680/2267/1456 1707/2266/1455 1708/2268/1457 1682/2269/1458
f 1682/2269/1458 1708/2268/1457 1709/2270/1459 1684/2271/1460
f 1684/2271/1460 1709/2270/1459 1710/2272/1461 1686/2273/1462
f 1686/2273/1462 1710/2272/1461 1711/2274/1463 1688/2275/1464
f 1688/2275/1464 1711/2274/1463 1712/2276/1465 1690/2277/1466
f 1690/2277/1466 1712/2276/1465 1713/2278/1467 1692/2279/1468
f 1692/2279/1468 1713/2278/1467 1714/2280/1469 1694/2281/21
f 1694/2281/21 1714/2280/1469 1715/2282/1470 1696/2283/1471
f 1696/2283/1471 1715/2282/1470 1716/2284/1472 1698/2285/1473
f 1687/2286/1462 1685/2287/1460 1725/2288/1460 1726/2289/1462
f 1698/2285/1473 1716/2284/1472 1717/2290/1474 1700/2291/1475
f 1700/2291/1475 1717/2290/1474 1703/2292/1447 1670/2293/1446
f 1671/2294/1476 1673/2295/1476 1702/2296/1448 1703/2297/1447
f 1673/2295/1476 1675/2298/1476 1704/2299/1450 1702/2296/1448
f 1675/2298/1476 1677/2300/1476 1705/2301/1452 1704/2299/1450
f 1677/2300/1476 1679/2302/1476 1706/2303/1454 1705/2301/1452
f 1679/2302/1476 1681/2304/1476 1707/2305/1455 1706/2303/1454
f 1681/2304/1476 1683/2306/1476 1708/2307/1457 1707/2305/1455
f 1683/2306/1476 1685/2308/1476 1709/2309/1459 1708/2307/1457
f 1685/2308/1476 1687/2310/1476 1710/2311/1461 1709/2309/1459
f 1687/2310/1476 1689/2312/1476 1711/2313/1463 1710/2311/1461
f 1689/2312/1476 1691/2314/1476 1712/2315/1465 1711/2313/1463
f 1691/2314/1476 1693/2316/1476 1713/2317/1467 1712/2315/1465
f 1693/2316/1476 1695/2318/1476 1714/2319/1469 1713/2317/1467
f 1695/2318/1476 1697/2320/1476 1715/2321/1470 1714/2319/1469
f 1697/2320/1476 1699/2322/1476 1716/2323/1472 1715/2321/1470
f 1699/2322/1476 1701/2324/1476 1717/2325/1474 1716/2323/1472
f 1701/2324/1476 1671/2294/1476 1703/2297/1447 1717/2325/1474
f 1729/2326/1477 1728/2327/1477 1760/2328/1478 1761/2329/1479
f 1673/2330/1449 1671/2331/1446 1719/2332/1446 1718/2333/1449
f 1671/2334/1446 1701/2335/1475 1733/2336/1475 1719/2337/1446
f 1689/2338/1464 1687/2286/1462 1726/2289/1462 1727/2339/1464
f 1675/2340/1451 1673/2330/1449 1718/2333/1449 1720/2341/1451
f 1691/2342/1466 1689/2338/1464 1727/2339/1464 1728/2343/1466
f 1677/2344/1453 1675/2340/1451 1720/2341/1451 1721/2345/1453
f 1693/2346/1480 1691/2342/1466 1728/2343/1466 1729/2347/1480
f 1679/2348/614 1677/2344/1453 1721/2345/1453 1722/2349/614
f 1695/2350/21 1693/2346/1480 1729/2347/1480 1730/2351/21
f 1681/2352/1481 1679/2348/614 1722/2349/614 1723/2353/1456
f 1697/2354/1471 1695/2350/21 1730/2351/21 1731/2355/1471
f 1683/2356/1458 1681/2352/1481 1723/2353/1456 1724/2357/1458
f 1699/2358/1473 1697/2354/1471 1731/2355/1471 1732/2359/1473
f 1685/2287/1460 1683/2356/1458 1724/2357/1458 1725/2288/1460
f 1701/2335/1475 1699/2358/1473 1732/2359/1473 1733/2336/1475
f 1782/2360/1482 1791/2361/1483 1771/2362/1484 1770/2363/1485
f 1728/2327/1477 1727/2364/1477 1759/2365/1486 1760/2328/1478
f 1783/2366/1487 1782/2360/1482 1770/2363/1485 1769/2367/1488
f 1727/2364/1477 1726/2368/1477 1758/2369/1489 1759/2365/1486
f 1784/2370/1490 1783/2366/1487 1769/2367/1488 1768/2371/1491
f 1726/2368/1477 1725/2372/1477 1757/2373/1492 1758/2369/1489
f 1785/2374/1493 1786/2375/1494 1767/2376/1495 1781/2377/1496
f 1787/2378/1497 1784/2370/1490 1768/2371/1491 1766/2379/1498
f 1725/2372/1477 1724/2380/1477 1756/2381/1499 1757/2373/1492
f 1788/2382/1500 1785/2374/1493 1781/2377/1496 1780/2383/1501
f 1786/2375/1494 1787/2378/1497 1766/2379/1498 1767/2376/1495
f 1724/2380/1477 1723/2384/1477 1755/2385/1502 1756/2381/1499
f 1790/2386/1503 1788/2382/1500 1780/2383/1501 1779/2387/1504
f 1723/2384/1477 1722/2388/1477 1754/2389/1505 1755/2385/1502
f 1789/2390/1506 1790/2386/1503 1779/2387/1504 1778/2391/1507
f 1763/2392/1508 1762/2393/1509 1778/2394/1507 1779/2395/1504
f 1756/2396/1499 1755/2397/1502 1771/2398/1484 1772/2399/1510
f 1764/2400/1511 1763/2392/1508 1779/2395/1504 1780/2401/1501
f 1757/2402/1492 1756/2396/1499 1772/2399/1510 1773/2403/1512
f 1765/2404/1513 1764/2400/1511 1780/2401/1501 1781/2405/1496
f 1758/2406/1489 1757/2402/1492 1773/2403/1512 1774/2407/1514
f 1750/2408/1515 1751/2409/1516 1767/2410/1495 1766/2411/1498
f 1751/2412/1516 1765/2404/1513 1781/2405/1496 1767/2413/1495
f 1759/2414/1486 1758/2406/1489 1774/2407/1514 1775/2415/1517
f 1752/2416/1518 1750/2408/1515 1766/2411/1498 1768/2417/1491
f 1760/2418/1478 1759/2414/1486 1775/2415/1517 1776/2419/1519
f 1753/2420/1520 1752/2416/1518 1768/2417/1491 1769/2421/1488
f 1761/2422/1479 1760/2418/1478 1776/2419/1519 1777/2423/1521
f 1754/2424/1505 1753/2420/1520 1769/2421/1488 1770/2425/1485
f 1762/2393/1509 1761/2422/1479 1777/2423/1521 1778/2394/1507
f 1755/2397/1502 1754/2424/1505 1770/2425/1485 1771/2398/1484
f 1791/2361/1483 1792/2426/1522 1772/2427/1510 1771/2362/1484
f 1730/2428/1477 1729/2326/1477 1761/2329/1479 1762/2429/1509
f 1792/2426/1522 1793/2430/1523 1773/2431/1512 1772/2427/1510
f 1731/2432/1477 1730/2428/1477 1762/2429/1509 1763/2433/1508
f 1793/2430/1523 1794/2434/1524 1774/2435/1514 1773/2431/1512
f 1732/2436/1477 1731/2432/1477 1763/2433/1508 1764/2437/1511
f 1794/2434/1524 1795/2438/1525 1775/2439/1517 1774/2435/1514
f 1718/2440/1477 1719/2441/1477 1751/2442/1516 1750/2443/1515
f 1733/2444/1477 1732/2436/1477 1764/2437/1511 1765/2445/1513
f 1795/2438/1525 1796/2446/1526 1776/2447/1519 1775/2439/1517
f 1720/2448/1477 1718/2440/1477 1750/2443/1515 1752/2449/1518
f 1719/2441/1477 1733/2444/1477 1765/2445/1513 1751/2442/1516
f 1796/2446/1526 1797/2450/1527 1777/2451/1521 1776/2447/1519
f 1721/2452/1477 1720/2448/1477 1752/2449/1518 1753/2453/1520
f 1797/2450/1527 1789/2390/1506 1778/2391/1507 1777/2451/1521
f 1722/2388/1477 1721/2452/1477 1753/2453/1520 1754/2389/1505
f 1745/2454/1528 1746/2455/1529 1789/2390/1506 1797/2450/1527
f 1744/2456/1530 1745/2454/1528 1797/2450/1527 1796/2446/1526
f 1743/2457/1531 1744/2456/1530 1796/2446/1526 1795/2438/1525
f 1742/2458/1532 1743/2457/1531 1795/2438/1525 1794/2434/1524
f 1741/2459/1533 1742/2458/1532 1794/2434/1524 1793/2430/1523
f 1740/2460/1534 1741/2459/1533 1793/2430/1523 1792/2426/1522
f 1739/2461/1535 1740/2460/1534 1792/2426/1522 1791/2361/1483
f 1746/2455/1529 1747/2462/1536 1790/2386/1503 1789/2390/1506
f 1747/2462/1536 1748/2463/1537 1788/2382/1500 1790/2386/1503
f 1735/2464/1538 1734/2465/1539 1787/2378/1497 1786/2375/1494
f 1748/2463/1537 1749/2466/1540 1785/2374/1493 1788/2382/1500
f 1734/2465/1539 1736/2467/1541 1784/2370/1490 1787/2378/1497
f 1749/2466/1540 1735/2464/1538 1786/2375/1494 1785/2374/1493
f 1736/2467/1541 1737/2468/1542 1783/2366/1487 1784/2370/1490
f 1737/2468/1542 1738/2469/1543 1782/2360/1482 1783/2366/1487
f 1738/2469/1543 1739/2461/1535 1791/2361/1483 1782/2360/1482
f 1734/2465/1539 1735/2464/1538 1798/2470/1476
f 1735/2464/1538 1749/2466/1540 1798/2470/1476
f 1743/2457/1531 1742/2458/1532 1798/2470/1476
f 1736/2467/1541 1734/2465/1539 1798/2470/1476
f 1744/2456/1530 1743/2457/1531 1798/2470/1476
f 1737/2468/1542 1736/2467/1541 1798/2470/1476
f 1745/2454/1528 1744/2456/1530 1798/2470/1476
f 1738/2469/1543 1737/2468/1542 1798/2470/1476
f 1746/2455/1529 1745/2454/1528 1798/2470/1476
f 1739/2461/1535 1738/2469/1543 1798/2470/1476
f 1747/2462/1536 1746/2455/1529 1798/2470/1476
f 1740/2460/1534 1739/2461/1535 1798/2470/1476
f 1748/2463/1537 1747/2462/1536 1798/2470/1476
f 1741/2459/1533 1740/2460/1534 1798/2470/1476
f 1749/2466/1540 1748/2463/1537 1798/2470/1476
f 1742/2458/1532 1741/2459/1533 1798/2470/1476
f 1823/2471/1544 1824/2472/1545 1802/2473/1466 1800/2474/1462
f 1824/2472/1545 1825/2475/1546 1804/2476/21 1802/2473/1466
f 1825/2475/1546 1826/2477/1547 1806/2478/1473 1804/2476/21
f 1826/2477/1547 1827/2479/1548 1808/2480/1446 1806/2478/1473
f 1827/2481/1548 1828/2482/1549 1810/2483/1451 1808/2484/1446
f 1828/2482/1549 1829/2485/1550 1812/2486/614 1810/2483/1451
f 1829/2485/1550 1830/2487/1551 1814/2488/1458 1812/2486/614
f 1830/2487/1551 1823/2471/1544 1800/2474/1462 1814/2488/1458
f 1813/2489/1458 1799/2490/1462 1815/2491/1462 1822/2492/1458
f 1811/2493/614 1813/2489/1458 1822/2492/1458 1821/2494/614
f 1809/2495/1451 1811/2493/614 1821/2494/614 1820/2496/1451
f 1807/2497/1446 1809/2495/1451 1820/2496/1451 1819/2498/1446
f 1805/2499/1473 1807/2500/1446 1819/2501/1446 1818/2502/1473
f 1803/2503/21 1805/2499/1473 1818/2502/1473 1817/2504/21
f 1801/2505/1466 1803/2503/21 1817/2504/21 1816/2506/1466
f 1799/2490/1462 1801/2505/1466 1816/2506/1466 1815/2491/1462
f 1822/2507/1552 1815/2508/1553 1823/2509/1544 1830/2510/1551
f 1821/2511/1554 1822/2507/1552 1830/2510/1551 1829/2512/1550
f 1820/2513/1555 1821/2511/1554 1829/2512/1550 1828/2514/1549
f 1819/2515/1556 1820/2513/1555 1828/2514/1549 1827/2516/1548
f 1818/2517/1557 1819/2515/1556 1827/2516/1548 1826/2518/1547
f 1817/2519/1558 1818/2517/1557 1826/2518/1547 1825/2520/1546
f 1816/2521/1559 1817/2519/1558 1825/2520/1546 1824/2522/1545
f 1815/2508/1553 1816/2521/1559 1824/2522/1545 1823/2509/1544
f 1831/2523/1560 1833/2524/1561 1863/2525/1562 1864/2526/1563
f 1833/2524/1561 1835/2527/1564 1865/2528/1565 1863/2525/1562
f 1835/2527/1564 1837/2529/1566 1866/2530/1567 1865/2528/1565
f 1837/2529/1566 1839/2531/614 1867/2532/1568 1866/2530/1567
f 1839/2531/614 1841/2533/1569 1868/2534/1570 1867/2532/1568
f 1841/2533/1569 1843/2535/1571 1869/2536/1572 1868/2534/1570
f 1843/2535/1571 1845/2537/1573 1870/2538/1574 1869/2536/1572
f 1845/2537/1573 1847/2539/1575 1871/2540/1576 1870/2538/1574
f 1847/2539/1575 1849/2541/1577 1872/2542/1578 1871/2540/1576
f 1849/2541/1577 1851/2543/1579 1873/2544/1580 1872/2542/1578
f 1851/2543/1579 1853/2545/1581 1874/2546/1582 1873/2544/1580
f 1853/2545/1581 1855/2547/21 1875/2548/1583 1874/2546/1582
f 1855/2547/21 1857/2549/1584 1876/2550/1585 1875/2548/1583
f 1857/2549/1584 1859/2551/1586 1877/2552/1587 1876/2550/1585
f 1848/2553/1575 1887/2554/1575 1886/2555/1573 1846/2556/1573
f 1859/2551/1586 1861/2557/1588 1878/2558/1589 1877/2552/1587
f 1861/2557/1588 1831/2559/1560 1864/2560/1563 1878/2558/1589
f 1832/2561/1590 1864/2562/1563 1863/2563/1562 1834/2564/1590
f 1834/2564/1590 1863/2563/1562 1865/2565/1565 1836/2566/1590
f 1836/2566/1590 1865/2565/1565 1866/2567/1567 1838/2568/1590
f 1838/2568/1590 1866/2567/1567 1867/2569/1568 1840/2570/1590
f 1840/2570/1590 1867/2569/1568 1868/2571/1570 1842/2572/1590
f 1842/2572/1590 1868/2571/1570 1869/2573/1572 1844/2574/1590
f 1844/2574/1590 1869/2573/1572 1870/2575/1574 1846/2576/1590
f 1846/2576/1590 1870/2575/1574 1871/2577/1576 1848/2578/1590
f 1848/2578/1590 1871/2577/1576 1872/2579/1578 1850/2580/1590
f 1850/2580/1590 1872/2579/1578 1873/2581/1580 1852/2582/1590
f 1852/2582/1590 1873/2581/1580 1874/2583/1582 1854/2584/1590
f 1854/2584/1590 1874/2583/1582 1875/2585/1583 1856/2586/1590
f 1856/2586/1590 1875/2585/1583 1876/2587/1585 1858/2588/1590
f 1858/2588/1590 1876/2587/1585 1877/2589/1587 1860/2590/1590
f 1860/2590/1590 1877/2589/1587 1878/2591/1589 1862/2592/1590
f 1862/2592/1590 1878/2591/1589 1864/2562/1563 1832/2561/1590
f 1890/2593/1591 1922/2594/1592 1921/2595/1593 1889/2596/1591
f 1834/2597/1561 1879/2598/1561 1880/2599/1560 1832/2600/1560
f 1832/2601/1560 1880/2602/1560 1894/2603/1588 1862/2604/1588
f 1850/2605/1577 1888/2606/1577 1887/2554/1575 1848/2553/1575
f 1836/2607/1564 1881/2608/1564 1879/2598/1561 1834/2597/1561
f 1852/2609/1579 1889/2610/1579 1888/2606/1577 1850/2605/1577
f 1838/2611/1566 1882/2612/1566 1881/2608/1564 1836/2607/1564
f 1854/2613/1581 1890/2614/1581 1889/2610/1579 1852/2609/1579
f 1840/2615/614 1883/2616/614 1882/2612/1566 1838/2611/1566
f 1856/2617/21 1891/2618/21 1890/2614/1581 1854/2613/1581
f 1842/2619/1569 1884/2620/1569 1883/2616/614 1840/2615/614
f 1858/2621/1594 1892/2622/1594 1891/2618/21 1856/2617/21
f 1844/2623/1571 1885/2624/1571 1884/2620/1569 1842/2619/1569
f 1860/2625/1586 1893/2626/1586 1892/2622/1594 1858/2621/1594
f 1846/2556/1573 1886/2555/1573 1885/2624/1571 1844/2623/1571
f 1862/2604/1588 1894/2603/1588 1893/2626/1586 1860/2625/1586
f 1943/2627/1595 1931/2628/1596 1932/2629/1597 1952/2630/1598
f 1889/2596/1591 1921/2595/1593 1920/2631/1599 1888/2632/1591
f 1944/2633/1600 1930/2634/1601 1931/2628/1596 1943/2627/1595
f 1888/2632/1591 1920/2631/1599 1919/2635/1602 1887/2636/1591
f 1945/2637/1603 1929/2638/1604 1930/2634/1601 1944/2633/1600
f 1887/2636/1591 1919/2635/1602 1918/2639/1605 1886/2640/1591
f 1946/2641/1606 1942/2642/1607 1928/2643/1608 1947/2644/1609
f 1948/2645/1610 1927/2646/1611 1929/2638/1604 1945/2637/1603
f 1886/2640/1591 1918/2639/1605 1917/2647/1612 1885/2648/1591
f 1949/2649/1613 1941/2650/1614 1942/2642/1607 1946/2641/1606
f 1947/2644/1609 1928/2643/1608 1927/2646/1611 1948/2645/1610
f 1885/2648/1591 1917/2647/1612 1916/2651/1615 1884/2652/1591
f 1951/2653/1616 1940/2654/1617 1941/2650/1614 1949/2649/1613
f 1884/2652/1591 1916/2651/1615 1915/2655/1618 1883/2656/1591
f 1950/2657/1619 1939/2658/1620 1940/2654/1617 1951/2653/1616
f 1924/2659/1621 1940/2660/1617 1939/2661/1620 1923/2662/1622
f 1917/2663/1612 1933/2664/1623 1932/2665/1597 1916/2666/1615
f 1925/2667/1624 1941/2668/1614 1940/2660/1617 1924/2659/1621
f 1918/2669/1605 1934/2670/1625 1933/2664/1623 1917/2663/1612
f 1926/2671/1626 1942/2672/1607 1941/2668/1614 1925/2667/1624
f 1919/2673/1602 1935/2674/1627 1934/2670/1625 1918/2669/1605
f 1911/2675/1628 1927/2676/1611 1928/2677/1608 1912/2678/1629
f 1912/2679/1629 1928/2680/1608 1942/2672/1607 1926/2671/1626
f 1920/2681/1599 1936/2682/1630 1935/2674/1627 1919/2673/1602
f 1913/2683/1631 1929/2684/1604 1927/2676/1611 1911/2675/1628
f 1921/2685/1593 1937/2686/1632 1936/2682/1630 1920/2681/1599
f 1914/2687/1633 1930/2688/1601 1929/2684/1604 1913/2683/1631
f 1922/2689/1592 1938/2690/1634 1937/2686/1632 1921/2685/1593
f 1915/2691/1618 1931/2692/1596 1930/2688/1601 1914/2687/1633
f 1923/2662/1622 1939/2661/1620 1938/2690/1634 1922/2689/1592
f 1916/2666/1615 1932/2665/1597 1931/2692/1596 1915/2691/1618
f 1952/2630/1598 1932/2629/1597 1933/2693/1623 1953/2694/1635
f 1891/2695/1591 1923/2696/1622 1922/2594/1592 1890/2593/1591
f 1953/2694/1635 1933/2693/1623 1934/2697/1625 1954/2698/1636
f 1892/2699/1591 1924/2700/1621 1923/2696/1622 1891/2695/1591
f 1954/2698/1636 1934/2697/1625 1935/2701/1627 1955/2702/1637
f 1893/2703/1591 1925/2704/1624 1924/2700/1621 1892/2699/1591
f 1955/2702/1637 1935/2701/1627 1936/2705/1630 1956/2706/1638
f 1879/2707/1591 1911/2708/1628 1912/2709/1629 1880/2710/1591
f 1894/2711/1591 1926/2712/1626 1925/2704/1624 1893/2703/1591
f 1956/2706/1638 1936/2705/1630 1937/2713/1632 1957/2714/1639
f 1881/2715/1591 1913/2716/1631 1911/2708/1628 1879/2707/1591
f 1880/2710/1591 1912/2709/1629 1926/2712/1626 1894/2711/1591
f 1957/2714/1639 1937/2713/1632 1938/2717/1634 1958/2718/1640
f 1882/2719/1591 1914/2720/1633 1913/2716/1631 1881/2715/1591
f 1958/2718/1640 1938/2717/1634 1939/2658/1620 1950/2657/1619
f 1883/2656/1591 1915/2655/1618 1914/2720/1633 1882/2719/1591
f 1906/2721/1641 1958/2718/1640 1950/2657/1619 1907/2722/1642
f 1905/2723/1643 1957/2714/1639 1958/2718/1640 1906/2721/1641
f 1904/2724/1644 1956/2706/1638 1957/2714/1639 1905/2723/1643
f 1903/2725/1645 1955/2702/1637 1956/2706/1638 1904/2724/1644
f 1902/2726/1646 1954/2698/1636 1955/2702/1637 1903/2725/1645
f 1901/2727/1647 1953/2694/1635 1954/2698/1636 1902/2726/1646
f 1900/2728/1648 1952/2630/1598 1953/2694/1635 1901/2727/1647
f 1907/2722/1642 1950/2657/1619 1951/2653/1616 1908/2729/1649
f 1908/2729/1649 1951/2653/1616 1949/2649/1613 1909/2730/1650
f 1896/2731/1651 1947/2644/1609 1948/2645/1610 1895/2732/1652
f 1909/2730/1650 1949/2649/1613 1946/2641/1606 1910/2733/1653
f 1895/2732/1652 1948/2645/1610 1945/2637/1603 1897/2734/1654
f 1910/2733/1653 1946/2641/1606 1947/2644/1609 1896/2731/1651
f 1897/2734/1654 1945/2637/1603 1944/2633/1600 1898/2735/1655
f 1898/2735/1655 1944/2633/1600 1943/2627/1595 1899/2736/1656
f 1899/2736/1656 1943/2627/1595 1952/2630/1598 1900/2728/1648
f 1895/2732/1652 1959/2737/1590 1896/2731/1651
f 1896/2731/1651 1959/2737/1590 1910/2733/1653
f 1904/2724/1644 1959/2737/1590 1903/2725/1645
f 1897/2734/1654 1959/2737/1590 1895/2732/1652
f 1905/2723/1643 1959/2737/1590 1904/2724/1644
f 1898/2735/1655 1959/2737/1590 1897/2734/1654
f 1906/2721/1641 1959/2737/1590 1905/2723/1643
f 1899/2736/1656 1959/2737/1590 1898/2735/1655
f 1907/2722/1642 1959/2737/1590 1906/2721/1641
f 1900/2728/1648 1959/2737/1590 1899/2736/1656
f 1908/2729/1649 1959/2737/1590 1907/2722/1642
f 1901/2727/1647 1959/2737/1590 1900/2728/1648
f 1909/2730/1650 1959/2737/1590 1908/2729/1649
f 1902/2726/1646 1959/2737/1590 1901/2727/1647
f 1910/2733/1653 1959/2737/1590 1909/2730/1650
f 1903/2725/1645 1959/2737/1590 1902/2726/1646
f 1984/2738/1657 1961/2739/1575 1963/2740/1579 1985/2741/1658
f 1985/2741/1658 1963/2740/1579 1965/2742/21 1986/2743/1659
f 1986/2743/1659 1965/2742/21 1967/2744/1586 1987/2745/1660
f 1987/2745/1660 1967/2744/1586 1969/2746/1560 1988/2747/1661
f 1988/2748/1661 1969/2749/1560 1971/2750/1564 1989/2751/1662
f 1989/2751/1662 1971/2750/1564 1973/2752/614 1990/2753/1663
f 1990/2753/1663 1973/2752/614 1975/2754/1571 1991/2755/1664
f 1991/2755/1664 1975/2754/1571 1961/2739/1575 1984/2738/1657
f 1974/2756/1571 1983/2757/1571 1976/2758/1575 1960/2759/1575
f 1972/2760/614 1982/2761/614 1983/2757/1571 1974/2756/1571
f 1970/2762/1564 1981/2763/1564 1982/2761/614 1972/2760/614
f 1968/2764/1560 1980/2765/1560 1981/2763/1564 1970/2762/1564
f 1966/2766/1586 1979/2767/1586 1980/2768/1560 1968/2769/1560
f 1964/2770/21 1978/2771/21 1979/2767/1586 1966/2766/1586
f 1962/2772/1579 1977/2773/1579 1978/2771/21 1964/2770/21
f 1960/2759/1575 1976/2758/1575 1977/2773/1579 1962/2772/1579
f 1983/2774/1665 1991/2775/1664 1984/2776/1657 1976/2777/1666
f 1982/2778/1667 1990/2779/1663 1991/2775/1664 1983/2774/1665
f 1981/2780/1668 1989/2781/1662 1990/2779/1663 1982/2778/1667
f 1980/2782/1669 1988/2783/1661 1989/2781/1662 1981/2780/1668
f 1979/2784/1670 1987/2785/1660 1988/2783/1661 1980/2782/1669
f 1978/2786/1671 1986/2787/1659 1987/2785/1660 1979/2784/1670
f 1977/2788/1672 1985/2789/1658 1986/2787/1659 1978/2786/1671
f 1976/2777/1666 1984/2776/1657 1985/2789/1658 1977/2788/1672
f 2005/2790/1673 2007/2791/1673 1993/2792/21 1992/2793/21
f 1997/2794/534 2001/2795/534 2004/2796/534 2011/2797/534
f 1996/2798/545 1998/2799/545 2017/2800/1674 2022/2801/1675
f 1999/2802/1676 2008/2803/1677 2004/2804/1677 2001/2805/1676
f 2020/2806/1678 2025/2807/1678 2023/2808/1679 2016/2809/1679
f 1997/2810/1680 1996/2811/1680 2022/2812/1680 2024/2813/1680 2023/2814/1680 2025/2815/1680 2027/2816/1680 2026/2817/1680
f 2002/2818/534 1997/2794/534 2026/2819/1681 2019/2820/1682
f 2014/2821/545 1995/2822/545 1993/2823/545 2007/2824/545
f 1999/2825/545 1996/2798/545 2013/2826/545 2008/2827/545
f 1999/2802/1676 2001/2805/1676 2003/2828/1683 2000/2829/1683
f 2000/2829/1683 2003/2828/1683 2002/2830/1684 1998/2831/1684
f 2002/2818/534 2003/2832/534 1997/2794/534
f 1997/2794/534 2003/2832/534 2001/2795/534
f 1999/2825/545 2000/2833/545 1996/2798/545
f 1996/2798/545 2000/2833/545 1998/2799/545
f 2010/2834/1685 1994/2835/614 1995/2836/614 2014/2837/1685
f 2005/2838/534 2010/2839/534 2012/2840/534 2006/2841/534
f 2006/2841/534 2012/2840/534 2011/2797/534 2004/2796/534
f 2008/2827/545 2013/2826/545 2015/2842/545 2009/2843/545
f 2009/2843/545 2015/2842/545 2014/2821/545 2007/2824/545
f 2004/2804/1677 2008/2803/1677 2009/2844/1686 2006/2845/1686
f 2006/2845/1686 2009/2844/1686 2007/2791/1673 2005/2790/1673
f 2010/2834/1685 2014/2837/1685 2015/2846/1687 2012/2847/1687
f 2012/2847/1687 2015/2846/1687 2013/2848/1688 2011/2849/1688
f 2010/2839/534 2005/2838/534 1992/2850/534 1994/2851/534
f 1996/2852/1689 1997/2853/1689 2011/2849/1688 2013/2848/1688
f 2025/2807/1678 2020/2806/1678 2021/2854/1690 2027/2855/1691
f 2027/2856/1691 2021/2857/1690 2019/2820/1682 2026/2819/1681
f 2016/2809/1679 2023/2808/1679 2024/2858/1692 2018/2859/1692
f 2018/2860/1692 2024/2861/1692 2022/2801/1675 2017/2800/1674
f 2019/2862/21 2017/2863/21 1998/2831/1684 2002/2830/1684
f 2018/2864/21 2017/2863/21 2019/2862/21 2021/2865/21
f 2016/2866/21 2018/2864/21 2021/2865/21 2020/2867/21
f 2124/2868/1693 2077/2869/1694 2076/2870/1695 2125/2871/1696
f 2125/2871/1696 2076/2870/1695 2078/2872/1697 2126/2873/1698
f 2126/2873/1698 2078/2872/1697 2079/2874/1699 2127/2875/1700
f 2127/2875/1700 2079/2874/1699 2080/2876/1701 2128/2877/1702
f 2128/2877/1702 2080/2876/1701 2081/2878/1703 2129/2879/1704
f 2129/2879/1704 2081/2878/1703 2082/2880/1705 2130/2881/1706
f 2130/2881/1706 2082/2880/1705 2083/2882/1707 2131/2883/1708
f 2131/2883/1708 2083/2882/1707 2084/2884/1709 2132/2885/1710
f 2132/2885/1710 2084/2884/1709 2085/2886/1711 2133/2887/1712
f 2133/2887/1712 2085/2886/1711 2086/2888/1713 2134/2889/1714
f 2134/2889/1714 2086/2888/1713 2087/2890/1715 2135/2891/1716
f 2135/2891/1716 2087/2890/1715 2088/2892/1717 2136/2893/1718
f 2136/2894/1718 2088/2895/1717 2089/2896/1719 2137/2897/1720
f 2137/2897/1720 2089/2896/1719 2090/2898/1721 2138/2899/1722
f 2138/2899/1722 2090/2898/1721 2091/2900/1723 2139/2901/1724
f 2139/2901/1724 2091/2900/1723 2092/2902/1725 2140/2903/1726
f 2140/2903/1726 2092/2902/1725 2093/2904/1727 2141/2905/1728
f 2141/2905/1728 2093/2904/1727 2094/2906/1729 2142/2907/1730
f 2142/2907/1730 2094/2906/1729 2095/2908/1731 2143/2909/1732
f 2143/2909/1732 2095/2908/1731 2096/2910/1733 2144/2911/1734
f 2144/2911/1734 2096/2910/1733 2097/2912/1735 2145/2913/1736
f 2145/2913/1736 2097/2912/1735 2098/2914/1737 2146/2915/1738
f 2146/2915/1738 2098/2914/1737 2099/2916/1739 2147/2917/1740
f 2147/2917/1740 2099/2916/1739 2100/2918/1741 2148/2919/1742
f 2148/2920/1742 2100/2921/1741 2101/2922/1743 2149/2923/1744
f 2149/2923/1744 2101/2922/1743 2102/2924/1745 2150/2925/1746
f 2150/2925/1746 2102/2924/1745 2103/2926/1747 2151/2927/1748
f 2151/2927/1748 2103/2926/1747 2104/2928/1749 2152/2929/1750
f 2152/2929/1750 2104/2928/1749 2105/2930/1751 2153/2931/1752
f 2153/2931/1752 2105/2930/1751 2106/2932/1753 2154/2933/1754
f 2154/2933/1754 2106/2932/1753 2107/2934/1755 2155/2935/1756
f 2155/2935/1756 2107/2934/1755 2108/2936/1757 2156/2937/1758
f 2156/2937/1758 2108/2936/1757 2109/2938/1759 2157/2939/1760
f 2157/2939/1760 2109/2938/1759 2110/2940/1761 2158/2941/1762
f 2158/2941/1762 2110/2940/1761 2111/2942/1763 2159/2943/1764
f 2159/2943/1764 2111/2942/1763 2112/2944/1765 2160/2945/1766
f 2160/2946/1766 2112/2947/1765 2113/2948/1767 2161/2949/1768
f 2161/2949/1768 2113/2948/1767 2114/2950/1769 2162/2951/1770
f 2162/2951/1770 2114/2950/1769 2115/2952/1771 2163/2953/1772
f 2163/2953/1772 2115/2952/1771 2116/2954/1773 2164/2955/1774
f 2164/2955/1774 2116/2954/1773 2117/2956/1775 2165/2957/1776
f 2165/2957/1776 2117/2956/1775 2118/2958/1777 2166/2959/1778
f 2166/2959/1778 2118/2958/1777 2119/2960/1779 2167/2961/1780
f 2167/2961/1780 2119/2960/1779 2120/2962/1781 2168/2963/1782
f 2168/2963/1782 2120/2962/1781 2121/2964/1783 2169/2965/1784
f 2169/2965/1784 2121/2964/1783 2122/2966/1785 2170/2967/1786
f 2170/2967/1786 2122/2966/1785 2123/2968/1787 2171/2969/1788
f 2029/2970/614 2076/2870/1695 2077/2869/1694 2028/2971/614
f 2030/2972/614 2078/2872/1697 2076/2870/1695 2029/2970/614
f 2031/2973/614 2079/2874/1699 2078/2872/1697 2030/2972/614
f 2032/2974/614 2080/2876/1701 2079/2874/1699 2031/2973/614
f 2033/2975/614 2081/2878/1703 2080/2876/1701 2032/2974/614
f 2034/2976/614 2082/2880/1705 2081/2878/1703 2033/2975/614
f 2035/2977/614 2083/2882/1707 2082/2880/1705 2034/2976/614
f 2036/2978/614 2084/2884/1709 2083/2882/1707 2035/2977/614
f 2037/2979/614 2085/2886/1711 2084/2884/1709 2036/2978/614
f 2038/2980/614 2086/2888/1713 2085/2886/1711 2037/2979/614
f 2039/2981/614 2087/2890/1715 2086/2888/1713 2038/2980/614
f 2040/2982/614 2088/2892/1717 2087/2890/1715 2039/2981/614
f 2041/2983/614 2089/2896/1719 2088/2895/1717 2040/2984/614
f 2042/2985/614 2090/2898/1721 2089/2896/1719 2041/2983/614
f 2043/2986/614 2091/2900/1723 2090/2898/1721 2042/2985/614
f 2044/2987/614 2092/2902/1725 2091/2900/1723 2043/2986/614
f 2045/2988/614 2093/2904/1727 2092/2902/1725 2044/2987/614
f 2046/2989/614 2094/2906/1729 2093/2904/1727 2045/2988/614
f 2047/2990/614 2095/2908/1731 2094/2906/1729 2046/2989/614
f 2048/2991/614 2096/2910/1733 2095/2908/1731 2047/2990/614
f 2049/2992/614 2097/2912/1735 2096/2910/1733 2048/2991/614
f 2050/2993/614 2098/2914/1737 2097/2912/1735 2049/2992/614
f 2051/2994/614 2099/2916/1739 2098/2914/1737 2050/2993/614
f 2052/2995/614 2100/2918/1741 2099/2916/1739 2051/2994/614
f 2053/2996/614 2101/2922/1743 2100/2921/1741 2052/2997/614
f 2054/2998/614 2102/2924/1745 2101/2922/1743 2053/2996/614
f 2055/2999/614 2103/2926/1747 2102/2924/1745 2054/2998/614
f 2056/3000/614 2104/2928/1749 2103/2926/1747 2055/2999/614
f 2057/3001/614 2105/2930/1751 2104/2928/1749 2056/3000/614
f 2058/3002/614 2106/2932/1753 2105/2930/1751 2057/3001/614
f 2059/3003/614 2107/2934/1755 2106/2932/1753 2058/3002/614
f 2060/3004/614 2108/2936/1757 2107/2934/1755 2059/3003/614
f 2061/3005/614 2109/2938/1759 2108/2936/1757 2060/3004/614
f 2062/3006/614 2110/2940/1761 2109/2938/1759 2061/3005/614
f 2063/3007/614 2111/2942/1763 2110/2940/1761 2062/3006/614
f 2064/3008/614 2112/2944/1765 2111/2942/1763 2063/3007/614
f 2065/3009/614 2113/2948/1767 2112/2947/1765 2064/3010/614
f 2066/3011/614 2114/2950/1769 2113/2948/1767 2065/3009/614
f 2067/3012/614 2115/2952/1771 2114/2950/1769 2066/3011/614
f 2068/3013/614 2116/2954/1773 2115/2952/1771 2067/3012/614
f 2069/3014/614 2117/2956/1775 2116/2954/1773 2068/3013/614
f 2070/3015/614 2118/2958/1777 2117/2956/1775 2069/3014/614
f 2071/3016/614 2119/2960/1779 2118/2958/1777 2070/3015/614
f 2072/3017/614 2120/2962/1781 2119/2960/1779 2071/3016/614
f 2073/3018/614 2121/2964/1783 2120/2962/1781 2072/3017/614
f 2074/3019/614 2122/2966/1785 2121/2964/1783 2073/3018/614
f 2075/3020/614 2123/2968/1787 2122/2966/1785 2074/3019/614
f 2028/3021/614 2077/3022/1694 2123/2968/1787 2075/3020/614
f 2316/3023/1789 2317/3024/1790 2222/3025/1791 2221/3026/1792
f 2317/3024/1790 2318/3027/1793 2223/3028/1794 2222/3025/1791
f 2318/3027/1793 2319/3029/1795 2224/3030/1796 2223/3028/1794
f 2319/3029/1795 2320/3031/1797 2225/3032/1798 2224/3030/1796
f 2320/3031/1797 2321/3033/1799 2226/3034/1800 2225/3032/1798
f 2321/3033/1799 2322/3035/1801 2227/3036/1802 2226/3034/1800
f 2322/3035/1801 2323/3037/1803 2228/3038/1804 2227/3036/1802
f 2323/3037/1803 2324/3039/1805 2229/3040/1806 2228/3038/1804
f 2324/3039/1805 2325/3041/1807 2230/3042/1808 2229/3040/1806
f 2325/3041/1807 2326/3043/1809 2231/3044/1810 2230/3042/1808
f 2326/3043/1809 2327/3045/1811 2232/3046/1812 2231/3044/1810
f 2327/3047/1811 2328/3048/1813 2233/3049/1814 2232/3050/1812
f 2328/3048/1813 2329/3051/1815 2234/3052/1816 2233/3049/1814
f 2329/3051/1815 2330/3053/1817 2235/3054/1818 2234/3052/1816
f 2330/3053/1817 2331/3055/1819 2236/3056/1820 2235/3054/1818
f 2331/3055/1819 2332/3057/1821 2237/3058/1822 2236/3056/1820
f 2332/3057/1821 2333/3059/1823 2238/3060/1824 2237/3058/1822
f 2333/3059/1823 2334/3061/1825 2239/3062/1826 2238/3060/1824
f 2334/3061/1825 2335/3063/1827 2240/3064/1828 2239/3062/1826
f 2335/3063/1827 2336/3065/1829 2241/3066/1830 2240/3064/1828
f 2336/3065/1829 2337/3067/1831 2242/3068/1832 2241/3066/1830
f 2337/3067/1831 2338/3069/1833 2243/3070/1834 2242/3068/1832
f 2338/3069/1833 2339/3071/1835 2244/3072/1836 2243/3070/1834
f 2339/3073/1835 2340/3074/1837 2245/3075/1838 2244/3076/1836
f 2340/3074/1837 2341/3077/1839 2246/3078/1840 2245/3075/1838
f 2341/3077/1839 2342/3079/1841 2247/3080/1842 2246/3078/1840
f 2342/3079/1841 2343/3081/1843 2248/3082/1844 2247/3080/1842
f 2343/3081/1843 2344/3083/1845 2249/3084/1846 2248/3082/1844
f 2344/3083/1845 2345/3085/1847 2250/3086/1848 2249/3084/1846
f 2345/3085/1847 2346/3087/1849 2251/3088/1850 2250/3086/1848
f 2346/3087/1849 2347/3089/1851 2252/3090/1852 2251/3088/1850
f 2347/3089/1851 2348/3091/1853 2253/3092/1854 2252/3090/1852
f 2348/3091/1853 2349/3093/1855 2254/3094/1856 2253/3092/1854
f 2349/3093/1855 2350/3095/1857 2255/3096/1858 2254/3094/1856
f 2350/3095/1857 2351/3097/1859 2256/3098/1860 2255/3096/1858
f 2351/3099/1859 2352/3100/1861 2257/3101/1862 2256/3102/1860
f 2352/3100/1861 2353/3103/1863 2258/3104/1864 2257/3101/1862
f 2353/3103/1863 2354/3105/1865 2259/3106/1866 2258/3104/1864
f 2354/3105/1865 2355/3107/1867 2260/3108/1868 2259/3106/1866
f 2355/3107/1867 2356/3109/1869 2261/3110/1870 2260/3108/1868
f 2356/3109/1869 2357/3111/1871 2262/3112/1872 2261/3110/1870
f 2357/3111/1871 2358/3113/1873 2263/3114/1874 2262/3112/1872
f 2358/3113/1873 2359/3115/1875 2264/3116/1876 2263/3114/1874
f 2359/3115/1875 2360/3117/1877 2265/3118/1878 2264/3116/1876
f 2360/3117/1877 2361/3119/1879 2266/3120/1880 2265/3118/1878
f 2361/3119/1879 2362/3121/1881 2267/3122/1882 2266/3120/1880
f 2362/3121/1881 2363/3123/1883 2220/3124/1884 2267/3122/1882
f 2363/3125/1883 2604/3126/1885 2605/3127/1886 2316/3023/1789
f 2604/3126/1885 2124/2868/1693 2125/2871/1696 2605/3127/1886
f 2605/3127/1886 2125/2871/1696 2126/2873/1698 2606/3128/1887
f 2606/3128/1887 2126/2873/1698 2127/2875/1700 2607/3129/1888
f 2607/3129/1888 2127/2875/1700 2128/2877/1702 2608/3130/1889
f 2608/3130/1889 2128/2877/1702 2129/2879/1704 2609/3131/1890
f 2609/3131/1890 2129/2879/1704 2130/2881/1706 2610/3132/1891
f 2610/3132/1891 2130/2881/1706 2131/2883/1708 2611/3133/1892
f 2611/3133/1892 2131/2883/1708 2132/2885/1710 2612/3134/1893
f 2612/3134/1893 2132/2885/1710 2133/2887/1712 2613/3135/1894
f 2613/3135/1894 2133/2887/1712 2134/2889/1714 2614/3136/1895
f 2614/3136/1895 2134/2889/1714 2135/2891/1716 2615/3137/1896
f 2615/3137/1896 2135/2891/1716 2136/2893/1718 2616/3138/1897
f 2616/3139/1897 2136/2894/1718 2137/2897/1720 2617/3140/1898
f 2617/3140/1898 2137/2897/1720 2138/2899/1722 2618/3141/1899
f 2618/3141/1899 2138/2899/1722 2139/2901/1724 2619/3142/1900
f 2619/3142/1900 2139/2901/1724 2140/2903/1726 2620/3143/1901
f 2620/3143/1901 2140/2903/1726 2141/2905/1728 2621/3144/1902
f 2621/3144/1902 2141/2905/1728 2142/2907/1730 2622/3145/1903
f 2622/3145/1903 2142/2907/1730 2143/2909/1732 2623/3146/1904
f 2623/3146/1904 2143/2909/1732 2144/2911/1734 2624/3147/1905
f 2624/3147/1905 2144/2911/1734 2145/2913/1736 2625/3148/1906
f 2625/3148/1906 2145/2913/1736 2146/2915/1738 2626/3149/1907
f 2626/3149/1907 2146/2915/1738 2147/2917/1740 2627/3150/1908
f 2627/3150/1908 2147/2917/1740 2148/2919/1742 2628/3151/1909
f 2628/3152/1909 2148/2920/1742 2149/2923/1744 2629/3153/1910
f 2629/3153/1910 2149/2923/1744 2150/2925/1746 2630/3154/1911
f 2630/3154/1911 2150/2925/1746 2151/2927/1748 2631/3155/1912
f 2631/3155/1912 2151/2927/1748 2152/2929/1750 2632/3156/1913
f 2632/3156/1913 2152/2929/1750 2153/2931/1752 2633/3157/1914
f 2633/3157/1914 2153/2931/1752 2154/2933/1754 2634/3158/1915
f 2634/3158/1915 2154/2933/1754 2155/2935/1756 2635/3159/1916
f 2635/3159/1916 2155/2935/1756 2156/2937/1758 2636/3160/1917
f 2636/3160/1917 2156/2937/1758 2157/2939/1760 2637/3161/1918
f 2637/3161/1918 2157/2939/1760 2158/2941/1762 2638/3162/1919
f 2638/3162/1919 2158/2941/1762 2159/2943/1764 2639/3163/1920
f 2639/3163/1920 2159/2943/1764 2160/2945/1766 2640/3164/1921
f 2640/3165/1921 2160/2946/1766 2161/2949/1768 2641/3166/1922
f 2641/3166/1922 2161/2949/1768 2162/2951/1770 2642/3167/1923
f 2642/3167/1923 2162/2951/1770 2163/2953/1772 2643/3168/1924
f 2643/3168/1924 2163/2953/1772 2164/2955/1774 2644/3169/1925
f 2644/3169/1925 2164/2955/1774 2165/2957/1776 2645/3170/1926
f 2645/3170/1926 2165/2957/1776 2166/2959/1778 2646/3171/1927
f 2646/3171/1927 2166/2959/1778 2167/2961/1780 2647/3172/1928
f 2647/3172/1928 2167/2961/1780 2168/2963/1782 2648/3173/1929
f 2648/3173/1929 2168/2963/1782 2169/2965/1784 2649/3174/1930
f 2649/3174/1930 2169/2965/1784 2170/2967/1786 2650/3175/1931
f 2650/3175/1931 2170/2967/1786 2171/2969/1788 2651/3176/1932
f 2651/3176/1932 2171/2969/1788 2124/3177/1693 2604/3178/1885
f 2171/2969/1788 2123/2968/1787 2077/3022/1694 2124/3177/1693
f 2172/3179/1933 2221/3026/1792 2222/3025/1791 2173/3180/1934
f 2218/3181/1935 2267/3122/1882 2220/3124/1884 2219/3182/1936
f 2217/3183/1937 2266/3120/1880 2267/3122/1882 2218/3181/1935
f 2216/3184/1938 2265/3118/1878 2266/3120/1880 2217/3183/1937
f 2215/3185/1939 2264/3116/1876 2265/3118/1878 2216/3184/1938
f 2214/3186/1940 2263/3114/1874 2264/3116/1876 2215/3185/1939
f 2213/3187/1941 2262/3112/1872 2263/3114/1874 2214/3186/1940
f 2212/3188/1942 2261/3110/1870 2262/3112/1872 2213/3187/1941
f 2211/3189/1943 2260/3108/1868 2261/3110/1870 2212/3188/1942
f 2210/3190/1944 2259/3106/1866 2260/3108/1868 2211/3189/1943
f 2209/3191/1945 2258/3104/1864 2259/3106/1866 2210/3190/1944
f 2208/3192/1946 2257/3101/1862 2258/3104/1864 2209/3191/1945
f 2207/3193/1947 2256/3102/1860 2257/3101/1862 2208/3192/1946
f 2206/3194/1948 2255/3096/1858 2256/3098/1860 2207/3195/1947
f 2205/3196/1949 2254/3094/1856 2255/3096/1858 2206/3194/1948
f 2204/3197/1950 2253/3092/1854 2254/3094/1856 2205/3196/1949
f 2203/3198/1951 2252/3090/1852 2253/3092/1854 2204/3197/1950
f 2202/3199/1952 2251/3088/1850 2252/3090/1852 2203/3198/1951
f 2201/3200/1953 2250/3086/1848 2251/3088/1850 2202/3199/1952
f 2200/3201/1954 2249/3084/1846 2250/3086/1848 2201/3200/1953
f 2199/3202/1955 2248/3082/1844 2249/3084/1846 2200/3201/1954
f 2198/3203/1956 2247/3080/1842 2248/3082/1844 2199/3202/1955
f 2197/3204/1957 2246/3078/1840 2247/3080/1842 2198/3203/1956
f 2196/3205/1958 2245/3075/1838 2246/3078/1840 2197/3204/1957
f 2195/3206/1959 2244/3076/1836 2245/3075/1838 2196/3205/1958
f 2194/3207/1960 2243/3070/1834 2244/3072/1836 2195/3208/1959
f 2193/3209/1961 2242/3068/1832 2243/3070/1834 2194/3207/1960
f 2192/3210/1962 2241/3066/1830 2242/3068/1832 2193/3209/1961
f 2191/3211/1963 2240/3064/1828 2241/3066/1830 2192/3210/1962
f 2190/3212/1964 2239/3062/1826 2240/3064/1828 2191/3211/1963
f 2189/3213/1965 2238/3060/1824 2239/3062/1826 2190/3212/1964
f 2188/3214/1966 2237/3058/1822 2238/3060/1824 2189/3213/1965
f 2187/3215/1967 2236/3056/1820 2237/3058/1822 2188/3214/1966
f 2186/3216/1968 2235/3054/1818 2236/3056/1820 2187/3215/1967
f 2185/3217/1969 2234/3052/1816 2235/3054/1818 2186/3216/1968
f 2184/3218/1970 2233/3049/1814 2234/3052/1816 2185/3217/1969
f 2183/3219/1971 2232/3050/1812 2233/3049/1814 2184/3218/1970
f 2182/3220/1972 2231/3044/1810 2232/3046/1812 2183/3221/1971
f 2181/3222/1973 2230/3042/1808 2231/3044/1810 2182/3220/1972
f 2180/3223/1974 2229/3040/1806 2230/3042/1808 2181/3222/1973
f 2179/3224/1975 2228/3038/1804 2229/3040/1806 2180/3223/1974
f 2178/3225/1976 2227/3036/1802 2228/3038/1804 2179/3224/1975
f 2177/3226/1977 2226/3034/1800 2227/3036/1802 2178/3225/1976
f 2176/3227/1978 2225/3032/1798 2226/3034/1800 2177/3226/1977
f 2175/3228/1979 2224/3030/1796 2225/3032/1798 2176/3227/1978
f 2174/3229/1980 2223/3028/1794 2224/3030/1796 2175/3228/1979
f 2193/3230/1981 2194/3231/1982 2293/3232/1983 2294/3233/1984
f 2180/3234/1985 2181/3235/1986 2306/3236/1987 2307/3237/1988
f 2207/3238/1989 2208/3239/1990 2279/3240/1991 2280/3241/1992
f 2194/3231/1982 2195/3242/1993 2292/3243/1994 2293/3232/1983
f 2181/3235/1986 2182/3244/1995 2305/3245/1996 2306/3236/1987
f 2208/3239/1990 2209/3246/1997 2278/3247/1998 2279/3240/1991
f 2195/3248/1993 2196/3249/1999 2291/3250/2000 2292/3251/1994
f 2182/3244/1995 2183/3252/2001 2304/3253/2002 2305/3245/1996
f 2209/3246/1997 2210/3254/2003 2277/3255/2004 2278/3247/1998
f 2196/3249/1999 2197/3256/2005 2290/3257/2006 2291/3250/2000
f 2183/3258/2001 2184/3259/2007 2303/3260/2008 2304/3261/2002
f 2210/3254/2003 2211/3262/2009 2276/3263/2010 2277/3255/2004
f 2197/3256/2005 2198/3264/2011 2289/3265/2012 2290/3257/2006
f 2184/3259/2007 2185/3266/2013 2302/3267/2014 2303/3260/2008
f 2211/3262/2009 2212/3268/2015 2275/3269/2016 2276/3263/2010
f 2219/3270/2017 2172/3271/2018 2315/3272/2019 2268/3273/2020
f 2198/3264/2011 2199/3274/2021 2288/3275/2022 2289/3265/2012
f 2185/3266/2013 2186/3276/2023 2301/3277/2024 2302/3267/2014
f 2212/3268/2015 2213/3278/2025 2274/3279/2026 2275/3269/2016
f 2172/3271/2018 2173/3280/2027 2314/3281/2028 2315/3272/2019
f 2199/3274/2021 2200/3282/2029 2287/3283/2030 2288/3275/2022
f 2186/3276/2023 2187/3284/2031 2300/3285/2032 2301/3277/2024
f 2213/3278/2025 2214/3286/2033 2273/3287/2034 2274/3279/2026
f 2173/3280/2027 2174/3288/2035 2313/3289/2036 2314/3281/2028
f 2200/3282/2029 2201/3290/2037 2286/3291/2038 2287/3283/2030
f 2187/3284/2031 2188/3292/2039 2299/3293/2040 2300/3285/2032
f 2214/3286/2033 2215/3294/2041 2272/3295/2042 2273/3287/2034
f 2174/3288/2035 2175/3296/2043 2312/3297/2044 2313/3289/2036
f 2201/3290/2037 2202/3298/2045 2285/3299/2046 2286/3291/2038
f 2188/3292/2039 2189/3300/2047 2298/3301/2048 2299/3293/2040
f 2215/3294/2041 2216/3302/2049 2271/3303/2050 2272/3295/2042
f 2175/3296/2043 2176/3304/2051 2311/3305/2052 2312/3297/2044
f 2202/3298/2045 2203/3306/2053 2284/3307/2054 2285/3299/2046
f 2189/3300/2047 2190/3308/2055 2297/3309/2056 2298/3301/2048
f 2216/3302/2049 2217/3310/2057 2270/3311/2058 2271/3303/2050
f 2176/3304/2051 2177/3312/2059 2310/3313/2060 2311/3305/2052
f 2203/3306/2053 2204/3314/2061 2283/3315/2062 2284/3307/2054
f 2190/3308/2055 2191/3316/2063 2296/3317/2064 2297/3309/2056
f 2217/3310/2057 2218/3318/2065 2269/3319/2066 2270/3311/2058
f 2177/3312/2059 2178/3320/2067 2309/3321/2068 2310/3313/2060
f 2204/3314/2061 2205/3322/2069 2282/3323/2070 2283/3315/2062
f 2191/3316/2063 2192/3324/2071 2295/3325/2072 2296/3317/2064
f 2218/3318/2065 2219/3326/2017 2268/3327/2020 2269/3319/2066
f 2178/3320/2067 2179/3328/2073 2308/3329/2074 2309/3321/2068
f 2205/3322/2069 2206/3330/2075 2281/3331/2076 2282/3323/2070
f 2192/3324/2071 2193/3230/1981 2294/3233/1984 2295/3325/2072
f 2179/3328/2073 2180/3234/1985 2307/3237/1988 2308/3329/2074
f 2206/3330/2075 2207/3332/1989 2280/3333/1992 2281/3331/2076
f 2603/3334/2077 2556/3335/2078 2412/3336/2078 2459/3337/2079
f 2602/3338/2080 2603/3334/2077 2459/3337/2079 2458/3339/2081
f 2601/3340/2082 2602/3338/2080 2458/3339/2081 2457/3341/2083
f 2600/3342/2084 2601/3340/2082 2457/3341/2083 2456/3343/2085
f 2599/3344/2086 2600/3342/2084 2456/3343/2085 2455/3345/2087
f 2598/3346/2088 2599/3344/2086 2455/3345/2087 2454/3347/2089
f 2597/3348/2090 2598/3346/2088 2454/3347/2089 2453/3349/2091
f 2596/3350/2092 2597/3348/2090 2453/3349/2091 2452/3351/2093
f 2595/3352/2094 2596/3350/2092 2452/3351/2093 2451/3353/2095
f 2594/3354/2096 2595/3352/2094 2451/3353/2095 2450/3355/2097
f 2593/3356/2098 2594/3354/2096 2450/3355/2097 2449/3357/2099
f 2592/3358/2100 2593/3356/2098 2449/3357/2099 2448/3359/2100
f 2591/3360/2101 2592/3361/2100 2448/3362/2100 2447/3363/2102
f 2590/3364/2103 2591/3360/2101 2447/3363/2102 2446/3365/2104
f 2589/3366/2105 2590/3364/2103 2446/3365/2104 2445/3367/2106
f 2588/3368/2107 2589/3366/2105 2445/3367/2106 2444/3369/2108
f 2587/3370/2109 2588/3368/2107 2444/3369/2108 2443/3371/2109
f 2586/3372/2110 2587/3370/2109 2443/3371/2109 2442/3373/2111
f 2585/3374/2112 2586/3372/2110 2442/3373/2111 2441/3375/2113
f 2584/3376/2114 2585/3374/2112 2441/3375/2113 2440/3377/2115
f 2583/3378/2116 2584/3376/2114 2440/3377/2115 2439/3379/2117
f 2582/3380/2118 2583/3378/2116 2439/3379/2117 2438/3381/2119
f 2581/3382/2120 2582/3380/2118 2438/3381/2119 2437/3383/2121
f 2580/3384/2122 2581/3382/2120 2437/3383/2121 2436/3385/2122
f 2579/3386/2123 2580/3387/2122 2436/3388/2122 2435/3389/2124
f 2578/3390/2125 2579/3386/2123 2435/3389/2124 2434/3391/2126
f 2577/3392/2127 2578/3390/2125 2434/3391/2126 2433/3393/2128
f 2576/3394/2129 2577/3392/2127 2433/3393/2128 2432/3395/2130
f 2575/3396/2131 2576/3394/2129 2432/3395/2130 2431/3397/2132
f 2574/3398/2133 2575/3396/2131 2431/3397/2132 2430/3399/2133
f 2573/3400/2134 2574/3398/2133 2430/3399/2133 2429/3401/2135
f 2572/3402/2136 2573/3400/2134 2429/3401/2135 2428/3403/2137
f 2571/3404/2138 2572/3402/2136 2428/3403/2137 2427/3405/2139
f 2570/3406/2140 2571/3404/2138 2427/3405/2139 2426/3407/2141
f 2569/3408/2142 2570/3406/2140 2426/3407/2141 2425/3409/2143
f 2568/3410/2144 2569/3408/2142 2425/3409/2143 2424/3411/2144
f 2567/3412/2145 2568/3413/2144 2424/3414/2144 2423/3415/2146
f 2566/3416/2147 2567/3412/2145 2423/3415/2146 2422/3417/2148
f 2565/3418/2149 2566/3416/2147 2422/3417/2148 2421/3419/2150
f 2564/3420/2151 2565/3418/2149 2421/3419/2150 2420/3421/2151
f 2563/3422/2152 2564/3420/2151 2420/3421/2151 2419/3423/2153
f 2562/3424/2154 2563/3422/2152 2419/3423/2153 2418/3425/2155
f 2561/3426/2156 2562/3424/2154 2418/3425/2155 2417/3427/2157
f 2560/3428/2158 2561/3426/2156 2417/3427/2157 2416/3429/2158
f 2559/3430/2159 2560/3428/2158 2416/3429/2158 2415/3431/2160
f 2558/3432/2161 2559/3430/2159 2415/3431/2160 2414/3433/2162
f 2557/3434/2163 2558/3432/2161 2414/3433/2162 2413/3435/2164
f 2411/3436/2165 2364/3437/2166 2460/3438/2167 2507/3439/2168
f 2364/3437/2166 2365/3440/2169 2461/3441/2170 2460/3438/2167
f 2365/3440/2169 2366/3442/2171 2462/3443/2172 2461/3441/2170
f 2366/3442/2171 2367/3444/2173 2463/3445/2174 2462/3443/2172
f 2367/3444/2173 2368/3446/2175 2464/3447/2176 2463/3445/2174
f 2368/3446/2175 2369/3448/2177 2465/3449/2178 2464/3447/2176
f 2369/3448/2177 2370/3450/2179 2466/3451/2180 2465/3449/2178
f 2370/3450/2179 2371/3452/2181 2467/3453/2182 2466/3451/2180
f 2371/3452/2181 2372/3454/2183 2468/3455/2184 2467/3453/2182
f 2372/3454/2183 2373/3456/2185 2469/3457/2186 2468/3455/2184
f 2373/3456/2185 2374/3458/2187 2470/3459/2188 2469/3457/2186
f 2374/3458/2187 2375/3460/2189 2471/3461/2190 2470/3459/2188
f 2375/3462/2189 2376/3463/2191 2472/3464/2192 2471/3465/2190
f 2376/3463/2191 2377/3466/2193 2473/3467/2194 2472/3464/2192
f 2377/3466/2193 2378/3468/2195 2474/3469/2196 2473/3467/2194
f 2378/3468/2195 2379/3470/2197 2475/3471/2198 2474/3469/2196
f 2379/3470/2197 2380/3472/2199 2476/3473/2200 2475/3471/2198
f 2380/3472/2199 2381/3474/2201 2477/3475/2202 2476/3473/2200
f 2381/3474/2201 2382/3476/2203 2478/3477/2204 2477/3475/2202
f 2382/3476/2203 2383/3478/2205 2479/3479/2206 2478/3477/2204
f 2383/3478/2205 2384/3480/2207 2480/3481/2208 2479/3479/2206
f 2384/3480/2207 2385/3482/2209 2481/3483/2210 2480/3481/2208
f 2385/3482/2209 2386/3484/2211 2482/3485/2212 2481/3483/2210
f 2386/3484/2211 2387/3486/2213 2483/3487/2214 2482/3485/2212
f 2387/3488/2213 2388/3489/2215 2484/3490/2216 2483/3491/2214
f 2388/3489/2215 2389/3492/2217 2485/3493/2218 2484/3490/2216
f 2389/3492/2217 2390/3494/2219 2486/3495/2220 2485/3493/2218
f 2390/3494/2219 2391/3496/2221 2487/3497/2222 2486/3495/2220
f 2391/3496/2221 2392/3498/2223 2488/3499/2224 2487/3497/2222
f 2392/3498/2223 2393/3500/2225 2489/3501/2226 2488/3499/2224
f 2393/3500/2225 2394/3502/2227 2490/3503/2228 2489/3501/2226
f 2394/3502/2227 2395/3504/2229 2491/3505/2230 2490/3503/2228
f 2395/3504/2229 2396/3506/2231 2492/3507/2232 2491/3505/2230
f 2396/3506/2231 2397/3508/2233 2493/3509/2234 2492/3507/2232
f 2397/3508/2233 2398/3510/2235 2494/3511/2236 2493/3509/2234
f 2398/3510/2235 2399/3512/2237 2495/3513/2238 2494/3511/2236
f 2399/3514/2237 2400/3515/2239 2496/3516/2240 2495/3517/2238
f 2400/3515/2239 2401/3518/2241 2497/3519/2242 2496/3516/2240
f 2401/3518/2241 2402/3520/2243 2498/3521/2244 2497/3519/2242
f 2402/3520/2243 2403/3522/2245 2499/3523/2246 2498/3521/2244
f 2403/3522/2245 2404/3524/2247 2500/3525/2248 2499/3523/2246
f 2404/3524/2247 2405/3526/2249 2501/3527/2250 2500/3525/2248
f 2405/3526/2249 2406/3528/2251 2502/3529/2252 2501/3527/2250
f 2406/3528/2251 2407/3530/2253 2503/3531/2254 2502/3529/2252
f 2407/3530/2253 2408/3532/2255 2504/3533/2256 2503/3531/2254
f 2408/3532/2255 2409/3534/2257 2505/3535/2258 2504/3533/2256
f 2409/3534/2257 2410/3536/2259 2506/3537/2260 2505/3535/2258
f 2410/3536/2259 2411/3538/2165 2507/3539/2168 2506/3537/2260
f 2385/3482/2209 2534/3540/2261 2533/3541/2262 2386/3484/2211
f 2372/3454/2183 2547/3542/2263 2546/3543/2264 2373/3456/2185
f 2399/3514/2237 2520/3544/2265 2519/3545/2266 2400/3515/2239
f 2386/3484/2211 2533/3541/2262 2532/3546/2267 2387/3486/2213
f 2373/3456/2185 2546/3543/2264 2545/3547/2268 2374/3458/2187
f 2400/3515/2239 2519/3545/2266 2518/3548/2269 2401/3518/2241
f 2387/3488/2213 2532/3549/2267 2531/3550/2270 2388/3489/2215
f 2374/3458/2187 2545/3547/2268 2544/3551/2271 2375/3460/2189
f 2401/3518/2241 2518/3548/2269 2517/3552/2272 2402/3520/2243
f 2388/3489/2215 2531/3550/2270 2530/3553/2273 2389/3492/2217
f 2375/3462/2189 2544/3554/2271 2543/3555/2274 2376/3463/2191
f 2402/3520/2243 2517/3552/2272 2516/3556/2275 2403/3522/2245
f 2389/3492/2217 2530/3553/2273 2529/3557/2276 2390/3494/2219
f 2376/3463/2191 2543/3555/2274 2542/3558/2277 2377/3466/2193
f 2403/3522/2245 2516/3556/2275 2515/3559/2278 2404/3524/2247
f 2411/3436/2165 2508/3560/2279 2555/3561/2280 2364/3437/2166
f 2390/3494/2219 2529/3557/2276 2528/3562/2281 2391/3496/2221
f 2377/3466/2193 2542/3558/2277 2541/3563/2282 2378/3468/2195
f 2404/3524/2247 2515/3559/2278 2514/3564/2283 2405/3526/2249
f 2364/3437/2166 2555/3561/2280 2554/3565/2284 2365/3440/2169
f 2391/3496/2221 2528/3562/2281 2527/3566/2285 2392/3498/2223
f 2378/3468/2195 2541/3563/2282 2540/3567/2286 2379/3470/2197
f 2405/3526/2249 2514/3564/2283 2513/3568/2287 2406/3528/2251
f 2365/3440/2169 2554/3565/2284 2553/3569/2288 2366/3442/2171
f 2392/3498/2223 2527/3566/2285 2526/3570/2289 2393/3500/2225
f 2379/3470/2197 2540/3567/2286 2539/3571/2290 2380/3472/2199
f 2406/3528/2251 2513/3568/2287 2512/3572/2291 2407/3530/2253
f 2366/3442/2171 2553/3569/2288 2552/3573/2292 2367/3444/2173
f 2393/3500/2225 2526/3570/2289 2525/3574/2293 2394/3502/2227
f 2380/3472/2199 2539/3571/2290 2538/3575/2294 2381/3474/2201
f 2407/3530/2253 2512/3572/2291 2511/3576/2295 2408/3532/2255
f 2367/3444/2173 2552/3573/2292 2551/3577/2296 2368/3446/2175
f 2394/3502/2227 2525/3574/2293 2524/3578/2297 2395/3504/2229
f 2381/3474/2201 2538/3575/2294 2537/3579/2298 2382/3476/2203
f 2408/3532/2255 2511/3576/2295 2510/3580/2299 2409/3534/2257
f 2368/3446/2175 2551/3577/2296 2550/3581/2300 2369/3448/2177
f 2395/3504/2229 2524/3578/2297 2523/3582/2301 2396/3506/2231
f 2382/3476/2203 2537/3579/2298 2536/3583/2302 2383/3478/2205
f 2409/3534/2257 2510/3580/2299 2509/3584/2303 2410/3536/2259
f 2369/3448/2177 2550/3581/2300 2549/3585/2304 2370/3450/2179
f 2396/3506/2231 2523/3582/2301 2522/3586/2305 2397/3508/2233
f 2383/3478/2205 2536/3583/2302 2535/3587/2306 2384/3480/2207
f 2410/3536/2259 2509/3584/2303 2508/3588/2279 2411/3538/2165
f 2370/3450/2179 2549/3585/2304 2548/3589/2307 2371/3452/2181
f 2397/3508/2233 2522/3586/2305 2521/3590/2308 2398/3510/2235
f 2384/3480/2207 2535/3587/2306 2534/3540/2261 2385/3482/2209
f 2371/3452/2181 2548/3589/2307 2547/3542/2263 2372/3454/2183
f 2398/3510/2235 2521/3590/2308 2520/3591/2265 2399/3512/2237
f 2507/3439/2168 2460/3438/2167 2557/3592/2309 2556/3593/2310
f 2460/3438/2167 2461/3441/2170 2558/3594/2311 2557/3592/2309
f 2461/3441/2170 2462/3443/2172 2559/3595/2312 2558/3594/2311
f 2462/3443/2172 2463/3445/2174 2560/3596/2313 2559/3595/2312
f 2463/3445/2174 2464/3447/2176 2561/3597/2314 2560/3596/2313
f 2464/3447/2176 2465/3449/2178 2562/3598/2315 2561/3597/2314
f 2465/3449/2178 2466/3451/2180 2563/3599/2316 2562/3598/2315
f 2466/3451/2180 2467/3453/2182 2564/3600/2317 2563/3599/2316
f 2467/3453/2182 2468/3455/2184 2565/3601/2318 2564/3600/2317
f 2468/3455/2184 2469/3457/2186 2566/3602/2319 2565/3601/2318
f 2469/3457/2186 2470/3459/2188 2567/3603/2320 2566/3602/2319
f 2470/3459/2188 2471/3461/2190 2568/3604/2321 2567/3603/2320
f 2471/3465/2190 2472/3464/2192 2569/3605/2322 2568/3606/2321
f 2472/3464/2192 2473/3467/2194 2570/3607/2323 2569/3605/2322
f 2473/3467/2194 2474/3469/2196 2571/3608/2324 2570/3607/2323
f 2474/3469/2196 2475/3471/2198 2572/3609/2325 2571/3608/2324
f 2475/3471/2198 2476/3473/2200 2573/3610/2326 2572/3609/2325
f 2476/3473/2200 2477/3475/2202 2574/3611/2327 2573/3610/2326
f 2477/3475/2202 2478/3477/2204 2575/3612/2328 2574/3611/2327
f 2478/3477/2204 2479/3479/2206 2576/3613/2329 2575/3612/2328
f 2479/3479/2206 2480/3481/2208 2577/3614/2330 2576/3613/2329
f 2480/3481/2208 2481/3483/2210 2578/3615/2331 2577/3614/2330
f 2481/3483/2210 2482/3485/2212 2579/3616/2332 2578/3615/2331
f 2482/3485/2212 2483/3487/2214 2580/3617/2333 2579/3616/2332
f 2483/3491/2214 2484/3490/2216 2581/3618/2334 2580/3619/2333
f 2484/3490/2216 2485/3493/2218 2582/3620/2335 2581/3618/2334
f 2485/3493/2218 2486/3495/2220 2583/3621/2336 2582/3620/2335
f 2486/3495/2220 2487/3497/2222 2584/3622/2337 2583/3621/2336
f 2487/3497/2222 2488/3499/2224 2585/3623/2338 2584/3622/2337
f 2488/3499/2224 2489/3501/2226 2586/3624/2339 2585/3623/2338
f 2489/3501/2226 2490/3503/2228 2587/3625/2340 2586/3624/2339
f 2490/3503/2228 2491/3505/2230 2588/3626/2341 2587/3625/2340
f 2491/3505/2230 2492/3507/2232 2589/3627/2342 2588/3626/2341
f 2492/3507/2232 2493/3509/2234 2590/3628/2343 2589/3627/2342
f 2493/3509/2234 2494/3511/2236 2591/3629/2344 2590/3628/2343
f 2494/3511/2236 2495/3513/2238 2592/3630/2345 2591/3629/2344
f 2495/3517/2238 2496/3516/2240 2593/3631/2346 2592/3632/2345
f 2496/3516/2240 2497/3519/2242 2594/3633/2347 2593/3631/2346
f 2497/3519/2242 2498/3521/2244 2595/3634/2348 2594/3633/2347
f 2498/3521/2244 2499/3523/2246 2596/3635/2349 2595/3634/2348
f 2499/3523/2246 2500/3525/2248 2597/3636/2350 2596/3635/2349
f 2500/3525/2248 2501/3527/2250 2598/3637/2351 2597/3636/2350
f 2501/3527/2250 2502/3529/2252 2599/3638/2352 2598/3637/2351
f 2502/3529/2252 2503/3531/2254 2600/3639/2353 2599/3638/2352
f 2503/3531/2254 2504/3533/2256 2601/3640/2354 2600/3639/2353
f 2504/3533/2256 2505/3535/2258 2602/3641/2355 2601/3640/2354
f 2505/3535/2258 2506/3537/2260 2603/3642/2356 2602/3641/2355
f 2506/3537/2260 2507/3539/2168 2556/3643/2310 2603/3642/2356
f 2556/3644/2078 2557/3434/2163 2413/3435/2164 2412/3645/2078
f 2268/3273/2020 2315/3272/2019 2555/3561/2280 2508/3560/2279
f 2315/3272/2019 2314/3281/2028 2554/3565/2284 2555/3561/2280
f 2314/3281/2028 2313/3289/2036 2553/3569/2288 2554/3565/2284
f 2313/3289/2036 2312/3297/2044 2552/3573/2292 2553/3569/2288
f 2312/3297/2044 2311/3305/2052 2551/3577/2296 2552/3573/2292
f 2311/3305/2052 2310/3313/2060 2550/3581/2300 2551/3577/2296
f 2310/3313/2060 2309/3321/2068 2549/3585/2304 2550/3581/2300
f 2309/3321/2068 2308/3329/2074 2548/3589/2307 2549/3585/2304
f 2308/3329/2074 2307/3237/1988 2547/3542/2263 2548/3589/2307
f 2307/3237/1988 2306/3236/1987 2546/3543/2264 2547/3542/2263
f 2306/3236/1987 2305/3245/1996 2545/3547/2268 2546/3543/2264
f 2305/3245/1996 2304/3253/2002 2544/3551/2271 2545/3547/2268
f 2304/3261/2002 2303/3260/2008 2543/3555/2274 2544/3554/2271
f 2303/3260/2008 2302/3267/2014 2542/3558/2277 2543/3555/2274
f 2302/3267/2014 2301/3277/2024 2541/3563/2282 2542/3558/2277
f 2301/3277/2024 2300/3285/2032 2540/3567/2286 2541/3563/2282
f 2300/3285/2032 2299/3293/2040 2539/3571/2290 2540/3567/2286
f 2299/3293/2040 2298/3301/2048 2538/3575/2294 2539/3571/2290
f 2298/3301/2048 2297/3309/2056 2537/3579/2298 2538/3575/2294
f 2297/3309/2056 2296/3317/2064 2536/3583/2302 2537/3579/2298
f 2296/3317/2064 2295/3325/2072 2535/3587/2306 2536/3583/2302
f 2295/3325/2072 2294/3233/1984 2534/3540/2261 2535/3587/2306
f 2294/3233/1984 2293/3232/1983 2533/3541/2262 2534/3540/2261
f 2293/3232/1983 2292/3243/1994 2532/3546/2267 2533/3541/2262
f 2292/3251/1994 2291/3250/2000 2531/3550/2270 2532/3549/2267
f 2291/3250/2000 2290/3257/2006 2530/3553/2273 2531/3550/2270
f 2290/3257/2006 2289/3265/2012 2529/3557/2276 2530/3553/2273
f 2289/3265/2012 2288/3275/2022 2528/3562/2281 2529/3557/2276
f 2288/3275/2022 2287/3283/2030 2527/3566/2285 2528/3562/2281
f 2287/3283/2030 2286/3291/2038 2526/3570/2289 2527/3566/2285
f 2286/3291/2038 2285/3299/2046 2525/3574/2293 2526/3570/2289
f 2285/3299/2046 2284/3307/2054 2524/3578/2297 2525/3574/2293
f 2284/3307/2054 2283/3315/2062 2523/3582/2301 2524/3578/2297
f 2283/3315/2062 2282/3323/2070 2522/3586/2305 2523/3582/2301
f 2282/3323/2070 2281/3331/2076 2521/3590/2308 2522/3586/2305
f 2281/3331/2076 2280/3333/1992 2520/3591/2265 2521/3590/2308
f 2280/3241/1992 2279/3240/1991 2519/3545/2266 2520/3544/2265
f 2279/3240/1991 2278/3247/1998 2518/3548/2269 2519/3545/2266
f 2278/3247/1998 2277/3255/2004 2517/3552/2272 2518/3548/2269
f 2277/3255/2004 2276/3263/2010 2516/3556/2275 2517/3552/2272
f 2276/3263/2010 2275/3269/2016 2515/3559/2278 2516/3556/2275
f 2275/3269/2016 2274/3279/2026 2514/3564/2283 2515/3559/2278
f 2274/3279/2026 2273/3287/2034 2513/3568/2287 2514/3564/2283
f 2273/3287/2034 2272/3295/2042 2512/3572/2291 2513/3568/2287
f 2272/3295/2042 2271/3303/2050 2511/3576/2295 2512/3572/2291
f 2271/3303/2050 2270/3311/2058 2510/3580/2299 2511/3576/2295
f 2270/3311/2058 2269/3319/2066 2509/3584/2303 2510/3580/2299
f 2269/3319/2066 2268/3327/2020 2508/3588/2279 2509/3584/2303
f 2362/3121/1881 2651/3176/1932 2604/3178/1885 2363/3123/1883
f 2361/3119/1879 2650/3175/1931 2651/3176/1932 2362/3121/1881
f 2360/3117/1877 2649/3174/1930 2650/3175/1931 2361/3119/1879
f 2359/3115/1875 2648/3173/1929 2649/3174/1930 2360/3117/1877
f 2358/3113/1873 2647/3172/1928 2648/3173/1929 2359/3115/1875
f 2357/3111/1871 2646/3171/1927 2647/3172/1928 2358/3113/1873
f 2356/3109/1869 2645/3170/1926 2646/3171/1927 2357/3111/1871
f 2355/3107/1867 2644/3169/1925 2645/3170/1926 2356/3109/1869
f 2354/3105/1865 2643/3168/1924 2644/3169/1925 2355/3107/1867
f 2353/3103/1863 2642/3167/1923 2643/3168/1924 2354/3105/1865
f 2352/3100/1861 2641/3166/1922 2642/3167/1923 2353/3103/1863
f 2351/3099/1859 2640/3165/1921 2641/3166/1922 2352/3100/1861
f 2350/3095/1857 2639/3163/1920 2640/3164/1921 2351/3097/1859
f 2349/3093/1855 2638/3162/1919 2639/3163/1920 2350/3095/1857
f 2348/3091/1853 2637/3161/1918 2638/3162/1919 2349/3093/1855
f 2347/3089/1851 2636/3160/1917 2637/3161/1918 2348/3091/1853
f 2346/3087/1849 2635/3159/1916 2636/3160/1917 2347/3089/1851
f 2345/3085/1847 2634/3158/1915 2635/3159/1916 2346/3087/1849
f 2344/3083/1845 2633/3157/1914 2634/3158/1915 2345/3085/1847
f 2343/3081/1843 2632/3156/1913 2633/3157/1914 2344/3083/1845
f 2342/3079/1841 2631/3155/1912 2632/3156/1913 2343/3081/1843
f 2341/3077/1839 2630/3154/1911 2631/3155/1912 2342/3079/1841
f 2340/3074/1837 2629/3153/1910 2630/3154/1911 2341/3077/1839
f 2339/3073/1835 2628/3152/1909 2629/3153/1910 2340/3074/1837
f 2338/3069/1833 2627/3150/1908 2628/3151/1909 2339/3071/1835
f 2337/3067/1831 2626/3149/1907 2627/3150/1908 2338/3069/1833
f 2336/3065/1829 2625/3148/1906 2626/3149/1907 2337/3067/1831
f 2335/3063/1827 2624/3147/1905 2625/3148/1906 2336/3065/1829
f 2334/3061/1825 2623/3146/1904 2624/3147/1905 2335/3063/1827
f 2333/3059/1823 2622/3145/1903 2623/3146/1904 2334/3061/1825
f 2332/3057/1821 2621/3144/1902 2622/3145/1903 2333/3059/1823
f 2331/3055/1819 2620/3143/1901 2621/3144/1902 2332/3057/1821
f 2330/3053/1817 2619/3142/1900 2620/3143/1901 2331/3055/1819
f 2329/3051/1815 2618/3141/1899 2619/3142/1900 2330/3053/1817
f 2328/3048/1813 2617/3140/1898 2618/3141/1899 2329/3051/1815
f 2327/3047/1811 2616/3139/1897 2617/3140/1898 2328/3048/1813
f 2326/3043/1809 2615/3137/1896 2616/3138/1897 2327/3045/1811
f 2325/3041/1807 2614/3136/1895 2615/3137/1896 2326/3043/1809
f 2324/3039/1805 2613/3135/1894 2614/3136/1895 2325/3041/1807
f 2323/3037/1803 2612/3134/1893 2613/3135/1894 2324/3039/1805
f 2322/3035/1801 2611/3133/1892 2612/3134/1893 2323/3037/1803
f 2321/3033/1799 2610/3132/1891 2611/3133/1892 2322/3035/1801
f 2320/3031/1797 2609/3131/1890 2610/3132/1891 2321/3033/1799
f 2319/3029/1795 2608/3130/1889 2609/3131/1890 2320/3031/1797
f 2318/3027/1793 2607/3129/1888 2608/3130/1889 2319/3029/1795
f 2317/3024/1790 2606/3128/1887 2607/3129/1888 2318/3027/1793
f 2316/3023/1789 2605/3127/1886 2606/3128/1887 2317/3024/1790
f 2220/3646/1884 2363/3125/1883 2316/3023/1789 2221/3026/1792
f 2173/3180/1934 2222/3025/1791 2223/3028/1794 2174/3229/1980
f 2219/3647/1936 2220/3646/1884 2221/3026/1792 2172/3179/1933
f 2682/3648/2357 2662/3649/2358 2653/3650/534 2664/3651/2359
f 2668/3652/2360 2655/3653/2361 2656/3654/2362 2670/3655/2363
f 2670/3656/2363 2656/3657/2362 2657/3658/2364 2672/3659/2365
f 2672/3659/2365 2657/3658/2364 2658/3660/545 2674/3661/2366
f 2674/3661/2366 2658/3660/545 2659/3662/2367 2676/3663/2368
f 2676/3663/2368 2659/3662/2367 2660/3664/2369 2678/3665/2370
f 2678/3665/2370 2660/3664/2369 2661/3666/2371 2680/3667/2372
f 2680/3667/2372 2661/3666/2371 2662/3649/2358 2682/3648/2357
f 2669/3668/2373 2671/3669/2374 2652/3670/21
f 2666/3671/2375 2654/3672/2376 2655/3653/2361 2668/3652/2360
f 2664/3651/2359 2653/3650/534 2654/3672/2376 2666/3671/2375
f 2664/3673/2359 2666/3674/2375 2665/3675/2377 2663/3676/2378
f 2666/3674/2375 2668/3677/2360 2667/3678/2379 2665/3675/2377
f 2668/3677/2360 2670/3679/2363 2669/3668/2373 2667/3678/2379
f 2670/3679/2363 2672/3680/2365 2671/3669/2374 2669/3668/2373
f 2672/3680/2365 2674/3681/2366 2673/3682/2380 2671/3669/2374
f 2674/3681/2366 2676/3683/2368 2675/3684/2381 2673/3682/2380
f 2676/3683/2368 2678/3685/2370 2677/3686/2382 2675/3684/2381
f 2678/3685/2370 2680/3687/2372 2679/3688/2383 2677/3686/2382
f 2680/3687/2372 2682/3689/2357 2681/3690/2384 2679/3688/2383
f 2682/3689/2357 2664/3673/2359 2663/3676/2378 2681/3690/2384
f 2681/3690/2384 2663/3676/2378 2652/3670/21
f 2667/3678/2379 2669/3668/2373 2652/3670/21
f 2665/3675/2377 2667/3678/2379 2652/3670/21
f 2663/3676/2378 2665/3675/2377 2652/3670/21
f 2679/3688/2383 2681/3690/2384 2652/3670/21
f 2677/3686/2382 2679/3688/2383 2652/3670/21
f 2675/3684/2381 2677/3686/2382 2652/3670/21
f 2673/3682/2380 2675/3684/2381 2652/3670/21
f 2671/3669/2374 2673/3682/2380 2652/3670/21
f 2717/3691/11 2691/3692/11 2695/3693/11
f 2717/3691/11 2689/3694/11 2688/3695/11
f 2707/3696/2385 2715/3697/2386 2706/3698/2387
f 2694/3699/2388 2692/3700/2389 2703/3701/2390 2697/3702/2391
f 2702/3703/2392 2704/3704/2393 2705/3705/2394 2701/3706/2395
f 2704/3704/2393 2698/3707/2396 2699/3708/2397 2705/3705/2394
f 2705/3705/2394 2699/3708/2397 2697/3702/2391 2703/3701/2390
f 2714/3709/2398 2715/3697/2386 2704/3704/2393 2702/3703/2392
f 2701/3706/2395 2705/3705/2394 2703/3701/2390 2700/3710/2399
f 2692/3700/2389 2693/3711/2400 2700/3710/2399 2703/3701/2390
f 2717/3691/11 2692/3700/2389 2694/3699/2388 2691/3692/11
f 2715/3697/2386 2708/3712/2401 2709/3713/2402
f 2715/3697/2386 2710/3714/2403 2708/3712/2401
f 2712/3715/2404 2715/3697/2386 2711/3716/2405
f 2715/3697/2386 2707/3696/2385 2710/3714/2403
f 2706/3698/2387 2715/3697/2386 2712/3715/2404
f 2715/3697/2386 2709/3713/2402 2719/3717/2406
f 2714/3709/2398 2718/3718/2407 2715/3697/2386
f 2717/3691/11 2683/3719/11 2693/3711/2400 2692/3700/2389
f 2717/3691/11 2686/3720/11 2685/3721/11
f 2717/3691/11 2687/3722/11 2686/3720/11
f 2717/3691/11 2688/3695/11 2687/3722/11
f 2717/3691/11 2690/3723/11 2689/3694/11
f 2717/3691/11 2695/3693/11 2690/3723/11
f 2717/3691/11 2684/3724/11 2696/3725/11
f 2715/3697/2386 2713/3726/2408 2698/3707/2396 2704/3704/2393
f 2717/3691/11 2685/3721/11 2684/3724/11
f 2711/3716/2405 2715/3697/2386 2718/3718/2407
f 2713/3726/2408 2715/3697/2386 2719/3717/2406
f 2733/3727/3 2754/3728/3 2720/3729/3
f 2754/3728/3 2732/3730/3 2728/3731/3
f 2726/3732/3 2754/3728/3 2725/3733/3
f 2743/3734/2409 2752/3735/2410 2744/3736/2411
f 2734/3737/2412 2740/3738/2413 2729/3739/2414 2731/3740/2414
f 2739/3741/2415 2738/3742/2416 2742/3743/2417 2741/3744/2418
f 2741/3744/2418 2742/3743/2417 2736/3745/2419 2735/3746/2420
f 2742/3743/2417 2740/3738/2413 2734/3737/2412 2736/3745/2419
f 2751/3747/2421 2739/3741/2415 2741/3744/2418 2752/3735/2410
f 2738/3742/2416 2737/3748/2422 2740/3738/2413 2742/3743/2417
f 2729/3739/2414 2740/3738/2413 2737/3748/2422 2730/3749/2414
f 2731/3740/2414 2729/3739/2414 2754/3728/3 2728/3731/3
f 2752/3735/2410 2746/3750/2423 2745/3751/2424
f 2752/3735/2410 2745/3751/2424 2747/3752/2425
f 2748/3753/2426 2752/3735/2410 2749/3754/2427
f 2752/3735/2410 2747/3752/2425 2744/3736/2411
f 2749/3754/2427 2752/3735/2410 2743/3734/2409
f 2752/3735/2410 2756/3755/2428 2746/3750/2423
f 2755/3756/2429 2751/3747/2421 2752/3735/2410
f 2730/3749/2414 2720/3729/3 2754/3728/3 2729/3739/2414
f 2754/3728/3 2722/3757/3 2723/3758/3
f 2754/3728/3 2723/3758/3 2724/3759/3
f 2724/3759/3 2725/3733/3 2754/3728/3
f 2754/3728/3 2726/3732/3 2727/3760/3
f 2754/3728/3 2727/3760/3 2732/3730/3
f 2754/3728/3 2733/3727/3 2721/3761/3
f 2752/3735/2410 2741/3744/2418 2735/3746/2420 2750/3762/2430
f 2754/3728/3 2721/3761/3 2722/3757/3
f 2755/3756/2429 2752/3735/2410 2748/3753/2426
f 2756/3755/2428 2752/3735/2410 2750/3762/2430
f 2707/3763/2431 2706/3764/2432 2743/3765/2433 2744/3766/2431
f 2709/3767/2434 2708/3768/2435 2745/3769/2435 2746/3770/2436
f 2708/3768/2435 2710/3771/2437 2747/3772/2438 2745/3769/2435
f 2691/3773/2439 2694/3774/2440 2731/3775/2440 2728/3776/2441
f 2712/3777/2442 2711/3778/2443 2748/3779/2444 2749/3780/2442
f 2693/3781/2445 2683/3782/2446 2720/3783/2447 2730/3784/2448
f 2710/3771/2437 2707/3763/2431 2744/3766/2431 2747/3772/2438
f 2706/3764/2432 2712/3777/2442 2749/3780/2442 2743/3765/2433
f 2698/3785/2449 2713/3786/2450 2750/3787/2450 2735/3788/2449
f 2699/3789/2451 2698/3785/2449 2735/3788/2449 2736/3790/2451
f 2697/3791/2452 2699/3789/2451 2736/3790/2451 2734/3792/2452
f 2714/3793/2453 2702/3794/2454 2739/3795/2454 2751/3796/2453
f 2702/3794/2454 2701/3797/2455 2738/3798/2455 2739/3795/2454
f 2701/3797/2455 2700/3799/2456 2737/3800/2457 2738/3798/2455
f 2711/3778/2443 2718/3801/2458 2755/3802/2458 2748/3779/2444
f 2700/3799/2456 2693/3781/2445 2730/3784/2448 2737/3800/2457
f 2694/3774/2440 2697/3791/2452 2734/3792/2452 2731/3775/2440
f 2719/3803/2459 2709/3767/2434 2746/3770/2436 2756/3804/2460
f 2683/3782/2446 2696/3805/2461 2733/3806/2461 2720/3783/2447
f 2684/3807/2462 2685/3808/2463 2722/3809/2463 2721/3810/2462
f 2685/3808/2463 2686/3811/2464 2723/3812/2464 2722/3809/2463
f 2686/3811/2464 2687/3813/2465 2724/3814/2465 2723/3812/2464
f 2687/3815/2465 2688/3816/2466 2725/3817/2466 2724/3818/2465
f 2688/3816/2466 2689/3819/2467 2726/3820/2467 2725/3817/2466
f 2689/3819/2467 2690/3821/2468 2727/3822/2468 2726/3820/2467
f 2690/3821/2468 2695/3823/2469 2732/3824/2469 2727/3822/2468
f 2695/3823/2469 2691/3773/2439 2728/3776/2441 2732/3824/2469
f 2696/3805/2461 2684/3807/2462 2721/3810/2462 2733/3806/2461
f 2718/3801/2458 2714/3793/2453 2751/3796/2453 2755/3802/2458
f 2713/3786/2450 2719/3803/2459 2756/3804/2460 2750/3787/2450
f 2717/3691/11 2696/3725/11 2683/3719/11
f 2772/3825/2470 2819/3826/2471 2774/3827/2472 2757/3828/534
f 2759/3829/2473 2780/3830/2474 2783/3831/2475 2760/3832/2476
f 2760/3832/2476 2783/3831/2475 2786/3833/2477 2761/3834/614
f 2761/3834/614 2786/3833/2477 2789/3835/2478 2762/3836/2479
f 2762/3836/2479 2789/3835/2478 2792/3837/2480 2763/3838/2481
f 2763/3838/2481 2792/3837/2480 2795/3839/2482 2764/3840/2483
f 2764/3840/2483 2795/3839/2482 2798/3841/2484 2765/3842/545
f 2765/3842/545 2798/3841/2484 2801/3843/2485 2766/3844/2486
f 2766/3844/2486 2801/3843/2485 2804/3845/2487 2767/3846/2488
f 2767/3846/2488 2804/3845/2487 2807/3847/2489 2768/3848/2490
f 2768/3848/2490 2807/3847/2489 2810/3849/2491 2769/3850/21
f 2769/3850/21 2810/3849/2491 2813/3851/2492 2770/3852/2493
f 2770/3852/2493 2813/3851/2492 2816/3853/2494 2771/3854/2495
f 2771/3854/2495 2816/3853/2494 2819/3826/2471 2772/3825/2470
f 2757/3828/534 2774/3827/2472 2777/3855/2496 2758/3856/2497
f 2758/3857/2497 2777/3858/2496 2780/3830/2474 2759/3829/2473
f 2777/3855/2496 2774/3827/2472 2775/3859/2498 2778/3860/2499
f 2778/3861/2499 2775/3862/2498 2773/3863/2500 2776/3864/2501
f 2780/3830/2474 2777/3858/2496 2778/3865/2499 2781/3866/2502
f 2781/3867/2502 2778/3861/2499 2776/3864/2501 2779/3868/2503
f 2783/3831/2475 2780/3830/2474 2781/3866/2502 2784/3869/2504
f 2784/3870/2504 2781/3867/2502 2779/3868/2503 2782/3871/2505
f 2786/3833/2477 2783/3831/2475 2784/3869/2504 2787/3872/2506
f 2787/3873/2506 2784/3870/2504 2782/3871/2505 2785/3874/2507
f 2789/3835/2478 2786/3833/2477 2787/3872/2506 2790/3875/2508
f 2790/3876/2508 2787/3873/2506 2785/3874/2507 2788/3877/2509
f 2792/3837/2480 2789/3835/2478 2790/3875/2508 2793/3878/2510
f 2793/3879/2510 2790/3876/2508 2788/3877/2509 2791/3880/2511
f 2795/3839/2482 2792/3837/2480 2793/3878/2510 2796/3881/2512
f 2796/3882/2512 2793/3879/2510 2791/3880/2511 2794/3883/2513
f 2798/3841/2484 2795/3839/2482 2796/3881/2512 2799/3884/2514
f 2799/3885/2514 2796/3882/2512 2794/3883/2513 2797/3886/2515
f 2801/3843/2485 2798/3841/2484 2799/3884/2514 2802/3887/2516
f 2802/3888/2516 2799/3885/2514 2797/3886/2515 2800/3889/2517
f 2804/3845/2487 2801/3843/2485 2802/3887/2516 2805/3890/2518
f 2805/3891/2518 2802/3888/2516 2800/3889/2517 2803/3892/2519
f 2807/3847/2489 2804/3845/2487 2805/3890/2518 2808/3893/2520
f 2808/3894/2520 2805/3891/2518 2803/3892/2519 2806/3895/2521
f 2810/3849/2491 2807/3847/2489 2808/3893/2520 2811/3896/2522
f 2811/3897/2522 2808/3894/2520 2806/3895/2521 2809/3898/2523
f 2813/3851/2492 2810/3849/2491 2811/3896/2522 2814/3899/2524
f 2814/3900/2524 2811/3897/2522 2809/3898/2523 2812/3901/2525
f 2816/3853/2494 2813/3851/2492 2814/3899/2524 2817/3902/2526
f 2817/3903/2526 2814/3900/2524 2812/3901/2525 2815/3904/2527
f 2819/3826/2471 2816/3853/2494 2817/3902/2526 2820/3905/2528
f 2820/3906/2528 2817/3903/2526 2815/3904/2527 2818/3907/2529
f 2774/3827/2472 2819/3826/2471 2820/3905/2528 2775/3859/2498
f 2775/3862/2498 2820/3906/2528 2818/3907/2529 2773/3863/2500
f 2800/3889/2517 2797/3886/2515 2821/3908/11
f 2797/3886/2515 2794/3883/2513 2821/3908/11
f 2794/3883/2513 2791/3880/2511 2821/3908/11
f 2791/3880/2511 2788/3877/2509 2821/3908/11
f 2773/3863/2500 2818/3907/2529 2821/3908/11
f 2788/3877/2509 2785/3874/2507 2821/3908/11
f 2785/3874/2507 2782/3871/2505 2821/3908/11
f 2782/3871/2505 2779/3868/2503 2821/3908/11
f 2779/3868/2503 2776/3864/2501 2821/3908/11
f 2776/3864/2501 2773/3863/2500 2821/3908/11
f 2818/3907/2529 2815/3904/2527 2821/3908/11
f 2815/3904/2527 2812/3901/2525 2821/3908/11
f 2812/3901/2525 2809/3898/2523 2821/3908/11
f 2809/3898/2523 2806/3895/2521 2821/3908/11
f 2806/3895/2521 2803/3892/2519 2821/3908/11
f 2803/3892/2519 2800/3889/2517 2821/3908/11
s 0
f 2822/3909/2530 2823/3910/2530 2825/3911/2530 2824/3912/2530
f 2824/3913/2531 2825/3914/2531 2827/3915/2531 2826/3916/2531
f 2826/3916/2532 2827/3915/2532 2829/3917/2532 2828/3918/2532
f 2828/3918/2533 2829/3917/2533 2831/3919/2533 2830/3920/2533
f 2830/3920/2534 2831/3919/2534 2833/3921/2534 2832/3922/2534
f 2832/3922/2535 2833/3921/2535 2835/3923/2535 2834/3924/2535
f 2835/3925/11 2833/3926/11 2838/3927/11
f 2834/3924/2536 2835/3923/2536 2837/3928/2536 2836/3929/2536
f 2836/3929/2537 2837/3928/2537 2823/3910/2537 2822/3909/2537
f 2831/3930/11 2829/3931/11 2838/3927/11
f 2837/3932/11 2835/3925/11 2838/3927/11
f 2827/3933/11 2825/3934/11 2838/3927/11
f 2833/3926/11 2831/3930/11 2838/3927/11
f 2823/3935/11 2837/3932/11 2838/3927/11
f 2825/3934/11 2823/3935/11 2838/3927/11
f 2829/3931/11 2827/3933/11 2838/3927/11
s 1
f 2910/3936/614 2909/3937/614 2864/3938/614 2863/3939/614
f 2897/3940/614 2896/3941/614 2877/3942/614 2876/3943/614
f 2924/3944/614 2923/3945/614 2850/3946/614 2849/3947/614
f 2911/3948/614 2910/3936/614 2863/3939/614 2862/3949/614
f 2898/3950/614 2897/3940/614 2876/3943/614 2875/3951/614
f 2925/3952/614 2924/3944/614 2849/3947/614 2848/3953/614
f 2912/3954/614 2911/3948/614 2862/3949/614 2861/3955/614
f 2899/3956/614 2898/3950/614 2875/3951/614 2874/3957/614
f 2926/3958/614 2925/3952/614 2848/3953/614 2847/3959/614
f 2913/3960/614 2912/3954/614 2861/3955/614 2860/3961/614
f 2900/3962/614 2899/3956/614 2874/3957/614 2873/3963/614
f 2927/3964/614 2926/3958/614 2847/3959/614 2846/3965/614
f 2887/3966/614 2934/3967/614 2839/3968/614 2886/3969/614
f 2914/3970/614 2913/3960/614 2860/3961/614 2859/3971/614
f 2901/3972/614 2900/3962/614 2873/3963/614 2872/3973/614
f 2928/3974/614 2927/3964/614 2846/3965/614 2845/3975/614
f 2888/3976/614 2887/3966/614 2886/3969/614 2885/3977/614
f 2915/3978/614 2914/3970/614 2859/3971/614 2858/3979/614
f 2902/3980/614 2901/3972/614 2872/3973/614 2871/3981/614
f 2929/3982/614 2928/3974/614 2845/3975/614 2844/3983/614
f 2889/3984/614 2888/3976/614 2885/3977/614 2884/3985/614
f 2916/3986/614 2915/3978/614 2858/3979/614 2857/3987/614
f 2903/3988/614 2902/3980/614 2871/3981/614 2870/3989/614
f 2930/3990/614 2929/3982/614 2844/3983/614 2843/3991/614
f 2890/3992/614 2889/3984/614 2884/3985/614 2883/3993/614
f 2917/3994/614 2916/3986/614 2857/3987/614 2856/3995/614
f 2904/3996/614 2903/3988/614 2870/3989/614 2869/3997/614
f 2931/3998/614 2930/3990/614 2843/3991/614 2842/3999/614
f 2891/4000/614 2890/3992/614 2883/3993/614 2882/4001/614
f 2918/4002/614 2917/3994/614 2856/3995/614 2855/4003/614
f 2905/4004/614 2904/3996/614 2869/3997/614 2868/4005/614
f 2932/4006/614 2931/3998/614 2842/3999/614 2841/4007/614
f 2892/4008/614 2891/4000/614 2882/4001/614 2881/4009/614
f 2919/4010/614 2918/4002/614 2855/4003/614 2854/4011/614
f 2906/4012/614 2905/4004/614 2868/4005/614 2867/4013/614
f 2933/4014/614 2932/4006/614 2841/4007/614 2840/4015/614
f 2893/4016/614 2892/4008/614 2881/4009/614 2880/4017/614
f 2920/4018/614 2919/4010/614 2854/4011/614 2853/4019/614
f 2907/4020/614 2906/4012/614 2867/4013/614 2866/4021/614
f 2934/3967/614 2933/4014/614 2840/4015/614 2839/3968/614
f 2894/4022/614 2893/4016/614 2880/4017/614 2879/4023/614
f 2921/4024/614 2920/4018/614 2853/4019/614 2852/4025/614
f 2908/4026/614 2907/4020/614 2866/4021/614 2865/4027/614
f 2895/4028/614 2894/4022/614 2879/4023/614 2878/4029/614
f 2922/4030/614 2921/4024/614 2852/4025/614 2851/4031/614
f 2909/3937/614 2908/4026/614 2865/4027/614 2864/3938/614
f 2896/3941/614 2895/4028/614 2878/4029/614 2877/3942/614
f 2923/3945/614 2922/4030/614 2851/4031/614 2850/3946/614
f 2878/4029/2538 2879/4023/2539 2975/4032/2539 2974/4033/2538
f 2851/4031/2540 2852/4025/2541 2948/4034/2541 2947/4035/2540
f 2864/3938/2542 2865/4027/2543 2961/4036/2543 2960/4037/2544
f 2840/4015/2545 2841/4007/2546 2937/4038/2546 2936/4039/2547
f 2877/3942/2548 2878/4029/2538 2974/4033/2538 2973/4040/2549
f 2850/3946/2550 2851/4031/2540 2947/4035/2540 2946/4041/2550
f 2863/3939/2551 2864/3938/2542 2960/4037/2544 2959/4042/2551
f 2876/3943/2552 2877/3942/2548 2973/4040/2549 2972/4043/2552
f 2849/3947/2553 2850/3946/2550 2946/4041/2550 2945/4044/2554
f 2862/3949/2555 2863/3939/2551 2959/4042/2551 2958/4045/2556
f 2839/3968/2557 2840/4015/2545 2936/4039/2547 2935/4046/2557
f 2875/3951/2558 2876/3943/2552 2972/4043/2552 2971/4047/2558
f 2848/3953/2559 2849/3947/2553 2945/4044/2554 2944/4048/2559
f 2884/3985/2560 2885/3977/2561 2981/4049/2561 2980/4050/2562
f 2861/3955/2563 2862/3949/2555 2958/4045/2556 2957/4051/2563
f 2874/3957/2564 2875/3951/2558 2971/4047/2558 2970/4052/2564
f 2847/3959/2565 2848/3953/2559 2944/4048/2559 2943/4053/2565
f 2860/3961/2566 2861/3955/2563 2957/4051/2563 2956/4054/2567
f 2873/3963/2568 2874/3957/2564 2970/4052/2564 2969/4055/2569
f 2846/3965/2570 2847/3959/2565 2943/4053/2565 2942/4056/2571
f 2883/3993/2572 2884/3985/2560 2980/4050/2562 2979/4057/2573
f 2859/3971/2574 2860/3961/2566 2956/4054/2567 2955/4058/2575
f 2872/3973/2576 2873/3963/2568 2969/4055/2569 2968/4059/2576
f 2845/3975/2577 2846/3965/2570 2942/4056/2571 2941/4060/2578
f 2858/3979/2579 2859/3971/2574 2955/4058/2575 2954/4061/2580
f 2871/3981/2581 2872/3973/2576 2968/4059/2576 2967/4062/2581
f 2844/3983/2582 2845/3975/2577 2941/4060/2578 2940/4063/2583
f 2882/4001/2584 2883/3993/2572 2979/4057/2573 2978/4064/2585
f 2857/3987/2586 2858/3979/2579 2954/4061/2580 2953/4065/2587
f 2870/3989/2588 2871/3981/2581 2967/4062/2581 2966/4066/2589
f 2886/3969/2590 2839/3968/2557 2935/4046/2557 2982/4067/2591
f 2885/3977/2561 2886/3969/2590 2982/4067/2591 2981/4049/2561
f 2856/3995/2592 2857/3987/2586 2953/4065/2587 2952/4068/2593
f 2869/3997/2594 2870/3989/2588 2966/4066/2589 2965/4069/2595
f 2843/3991/2596 2844/3983/2582 2940/4063/2583 2939/4070/2597
f 2881/4009/2598 2882/4001/2584 2978/4064/2585 2977/4071/2599
f 2855/4003/2600 2856/3995/2592 2952/4068/2593 2951/4072/2600
f 2868/4005/2601 2869/3997/2594 2965/4069/2595 2964/4073/2602
f 2842/3999/2603 2843/3991/2596 2939/4070/2597 2938/4074/2604
f 2854/4011/2605 2855/4003/2600 2951/4072/2600 2950/4075/2605
f 2867/4013/2606 2868/4005/2601 2964/4073/2602 2963/4076/2607
f 2880/4017/2608 2881/4009/2598 2977/4071/2599 2976/4077/2609
f 2853/4019/2610 2854/4011/2605 2950/4075/2605 2949/4078/2611
f 2866/4021/2612 2867/4013/2606 2963/4076/2607 2962/4079/2613
f 2841/4007/2546 2842/3999/2603 2938/4074/2604 2937/4038/2546
f 2879/4023/2539 2880/4017/2608 2976/4077/2609 2975/4032/2539
f 2852/4025/2541 2853/4019/2610 2949/4078/2611 2948/4034/2541
f 2865/4027/2543 2866/4021/2612 2962/4079/2613 2961/4036/2543
f 2921/4080/2614 2922/4081/3 3068/4082/3 3071/4083/2614
f 2895/4084/2615 2896/4085/2616 3146/4086/2616 3149/4087/2615
f 3019/4088/2617 3067/4089/2617 3064/4090/2618 3016/4091/2618
f 3017/4092/2619 3145/4093/2619 3142/4094/2620 3014/4095/2620
f 3013/4096/2621 3061/4097/2621 3058/4098/2622 3010/4099/2622
f 3011/4100/2623 3139/4101/2623 3136/4102/2624 3008/4103/2624
f 3010/4099/2622 3058/4098/2622 3055/4104/2625 3007/4105/2625
f 3008/4103/2624 3136/4102/2624 3133/4106/2626 3004/4107/2626
f 3007/4105/2625 3055/4104/2625 3052/4108/2627 3003/4109/2627
f 3004/4107/2626 3133/4106/2626 3130/4110/2628 3000/4111/2628
f 3003/4109/2627 3052/4108/2627 3049/4112/2629 2999/4113/2629
f 3000/4111/2628 3130/4110/2628 3127/4114/2630 2996/4115/2630
f 2999/4113/2629 3049/4112/2629 3046/4116/2631 2995/4117/2631
f 2996/4115/2630 3127/4114/2630 3124/4118/2632 2992/4119/2632
f 2995/4117/2631 3046/4116/2631 3043/4120/2633 2991/4121/2633
f 2992/4119/2632 3124/4118/2632 3121/4122/2634 2985/4123/2634
f 2991/4121/2633 3043/4120/2633 3040/4124/2635 2983/4125/2635
f 2985/4123/2634 3121/4122/2634 3118/4126/2636 2986/4127/2636
f 2983/4125/2635 3040/4124/2635 3037/4128/2637 2984/4129/2637
f 2986/4127/2636 3118/4126/2636 3115/4130/2638 3028/4131/2638
f 2984/4129/2637 3037/4128/2637 3034/4132/2639 3027/4133/2639
f 3028/4131/2638 3115/4130/2638 3112/4134/2640 3024/4135/2640
f 3006/4136/2641 3032/4137/2641 3172/4138/2642 3002/4139/2642
f 3024/4135/2640 3112/4134/2640 3109/4140/2643 3021/4141/2643
f 3021/4141/2643 3109/4140/2643 3106/4142/2644 3018/4143/2644
f 3027/4133/2639 3034/4132/2639 3032/4144/2641 3006/4145/2641
f 2887/4146/2645 2888/4147/2646 3170/4148/2646 3173/4149/2645
f 2888/4147/2646 2889/4150/2647 3167/4151/2647 3170/4148/2646
f 2889/4150/2647 2890/4152/2648 3164/4153/2648 3167/4151/2647
f 2890/4152/2648 2891/4154/2649 3161/4155/2649 3164/4153/2648
f 2891/4154/2649 2892/4156/2650 3158/4157/2650 3161/4155/2649
f 2892/4156/2650 2893/4158/2651 3155/4159/2651 3158/4157/2650
f 2893/4158/2651 2894/4160/2652 3152/4161/2652 3155/4159/2651
f 2894/4160/2652 2895/4084/2615 3149/4087/2615 3152/4161/2652
f 2896/4085/2616 2897/4162/2653 3143/4163/2653 3146/4086/2616
f 2897/4162/2653 2898/4164/11 3140/4165/11 3143/4163/2653
f 3014/4095/2620 3142/4094/2620 3139/4166/2623 3011/4167/2623
f 2898/4168/11 2899/4169/2654 3137/4170/2654 3140/4171/11
f 2899/4169/2654 2900/4172/2655 3134/4173/2655 3137/4170/2654
f 2900/4172/2655 2901/4174/2656 3131/4175/2656 3134/4173/2655
f 2901/4174/2656 2902/4176/2657 3128/4177/2657 3131/4175/2656
f 2902/4176/2657 2903/4178/2658 3125/4179/2658 3128/4177/2657
f 2903/4178/2658 2904/4180/2659 3122/4181/2659 3125/4179/2658
f 2904/4180/2659 2905/4182/2660 3119/4183/2660 3122/4181/2659
f 2905/4182/2660 2906/4184/2661 3116/4185/2661 3119/4183/2660
f 2906/4184/2661 2907/4186/2662 3113/4187/2662 3116/4185/2661
f 2907/4186/2662 2908/4188/2663 3110/4189/2663 3113/4187/2662
f 2908/4188/2663 2909/4190/2664 3107/4191/2664 3110/4189/2663
f 2909/4190/2664 2910/4192/534 3104/4193/534 3107/4191/2664
f 2910/4194/534 2911/4195/2665 3101/4196/2665 3104/4197/534
f 2911/4195/2665 2912/4198/2666 3098/4199/2666 3101/4196/2665
f 2912/4198/2666 2913/4200/2667 3095/4201/2667 3098/4199/2666
f 2913/4200/2667 2914/4202/2668 3092/4203/2668 3095/4201/2667
f 2914/4202/2668 2915/4204/2669 3089/4205/2669 3092/4203/2668
f 2915/4204/2669 2916/4206/2670 3086/4207/2670 3089/4205/2669
f 2916/4206/2670 2917/4208/2671 3083/4209/2671 3086/4207/2670
f 2917/4208/2671 2918/4210/2672 3080/4211/2672 3083/4209/2671
f 2918/4210/2672 2919/4212/2673 3077/4213/2673 3080/4211/2672
f 2919/4212/2673 2920/4214/2674 3074/4215/2674 3077/4213/2673
f 2920/4214/2674 2921/4080/2614 3071/4083/2614 3074/4215/2674
f 2922/4216/3 2923/4217/2675 3065/4218/2675 3068/4219/3
f 2923/4217/2675 2924/4220/2676 3062/4221/2676 3065/4218/2675
f 3016/4091/2618 3064/4090/2618 3061/4097/2621 3013/4096/2621
f 2924/4220/2676 2925/4222/2677 3059/4223/2677 3062/4221/2676
f 2925/4222/2677 2926/4224/2678 3056/4225/2678 3059/4223/2677
f 2926/4224/2678 2927/4226/2679 3053/4227/2679 3056/4225/2678
f 2927/4226/2679 2928/4228/2680 3050/4229/2680 3053/4227/2679
f 2928/4228/2680 2929/4230/2681 3047/4231/2681 3050/4229/2680
f 2929/4230/2681 2930/4232/2682 3044/4233/2682 3047/4231/2681
f 2930/4232/2682 2931/4234/2683 3041/4235/2683 3044/4233/2682
f 2931/4234/2683 2932/4236/2684 3038/4237/2684 3041/4235/2683
f 2932/4236/2684 2933/4238/2685 3035/4239/2685 3038/4237/2684
f 3020/4240/2686 3148/4241/2686 3145/4093/2619 3017/4092/2619
f 3022/4242/2687 3070/4243/2687 3067/4244/2617 3019/4245/2617
f 3023/4246/2688 3151/4247/2688 3148/4241/2686 3020/4240/2686
f 3025/4248/2689 3073/4249/2689 3070/4243/2687 3022/4242/2687
f 3026/4250/2690 3154/4251/2690 3151/4247/2688 3023/4246/2688
f 3029/4252/2691 3076/4253/2691 3073/4249/2689 3025/4248/2689
f 3030/4254/2692 3157/4255/2692 3154/4251/2690 3026/4250/2690
f 2988/4256/2693 3079/4257/2693 3076/4253/2691 3029/4252/2691
f 2990/4258/2694 3160/4259/2694 3157/4255/2692 3030/4254/2692
f 2987/4260/2695 3082/4261/2695 3079/4257/2693 2988/4256/2693
f 2989/4262/2696 3163/4263/2696 3160/4259/2694 2990/4258/2694
f 2993/4264/2697 3085/4265/2697 3082/4261/2695 2987/4260/2695
f 2994/4266/2698 3166/4267/2698 3163/4263/2696 2989/4262/2696
f 2997/4268/2699 3088/4269/2699 3085/4265/2697 2993/4264/2697
f 2998/4270/2700 3169/4271/2700 3166/4267/2698 2994/4266/2698
f 3001/4272/2701 3091/4273/2701 3088/4269/2699 2997/4268/2699
f 3002/4139/2642 3172/4138/2642 3169/4271/2700 2998/4270/2700
f 3005/4274/2702 3094/4275/2702 3091/4273/2701 3001/4272/2701
f 2933/4238/2685 2934/4276/545 3031/4277/545 3035/4239/2685
f 3009/4278/2703 3097/4279/2703 3094/4275/2702 3005/4274/2702
f 3012/4280/2704 3100/4281/2704 3097/4279/2703 3009/4278/2703
f 3015/4282/2705 3103/4283/2705 3100/4281/2704 3012/4280/2704
f 3018/4143/2644 3106/4142/2644 3103/4284/2705 3015/4285/2705
f 3032/4144/2706 3034/4132/2707 3036/4286/2708 3033/4287/2709
f 3033/4288/2709 3036/4289/2708 3035/4239/2710 3031/4277/2711
f 3034/4132/2707 3037/4128/2712 3039/4290/2713 3036/4286/2708
f 3036/4289/2708 3039/4291/2713 3038/4237/2714 3035/4239/2710
f 3037/4128/2712 3040/4124/2715 3042/4292/2716 3039/4290/2713
f 3039/4291/2713 3042/4293/2716 3041/4235/2717 3038/4237/2714
f 3040/4124/2715 3043/4120/2718 3045/4294/2719 3042/4292/2716
f 3042/4293/2716 3045/4295/2719 3044/4233/2720 3041/4235/2717
f 3043/4120/2718 3046/4116/2721 3048/4296/2722 3045/4294/2719
f 3045/4295/2719 3048/4297/2722 3047/4231/2723 3044/4233/2720
f 3046/4116/2721 3049/4112/2724 3051/4298/2725 3048/4296/2722
f 3048/4297/2722 3051/4299/2725 3050/4229/2726 3047/4231/2723
f 3049/4112/2724 3052/4108/2727 3054/4300/2728 3051/4298/2725
f 3051/4299/2725 3054/4301/2728 3053/4227/2729 3050/4229/2726
f 3052/4108/2727 3055/4104/2730 3057/4302/2731 3054/4300/2728
f 3054/4301/2728 3057/4303/2731 3056/4225/2732 3053/4227/2729
f 3055/4104/2730 3058/4098/2733 3060/4304/2734 3057/4302/2731
f 3057/4303/2731 3060/4305/2734 3059/4223/2735 3056/4225/2732
f 3058/4098/2733 3061/4097/2736 3063/4306/2737 3060/4304/2734
f 3060/4305/2734 3063/4307/2737 3062/4221/2738 3059/4223/2735
f 3061/4097/2736 3064/4090/2739 3066/4308/2740 3063/4306/2737
f 3063/4307/2737 3066/4309/2740 3065/4218/2741 3062/4221/2738
f 3064/4090/2739 3067/4089/2742 3069/4310/2743 3066/4308/2740
f 3066/4309/2740 3069/4311/2743 3068/4219/2744 3065/4218/2741
f 3067/4244/2742 3070/4243/2745 3072/4312/2746 3069/4313/2743
f 3069/4314/2743 3072/4315/2746 3071/4083/2747 3068/4082/2744
f 3070/4243/2745 3073/4249/2748 3075/4316/2749 3072/4312/2746
f 3072/4315/2746 3075/4317/2749 3074/4215/2750 3071/4083/2747
f 3073/4249/2748 3076/4253/2751 3078/4318/2752 3075/4316/2749
f 3075/4317/2749 3078/4319/2752 3077/4213/2753 3074/4215/2750
f 3076/4253/2751 3079/4257/2754 3081/4320/2755 3078/4318/2752
f 3078/4319/2752 3081/4321/2755 3080/4211/2756 3077/4213/2753
f 3079/4257/2754 3082/4261/2757 3084/4322/2758 3081/4320/2755
f 3081/4321/2755 3084/4323/2758 3083/4209/2759 3080/4211/2756
f 3082/4261/2757 3085/4265/2760 3087/4324/2761 3084/4322/2758
f 3084/4323/2758 3087/4325/2761 3086/4207/2762 3083/4209/2759
f 3085/4265/2760 3088/4269/2763 3090/4326/2764 3087/4324/2761
f 3087/4325/2761 3090/4327/2764 3089/4205/2765 3086/4207/2762
f 3088/4269/2763 3091/4273/2766 3093/4328/2767 3090/4326/2764
f 3090/4327/2764 3093/4329/2767 3092/4203/2768 3089/4205/2765
f 3091/4273/2766 3094/4275/2769 3096/4330/2770 3093/4328/2767
f 3093/4329/2767 3096/4331/2770 3095/4201/2771 3092/4203/2768
f 3094/4275/2769 3097/4279/2772 3099/4332/2773 3096/4330/2770
f 3096/4331/2770 3099/4333/2773 3098/4199/2774 3095/4201/2771
f 3097/4279/2772 3100/4281/2775 3102/4334/2776 3099/4332/2773
f 3099/4333/2773 3102/4335/2776 3101/4196/2777 3098/4199/2774
f 3100/4281/2775 3103/4283/2778 3105/4336/2779 3102/4334/2776
f 3102/4335/2776 3105/4337/2779 3104/4197/2780 3101/4196/2777
f 3103/4284/2778 3106/4142/2781 3108/4338/2782 3105/4339/2779
f 3105/4340/2779 3108/4341/2782 3107/4191/2783 3104/4193/2780
f 3106/4142/2781 3109/4140/2784 3111/4342/2785 3108/4338/2782
f 3108/4341/2782 3111/4343/2785 3110/4189/2786 3107/4191/2783
f 3109/4140/2784 3112/4134/2787 3114/4344/2788 3111/4342/2785
f 3111/4343/2785 3114/4345/2788 3113/4187/2789 3110/4189/2786
f 3112/4134/2787 3115/4130/2790 3117/4346/2791 3114/4344/2788
f 3114/4345/2788 3117/4347/2791 3116/4185/2792 3113/4187/2789
f 3115/4130/2790 3118/4126/2793 3120/4348/2794 3117/4346/2791
f 3117/4347/2791 3120/4349/2794 3119/4183/2795 3116/4185/2792
f 3118/4126/2793 3121/4122/2796 3123/4350/2797 3120/4348/2794
f 3120/4349/2794 3123/4351/2797 3122/4181/2798 3119/4183/2795
f 3121/4122/2796 3124/4118/2799 3126/4352/2800 3123/4350/2797
f 3123/4351/2797 3126/4353/2800 3125/4179/2801 3122/4181/2798
f 3124/4118/2799 3127/4114/2802 3129/4354/2803 3126/4352/2800
f 3126/4353/2800 3129/4355/2803 3128/4177/2804 3125/4179/2801
f 3127/4114/2802 3130/4110/2805 3132/4356/2806 3129/4354/2803
f 3129/4355/2803 3132/4357/2806 3131/4175/2807 3128/4177/2804
f 3130/4110/2805 3133/4106/2808 3135/4358/2809 3132/4356/2806
f 3132/4357/2806 3135/4359/2809 3134/4173/2810 3131/4175/2807
f 3133/4106/2808 3136/4102/2811 3138/4360/2812 3135/4358/2809
f 3135/4359/2809 3138/4361/2812 3137/4170/2813 3134/4173/2810
f 3136/4102/2811 3139/4101/2814 3141/4362/2815 3138/4360/2812
f 3138/4361/2812 3141/4363/2815 3140/4171/2816 3137/4170/2813
f 3139/4166/2814 3142/4094/2817 3144/4364/2818 3141/4365/2815
f 3141/4366/2815 3144/4367/2818 3143/4163/2819 3140/4165/2816
f 3142/4094/2817 3145/4093/2820 3147/4368/2821 3144/4364/2818
f 3144/4367/2818 3147/4369/2821 3146/4086/2822 3143/4163/2819
f 3145/4093/2820 3148/4241/2823 3150/4370/2824 3147/4368/2821
f 3147/4369/2821 3150/4371/2824 3149/4087/2825 3146/4086/2822
f 3148/4241/2823 3151/4247/2826 3153/4372/2827 3150/4370/2824
f 3150/4371/2824 3153/4373/2827 3152/4161/2828 3149/4087/2825
f 3151/4247/2826 3154/4251/2829 3156/4374/2830 3153/4372/2827
f 3153/4373/2827 3156/4375/2830 3155/4159/2831 3152/4161/2828
f 3154/4251/2829 3157/4255/2832 3159/4376/2833 3156/4374/2830
f 3156/4375/2830 3159/4377/2833 3158/4157/2834 3155/4159/2831
f 3157/4255/2832 3160/4259/2835 3162/4378/2836 3159/4376/2833
f 3159/4377/2833 3162/4379/2836 3161/4155/2837 3158/4157/2834
f 3160/4259/2835 3163/4263/2838 3165/4380/2839 3162/4378/2836
f 3162/4379/2836 3165/4381/2839 3164/4153/2840 3161/4155/2837
f 3163/4263/2838 3166/4267/2841 3168/4382/2842 3165/4380/2839
f 3165/4381/2839 3168/4383/2842 3167/4151/2843 3164/4153/2840
f 3166/4267/2841 3169/4271/2844 3171/4384/2845 3168/4382/2842
f 3168/4383/2842 3171/4385/2845 3170/4148/2846 3167/4151/2843
f 3169/4271/2844 3172/4138/2847 3174/4386/2848 3171/4384/2845
f 3171/4385/2845 3174/4387/2848 3173/4149/2849 3170/4148/2846
f 3172/4138/2847 3032/4137/2706 3033/4388/2709 3174/4386/2848
f 3174/4387/2848 3033/4389/2709 3031/4390/2711 3173/4149/2849
f 2934/4391/545 2887/4146/2645 3173/4149/2645 3031/4390/545
f 3205/4392/2850 3185/4393/2376 3176/4394/534 3187/4395/2851
f 3191/4396/2852 3178/4397/2371 3179/4398/2369 3193/4399/2853
f 3193/4399/2853 3179/4398/2369 3180/4400/2367 3195/4401/2854
f 3195/4401/2854 3180/4400/2367 3181/4402/545 3197/4403/2855
f 3197/4403/2855 3181/4402/545 3182/4404/2364 3199/4405/2856
f 3199/4405/2856 3182/4404/2364 3183/4406/2362 3201/4407/2857
f 3201/4408/2857 3183/4409/2362 3184/4410/2361 3203/4411/2858
f 3203/4411/2858 3184/4410/2361 3185/4393/2376 3205/4392/2850
f 3192/4412/2859 3194/4413/2860 3175/4414/614
f 3189/4415/2861 3177/4416/2358 3178/4397/2371 3191/4396/2852
f 3187/4395/2851 3176/4394/534 3177/4416/2358 3189/4415/2861
f 3187/4417/2851 3189/4418/2861 3188/4419/2862 3186/4420/2863
f 3189/4418/2861 3191/4421/2852 3190/4422/2864 3188/4419/2862
f 3191/4421/2852 3193/4423/2853 3192/4412/2859 3190/4422/2864
f 3193/4423/2853 3195/4424/2854 3194/4413/2860 3192/4412/2859
f 3195/4424/2854 3197/4425/2855 3196/4426/2865 3194/4413/2860
f 3197/4425/2855 3199/4427/2856 3198/4428/2866 3196/4426/2865
f 3199/4427/2856 3201/4429/2857 3200/4430/2867 3198/4428/2866
f 3201/4429/2857 3203/4431/2858 3202/4432/2868 3200/4430/2867
f 3203/4431/2858 3205/4433/2850 3204/4434/2869 3202/4432/2868
f 3205/4433/2850 3187/4417/2851 3186/4420/2863 3204/4434/2869
f 3204/4434/2869 3186/4420/2863 3175/4414/614
f 3190/4422/2864 3192/4412/2859 3175/4414/614
f 3188/4419/2862 3190/4422/2864 3175/4414/614
f 3186/4420/2863 3188/4419/2862 3175/4414/614
f 3202/4432/2868 3204/4434/2869 3175/4414/614
f 3200/4430/2867 3202/4432/2868 3175/4414/614
f 3198/4428/2866 3200/4430/2867 3175/4414/614
f 3196/4426/2865 3198/4428/2866 3175/4414/614
f 3194/4413/2860 3196/4426/2865 3175/4414/614
f 3206/4435/2870 3207/4436/2870 3209/4437/2871 3208/4438/2871
f 3208/4438/2871 3209/4437/2871 3211/4439/614 3210/4440/614
f 3210/4440/614 3211/4439/614 3213/4441/2872 3212/4442/2872
f 3212/4442/2872 3213/4441/2872 3215/4443/2873 3214/4444/2873
f 3214/4445/2873 3215/4446/2873 3217/4447/2874 3216/4448/2874
f 3216/4448/2874 3217/4447/2874 3219/4449/21 3218/4450/21
f 3218/4450/21 3219/4449/21 3221/4451/2875 3220/4452/2875
f 3220/4452/2875 3221/4451/2875 3207/4436/2870 3206/4435/2870
f 3222/4453/2876 3223/4454/2870 3225/4455/2877 3224/4456/2878
f 3224/4456/2878 3225/4455/2877 3227/4457/2871 3226/4458/2879
f 3226/4458/2879 3227/4457/2871 3229/4459/2880 3228/4460/2881
f 3228/4460/2881 3229/4459/2880 3231/4461/614 3230/4462/2882
f 3230/4462/2882 3231/4461/614 3233/4463/2883 3232/4464/2884
f 3232/4464/2884 3233/4463/2883 3235/4465/2872 3234/4466/2885
f 3234/4466/2885 3235/4465/2872 3237/4467/2886 3236/4468/2887
f 3236/4468/2887 3237/4467/2886 3239/4469/2873 3238/4470/2888
f 3238/4471/2888 3239/4472/2873 3241/4473/2889 3240/4474/2890
f 3240/4474/2890 3241/4473/2889 3243/4475/2874 3242/4476/2891
f 3242/4476/2891 3243/4475/2874 3245/4477/2892 3244/4478/2893
f 3244/4478/2893 3245/4477/2892 3247/4479/21 3246/4480/2894
f 3246/4480/2894 3247/4479/21 3249/4481/2895 3248/4482/2896
f 3248/4482/2896 3249/4481/2895 3251/4483/2875 3250/4484/2897
f 3250/4484/2897 3251/4483/2875 3253/4485/2898 3252/4486/2899
f 3252/4486/2899 3253/4485/2898 3223/4454/2870 3222/4453/2876
f 3295/4487/2900 3291/4488/2901 3240/4474/2890 3242/4476/2891
f 3267/4489/2902 3263/4490/2903 3226/4458/2879 3228/4460/2881
f 3315/4491/2904 3311/4492/2905 3250/4484/2897 3252/4486/2899
f 3287/4493/2906 3283/4494/2907 3236/4468/2887 3238/4470/2888
f 3307/4495/2908 3303/4496/2909 3246/4480/2894 3248/4482/2896
f 3263/4490/2903 3259/4497/2910 3224/4456/2878 3226/4458/2879
f 3279/4498/2911 3275/4499/2912 3232/4464/2884 3234/4466/2885
f 3299/4500/2913 3295/4487/2900 3242/4476/2891 3244/4478/2893
f 3257/4501/2914 3315/4491/2904 3252/4486/2899 3222/4453/2876
f 3271/4502/2915 3267/4489/2902 3228/4460/2881 3230/4462/2882
f 3291/4488/2901 3287/4503/2906 3238/4471/2888 3240/4474/2890
f 3311/4492/2905 3307/4495/2908 3248/4482/2896 3250/4484/2897
f 3283/4494/2907 3279/4498/2911 3234/4466/2885 3236/4468/2887
f 3303/4496/2909 3299/4500/2913 3244/4478/2893 3246/4480/2894
f 3275/4499/2912 3271/4502/2915 3230/4462/2882 3232/4464/2884
f 3257/4504/2914 3259/4505/2910 3260/4506/2916 3256/4507/2917
f 3256/4507/2917 3260/4506/2916 3261/4508/2918 3255/4509/2919
f 3255/4509/2919 3261/4508/2918 3258/4510/2920 3254/4511/2921
f 3259/4505/2910 3263/4512/2903 3264/4513/2922 3260/4506/2916
f 3260/4506/2916 3264/4513/2922 3265/4514/2923 3261/4508/2918
f 3261/4508/2918 3265/4514/2923 3262/4515/2924 3258/4510/2920
f 3263/4512/2903 3267/4516/2902 3268/4517/2925 3264/4513/2922
f 3264/4513/2922 3268/4517/2925 3269/4518/2926 3265/4514/2923
f 3265/4514/2923 3269/4518/2926 3266/4519/2927 3262/4515/2924
f 3267/4516/2902 3271/4520/2915 3272/4521/2928 3268/4517/2925
f 3268/4517/2925 3272/4521/2928 3273/4522/2929 3269/4518/2926
f 3269/4518/2926 3273/4522/2929 3270/4523/2930 3266/4519/2927
f 3271/4520/2915 3275/4524/2912 3276/4525/2931 3272/4521/2928
f 3272/4521/2928 3276/4525/2931 3277/4526/2932 3273/4522/2929
f 3273/4522/2929 3277/4526/2932 3274/4527/2933 3270/4523/2930
f 3275/4524/2912 3279/4528/2911 3280/4529/2934 3276/4525/2931
f 3276/4525/2931 3280/4529/2934 3281/4530/2935 3277/4526/2932
f 3277/4526/2932 3281/4530/2935 3278/4531/2936 3274/4527/2933
f 3279/4528/2911 3283/4532/2907 3284/4533/2937 3280/4529/2934
f 3280/4529/2934 3284/4533/2937 3285/4534/2938 3281/4530/2935
f 3281/4530/2935 3285/4534/2938 3282/4535/2939 3278/4531/2936
f 3283/4532/2907 3287/4536/2906 3288/4537/2940 3284/4533/2937
f 3284/4533/2937 3288/4537/2940 3289/4538/2941 3285/4534/2938
f 3285/4534/2938 3289/4538/2941 3286/4539/2942 3282/4535/2939
f 3287/4536/2906 3291/4540/2901 3292/4541/2943 3288/4537/2940
f 3288/4537/2940 3292/4541/2943 3293/4542/2944 3289/4538/2941
f 3289/4538/2941 3293/4542/2944 3290/4543/2945 3286/4539/2942
f 3291/4540/2901 3295/4544/2900 3296/4545/2946 3292/4541/2943
f 3292/4541/2943 3296/4545/2946 3297/4546/2947 3293/4542/2944
f 3293/4542/2944 3297/4546/2947 3294/4547/2948 3290/4543/2945
f 3295/4544/2900 3299/4548/2913 3300/4549/2949 3296/4545/2946
f 3296/4545/2946 3300/4549/2949 3301/4550/2950 3297/4546/2947
f 3297/4546/2947 3301/4550/2950 3298/4551/2951 3294/4547/2948
f 3299/4548/2913 3303/4552/2909 3304/4553/2952 3300/4549/2949
f 3300/4549/2949 3304/4553/2952 3305/4554/2953 3301/4550/2950
f 3301/4550/2950 3305/4554/2953 3302/4555/2954 3298/4551/2951
f 3303/4552/2909 3307/4556/2908 3308/4557/2955 3304/4553/2952
f 3304/4553/2952 3308/4557/2955 3309/4558/2956 3305/4554/2953
f 3305/4554/2953 3309/4558/2956 3306/4559/2957 3302/4555/2954
f 3307/4556/2908 3311/4560/2905 3312/4561/2958 3308/4557/2955
f 3308/4557/2955 3312/4561/2958 3313/4562/2959 3309/4558/2956
f 3309/4558/2956 3313/4562/2959 3310/4563/2960 3306/4559/2957
f 3311/4560/2905 3315/4564/2904 3316/4565/2961 3312/4561/2958
f 3312/4561/2958 3316/4565/2961 3317/4566/2962 3313/4562/2959
f 3313/4562/2959 3317/4566/2962 3314/4567/2963 3310/4563/2960
f 3315/4564/2904 3257/4504/2914 3256/4507/2917 3316/4565/2961
f 3316/4565/2961 3256/4507/2917 3255/4509/2919 3317/4566/2962
f 3317/4566/2962 3255/4509/2919 3254/4511/2921 3314/4567/2963
f 3270/4523/2930 3274/4527/2933 3318/4568/2964
f 3290/4543/2945 3294/4547/2948 3318/4568/2964
f 3254/4511/2921 3258/4510/2920 3318/4568/2964
f 3310/4563/2960 3314/4567/2963 3318/4568/2964
f 3274/4527/2933 3278/4531/2936 3318/4568/2964
f 3294/4547/2948 3298/4551/2951 3318/4568/2964
f 3258/4510/2920 3262/4515/2924 3318/4568/2964
f 3278/4531/2936 3282/4535/2939 3318/4568/2964
f 3298/4551/2951 3302/4555/2954 3318/4568/2964
f 3262/4515/2924 3266/4519/2927 3318/4568/2964
f 3282/4535/2939 3286/4539/2942 3318/4568/2964
f 3302/4555/2954 3306/4559/2957 3318/4568/2964
f 3266/4519/2927 3270/4523/2930 3318/4568/2964
f 3314/4567/2963 3254/4511/2921 3318/4568/2964
f 3286/4539/2942 3290/4543/2945 3318/4568/2964
f 3306/4559/2957 3310/4563/2960 3318/4568/2964
f 3229/4569/2965 3227/4570/2965 3321/4571/2965 3322/4572/2965
f 3239/4573/2965 3237/4574/2965 3326/4575/2965 3327/4576/2965
f 3225/4577/2965 3223/4578/2965 3319/4579/2965 3320/4580/2965
f 3249/4581/2965 3247/4582/2965 3331/4583/2965 3332/4584/2965
f 3235/4585/2965 3233/4586/2965 3324/4587/2965 3325/4588/2965
f 3245/4589/2965 3243/4590/2965 3329/4591/2965 3330/4592/2965
f 3223/4578/2965 3253/4593/2965 3334/4594/2965 3319/4579/2965
f 3231/4595/2965 3229/4569/2965 3322/4572/2965 3323/4596/2965
f 3241/4597/2965 3239/4573/2965 3327/4576/2965 3328/4598/2965
f 3251/4599/2965 3249/4581/2965 3332/4584/2965 3333/4600/2965
f 3227/4570/2965 3225/4577/2965 3320/4580/2965 3321/4571/2965
f 3237/4574/2965 3235/4585/2965 3325/4588/2965 3326/4575/2965
f 3247/4582/2965 3245/4589/2965 3330/4592/2965 3331/4583/2965
f 3233/4586/2965 3231/4595/2965 3323/4596/2965 3324/4587/2965
f 3243/4590/2965 3241/4597/2965 3328/4598/2965 3329/4591/2965
f 3253/4593/2965 3251/4599/2965 3333/4600/2965 3334/4594/2965
f 3259/4497/2910 3257/4501/2914 3222/4453/2876 3224/4456/2878
f 3335/4601/2966 3337/4602/2967 3338/4603/2967 3336/4604/2966
f 3337/4602/2967 3339/4605/614 3340/4606/614 3338/4603/2967
f 3339/4605/614 3341/4607/2968 3342/4608/2968 3340/4606/614
f 3341/4607/2968 3343/4609/2969 3344/4610/2969 3342/4608/2968
f 3343/4611/2969 3345/4612/2970 3346/4613/2970 3344/4614/2969
f 3345/4612/2970 3347/4615/21 3348/4616/21 3346/4613/2970
f 3347/4615/21 3349/4617/2971 3350/4618/2971 3348/4616/21
f 3349/4617/2971 3335/4601/2966 3336/4604/2966 3350/4618/2971
f 3351/4619/2972 3353/4620/2973 3354/4621/2974 3352/4622/2966
f 3353/4620/2973 3355/4623/2975 3356/4624/2967 3354/4621/2974
f 3355/4623/2975 3357/4625/2976 3358/4626/2977 3356/4624/2967
f 3357/4625/2976 3359/4627/2978 3360/4628/614 3358/4626/2977
f 3359/4627/2978 3361/4629/2979 3362/4630/2980 3360/4628/614
f 3361/4629/2979 3363/4631/2981 3364/4632/2968 3362/4630/2980
f 3363/4631/2981 3365/4633/2982 3366/4634/2983 3364/4632/2968
f 3365/4635/2982 3367/4636/2984 3368/4637/2969 3366/4638/2983
f 3367/4636/2984 3369/4639/2985 3370/4640/2986 3368/4637/2969
f 3369/4639/2985 3371/4641/2987 3372/4642/2970 3370/4640/2986
f 3371/4641/2987 3373/4643/2988 3374/4644/2989 3372/4642/2970
f 3373/4643/2988 3375/4645/2990 3376/4646/21 3374/4644/2989
f 3375/4645/2990 3377/4647/2991 3378/4648/2992 3376/4646/21
f 3377/4647/2991 3379/4649/2993 3380/4650/2971 3378/4648/2992
f 3379/4649/2993 3381/4651/2994 3382/4652/2995 3380/4650/2971
f 3381/4651/2994 3351/4619/2972 3352/4622/2966 3382/4652/2995
f 3424/4653/2996 3371/4641/2987 3369/4639/2985 3420/4654/2997
f 3396/4655/2998 3357/4625/2976 3355/4623/2975 3392/4656/2999
f 3444/4657/3000 3381/4651/2994 3379/4649/2993 3440/4658/3001
f 3416/4659/3002 3367/4636/2984 3365/4635/2982 3412/4660/3003
f 3436/4661/3004 3377/4647/2991 3375/4645/2990 3432/4662/3005
f 3392/4656/2999 3355/4623/2975 3353/4620/2973 3388/4663/3006
f 3408/4664/3007 3363/4631/2981 3361/4629/2979 3404/4665/3008
f 3428/4666/3009 3373/4643/2988 3371/4641/2987 3424/4653/2996
f 3386/4667/3010 3351/4619/2972 3381/4651/2994 3444/4657/3000
f 3400/4668/3011 3359/4627/2978 3357/4625/2976 3396/4655/2998
f 3420/4654/2997 3369/4639/2985 3367/4636/2984 3416/4659/3002
f 3440/4658/3001 3379/4649/2993 3377/4647/2991 3436/4661/3004
f 3412/4669/3003 3365/4633/2982 3363/4631/2981 3408/4664/3007
f 3432/4662/3005 3375/4645/2990 3373/4643/2988 3428/4666/3009
f 3404/4665/3008 3361/4629/2979 3359/4627/2978 3400/4668/3011
f 3386/4670/3010 3385/4671/3012 3389/4672/3013 3388/4673/3006
f 3385/4671/3012 3384/4674/3014 3390/4675/3015 3389/4672/3013
f 3384/4674/3014 3383/4676/3016 3387/4677/3017 3390/4675/3015
f 3388/4673/3006 3389/4672/3013 3393/4678/3018 3392/4679/2999
f 3389/4672/3013 3390/4675/3015 3394/4680/3019 3393/4678/3018
f 3390/4675/3015 3387/4677/3017 3391/4681/3020 3394/4680/3019
f 3392/4679/2999 3393/4678/3018 3397/4682/3021 3396/4683/2998
f 3393/4678/3018 3394/4680/3019 3398/4684/3022 3397/4682/3021
f 3394/4680/3019 3391/4681/3020 3395/4685/3023 3398/4684/3022
f 3396/4683/2998 3397/4682/3021 3401/4686/3024 3400/4687/3011
f 3397/4682/3021 3398/4684/3022 3402/4688/3025 3401/4686/3024
f 3398/4684/3022 3395/4685/3023 3399/4689/3026 3402/4688/3025
f 3400/4687/3011 3401/4686/3024 3405/4690/3027 3404/4691/3008
f 3401/4686/3024 3402/4688/3025 3406/4692/3028 3405/4690/3027
f 3402/4688/3025 3399/4689/3026 3403/4693/3029 3406/4692/3028
f 3404/4691/3008 3405/4690/3027 3409/4694/3030 3408/4695/3007
f 3405/4690/3027 3406/4692/3028 3410/4696/3031 3409/4694/3030
f 3406/4692/3028 3403/4693/3029 3407/4697/3032 3410/4696/3031
f 3408/4695/3007 3409/4694/3030 3413/4698/3033 3412/4699/3003
f 3409/4694/3030 3410/4696/3031 3414/4700/3034 3413/4698/3033
f 3410/4696/3031 3407/4697/3032 3411/4701/3035 3414/4700/3034
f 3412/4699/3003 3413/4698/3033 3417/4702/3036 3416/4703/3002
f 3413/4698/3033 3414/4700/3034 3418/4704/3037 3417/4702/3036
f 3414/4700/3034 3411/4701/3035 3415/4705/3038 3418/4704/3037
f 3416/4703/3002 3417/4702/3036 3421/4706/3039 3420/4707/2997
f 3417/4702/3036 3418/4704/3037 3422/4708/3040 3421/4706/3039
f 3418/4704/3037 3415/4705/3038 3419/4709/3041 3422/4708/3040
f 3420/4707/2997 3421/4706/3039 3425/4710/3042 3424/4711/2996
f 3421/4706/3039 3422/4708/3040 3426/4712/3043 3425/4710/3042
f 3422/4708/3040 3419/4709/3041 3423/4713/3044 3426/4712/3043
f 3424/4711/2996 3425/4710/3042 3429/4714/3045 3428/4715/3009
f 3425/4710/3042 3426/4712/3043 3430/4716/3046 3429/4714/3045
f 3426/4712/3043 3423/4713/3044 3427/4717/3047 3430/4716/3046
f 3428/4715/3009 3429/4714/3045 3433/4718/3048 3432/4719/3005
f 3429/4714/3045 3430/4716/3046 3434/4720/3049 3433/4718/3048
f 3430/4716/3046 3427/4717/3047 3431/4721/3050 3434/4720/3049
f 3432/4719/3005 3433/4718/3048 3437/4722/3051 3436/4723/3004
f 3433/4718/3048 3434/4720/3049 3438/4724/3052 3437/4722/3051
f 3434/4720/3049 3431/4721/3050 3435/4725/3053 3438/4724/3052
f 3436/4723/3004 3437/4722/3051 3441/4726/3054 3440/4727/3001
f 3437/4722/3051 3438/4724/3052 3442/4728/3055 3441/4726/3054
f 3438/4724/3052 3435/4725/3053 3439/4729/3056 3442/4728/3055
f 3440/4727/3001 3441/4726/3054 3445/4730/3057 3444/4731/3000
f 3441/4726/3054 3442/4728/3055 3446/4732/3058 3445/4730/3057
f 3442/4728/3055 3439/4729/3056 3443/4733/3059 3446/4732/3058
f 3444/4731/3000 3445/4730/3057 3385/4671/3012 3386/4670/3010
f 3445/4730/3057 3446/4732/3058 3384/4674/3014 3385/4671/3012
f 3446/4732/3058 3443/4733/3059 3383/4676/3016 3384/4674/3014
f 3399/4689/3026 3447/4734/3060 3403/4693/3029
f 3419/4709/3041 3447/4734/3060 3423/4713/3044
f 3383/4676/3016 3447/4734/3060 3387/4677/3017
f 3439/4729/3056 3447/4734/3060 3443/4733/3059
f 3403/4693/3029 3447/4734/3060 3407/4697/3032
f 3423/4713/3044 3447/4734/3060 3427/4717/3047
f 3387/4677/3017 3447/4734/3060 3391/4681/3020
f 3407/4697/3032 3447/4734/3060 3411/4701/3035
f 3427/4717/3047 3447/4734/3060 3431/4721/3050
f 3391/4681/3020 3447/4734/3060 3395/4685/3023
f 3411/4701/3035 3447/4734/3060 3415/4705/3038
f 3431/4721/3050 3447/4734/3060 3435/4725/3053
f 3395/4685/3023 3447/4734/3060 3399/4689/3026
f 3443/4733/3059 3447/4734/3060 3383/4676/3016
f 3415/4705/3038 3447/4734/3060 3419/4709/3041
f 3435/4725/3053 3447/4734/3060 3439/4729/3056
f 3358/4735/3061 3451/4736/3061 3450/4737/3061 3356/4738/3061
f 3368/4739/3061 3456/4740/3061 3455/4741/3061 3366/4742/3061
f 3354/4743/3061 3449/4744/3061 3448/4745/3061 3352/4746/3061
f 3378/4747/3061 3461/4748/3061 3460/4749/3061 3376/4750/3061
f 3364/4751/3061 3454/4752/3061 3453/4753/3061 3362/4754/3061
f 3374/4755/3061 3459/4756/3061 3458/4757/3061 3372/4758/3061
f 3352/4746/3061 3448/4745/3061 3463/4759/3061 3382/4760/3061
f 3360/4761/3061 3452/4762/3061 3451/4736/3061 3358/4735/3061
f 3370/4763/3061 3457/4764/3061 3456/4740/3061 3368/4739/3061
f 3380/4765/3061 3462/4766/3061 3461/4748/3061 3378/4747/3061
f 3356/4738/3061 3450/4737/3061 3449/4744/3061 3354/4743/3061
f 3366/4742/3061 3455/4741/3061 3454/4752/3061 3364/4751/3061
f 3376/4750/3061 3460/4749/3061 3459/4756/3061 3374/4755/3061
f 3362/4754/3061 3453/4753/3061 3452/4762/3061 3360/4761/3061
f 3372/4758/3061 3458/4757/3061 3457/4764/3061 3370/4763/3061
f 3382/4760/3061 3463/4759/3061 3462/4766/3061 3380/4765/3061
f 3388/4663/3006 3353/4620/2973 3351/4619/2972 3386/4667/3010
f 3464/4767/614 3510/4768/614 3465/4769/614 3488/4770/614
f 3497/4771/614 3495/4772/614 3480/4773/614 3479/4774/614
f 3504/4775/614 3503/4776/614 3473/4777/614 3471/4778/614
f 3495/4772/614 3494/4779/614 3482/4780/614 3480/4773/614
f 3503/4776/614 3501/4781/614 3474/4782/614 3473/4777/614
f 3510/4768/614 3509/4783/614 3467/4784/614 3465/4769/614
f 3494/4779/614 3492/4785/614 3483/4786/614 3482/4780/614
f 3501/4781/614 3500/4787/614 3476/4788/614 3474/4782/614
f 3492/4785/614 3491/4789/614 3485/4790/614 3483/4786/614
f 3500/4787/614 3498/4791/614 3477/4792/614 3476/4788/614
f 3506/4793/614 3470/4794/614 3468/4795/614 3507/4796/614
f 3491/4789/614 3489/4797/614 3486/4798/614 3485/4790/614
f 3498/4791/614 3497/4771/614 3479/4774/614 3477/4792/614
f 3506/4793/614 3504/4775/614 3471/4778/614 3470/4794/614
f 3489/4797/614 3464/4767/614 3488/4770/614 3486/4798/614
f 3496/4799/538 3499/4800/3 3495/4801/3 3497/4802/538
f 3472/4803/547 3475/4804/11 3507/4805/11 3509/4806/547
f 3493/4807/548 3496/4799/538 3497/4802/538 3498/4808/548
f 3469/4809/557 3472/4803/547 3509/4806/547 3510/4810/557
f 3490/4811/558 3493/4807/548 3498/4808/548 3500/4812/558
f 3466/4813/528 3469/4809/557 3510/4810/557 3464/4814/528
f 3487/4815/545 3490/4811/558 3500/4812/558 3501/4816/545
f 3508/4817/542 3511/4818/534 3489/4819/534 3491/4820/542
f 3511/4818/534 3466/4813/528 3464/4814/528 3489/4819/534
f 3484/4821/553 3487/4815/545 3501/4816/545 3503/4822/553
f 3505/4823/554 3508/4817/542 3491/4820/542 3492/4824/554
f 3481/4825/563 3484/4821/553 3503/4822/553 3504/4826/563
f 3502/4827/564 3505/4823/554 3492/4824/554 3494/4828/564
f 3478/4829/530 3481/4825/563 3504/4826/563 3506/4830/530
f 3499/4831/3 3502/4827/564 3494/4828/564 3495/4832/3
f 3475/4804/11 3478/4829/530 3506/4830/530 3507/4805/11
f 3468/4795/614 3467/4784/614 3509/4783/614 3507/4796/614
f 3519/4833/3062 3536/4834/3063 3522/4835/3064 3512/4836/3065
f 3514/4837/614 3526/4838/3066 3528/4839/3067 3515/4840/3068
f 3515/4840/3068 3528/4839/3067 3530/4841/3069 3516/4842/3070
f 3516/4842/3070 3530/4841/3069 3532/4843/3071 3517/4844/3072
f 3517/4844/3072 3532/4843/3071 3534/4845/3073 3518/4846/21
f 3518/4847/21 3534/4848/3073 3536/4834/3063 3519/4833/3062
f 3512/4836/3065 3522/4835/3064 3524/4849/3074 3513/4850/3075
s 0
f 3520/4851/3076 3529/4852/3076 3527/4853/3076
s 1
f 3513/4850/3075 3524/4849/3074 3526/4838/3066 3514/4837/614
f 3524/4854/3074 3522/4855/3064 3521/4856/3077 3523/4857/3078
f 3526/4858/3066 3524/4854/3074 3523/4857/3078 3525/4859/3079
f 3528/4860/3067 3526/4858/3066 3525/4859/3079 3527/4853/3080
f 3530/4861/3069 3528/4860/3067 3527/4853/3080 3529/4852/3081
f 3532/4862/3071 3530/4861/3069 3529/4852/3081 3531/4863/3082
f 3534/4864/3073 3532/4862/3071 3531/4863/3082 3533/4865/3083
f 3536/4866/3063 3534/4864/3073 3533/4865/3083 3535/4867/3084
f 3522/4855/3064 3536/4866/3063 3535/4867/3084 3521/4856/3077
s 0
f 3520/4851/3076 3533/4865/3076 3531/4863/3076
f 3523/4857/3076 3521/4856/3076 3520/4851/3076
f 3535/4867/3076 3533/4865/3076 3520/4851/3076
f 3521/4856/3076 3535/4867/3076 3520/4851/3076
f 3525/4859/3076 3520/4851/3076 3527/4853/3076
f 3525/4859/3076 3523/4857/3076 3520/4851/3076
f 3529/4852/3076 3520/4851/3076 3531/4863/3076
s 1
f 3582/4868/3085 3584/4869/3086 3540/4870/3087 3538/4871/3088
f 3546/4872/3089 3548/4873/3090 3552/4874/3091 3550/4875/3092
f 3550/4875/3092 3552/4874/3091 3556/4876/3093 3554/4877/3094
f 3554/4877/3094 3556/4876/3093 3560/4878/3095 3558/4879/3096
f 3558/4879/3096 3560/4878/3095 3564/4880/3097 3562/4881/3098
f 3562/4882/3098 3564/4883/3097 3568/4884/3099 3566/4885/3100
f 3566/4885/3100 3568/4884/3099 3572/4886/3101 3570/4887/3102
f 3570/4887/3102 3572/4886/3101 3576/4888/3103 3574/4889/3104
f 3574/4889/3104 3576/4888/3103 3580/4890/3105 3578/4891/3106
f 3578/4891/3106 3580/4890/3105 3584/4869/3086 3582/4868/3085
f 3542/4892/3107 3544/4893/3108 3548/4873/3090 3546/4872/3089
f 3547/4894/3109 3543/4895/3110 3585/4896/3111
f 3538/4871/3088 3540/4870/3087 3544/4893/3108 3542/4892/3107
f 3540/4897/3087 3539/4898/3112 3543/4895/3110 3544/4899/3108
f 3546/4900/3089 3545/4901/3113 3541/4902/3114 3542/4903/3107
f 3544/4899/3108 3543/4895/3110 3547/4894/3109 3548/4904/3090
f 3550/4905/3092 3549/4906/3115 3545/4901/3113 3546/4900/3089
f 3548/4904/3090 3547/4894/3109 3551/4907/3116 3552/4908/3091
f 3554/4909/3094 3553/4910/3117 3549/4906/3115 3550/4905/3092
f 3552/4908/3091 3551/4907/3116 3555/4911/3118 3556/4912/3093
f 3558/4913/3096 3557/4914/3119 3553/4910/3117 3554/4909/3094
f 3556/4912/3093 3555/4911/3118 3559/4915/3120 3560/4916/3095
f 3562/4917/3098 3561/4918/3121 3557/4914/3119 3558/4913/3096
f 3560/4916/3095 3559/4915/3120 3563/4919/3122 3564/4920/3097
f 3566/4921/3100 3565/4922/3123 3561/4918/3121 3562/4917/3098
f 3564/4920/3097 3563/4919/3122 3567/4923/3124 3568/4924/3099
f 3570/4925/3102 3569/4926/3125 3565/4922/3123 3566/4921/3100
f 3568/4924/3099 3567/4923/3124 3571/4927/3126 3572/4928/3101
f 3574/4929/3104 3573/4930/3127 3569/4926/3125 3570/4925/3102
f 3572/4928/3101 3571/4927/3126 3575/4931/3128 3576/4932/3103
f 3578/4933/3106 3577/4934/3129 3573/4930/3127 3574/4929/3104
f 3576/4932/3103 3575/4931/3128 3579/4935/3130 3580/4936/3105
f 3582/4937/3085 3581/4938/3131 3577/4934/3129 3578/4933/3106
f 3580/4936/3105 3579/4935/3130 3583/4939/3132 3584/4940/3086
f 3538/4941/3088 3537/4942/3133 3581/4938/3131 3582/4937/3085
f 3584/4940/3086 3583/4939/3132 3539/4898/3112 3540/4897/3087
f 3551/4907/3116 3547/4894/3109 3585/4896/3111
f 3543/4895/3110 3539/4898/3112 3585/4896/3111
f 3539/4898/3112 3583/4939/3132 3585/4896/3111
f 3583/4939/3132 3579/4935/3130 3585/4896/3111
f 3579/4935/3130 3575/4931/3128 3585/4896/3111
f 3575/4931/3128 3571/4927/3126 3585/4896/3111
f 3571/4927/3126 3567/4923/3124 3585/4896/3111
f 3567/4923/3124 3563/4919/3122 3585/4896/3111
f 3563/4919/3122 3559/4915/3120 3585/4896/3111
f 3559/4915/3120 3555/4911/3118 3585/4896/3111
f 3555/4911/3118 3551/4907/3116 3585/4896/3111
f 3577/4934/3129 3581/4938/3131 3586/4943/3134
f 3537/4942/3133 3541/4902/3114 3586/4943/3134
f 3573/4930/3127 3577/4934/3129 3586/4943/3134
f 3569/4926/3125 3573/4930/3127 3586/4943/3134
f 3565/4922/3123 3569/4926/3125 3586/4943/3134
f 3561/4918/3121 3565/4922/3123 3586/4943/3134
f 3557/4914/3119 3561/4918/3121 3586/4943/3134
f 3581/4938/3131 3537/4942/3133 3586/4943/3134
f 3553/4910/3117 3557/4914/3119 3586/4943/3134
f 3549/4906/3115 3553/4910/3117 3586/4943/3134
f 3545/4901/3113 3549/4906/3115 3586/4943/3134
f 3541/4902/3114 3545/4901/3113 3586/4943/3134
f 3542/4903/3107 3541/4902/3114 3537/4942/3133 3538/4941/3088
f 3599/4944/3135 3589/4945/3136 3591/4946/3136 3594/4947/3135
f 3605/4948/3137 3600/4949/3138 3593/4950/3138 3612/4951/3137
f 3669/4952/3139 3611/4953/3140 3588/4954/3141
f 3591/4946/3136 3589/4945/3136 3590/4955/3142 3592/4956/3142
f 3592/4956/3142 3590/4955/3142 3674/4957/11 3678/4958/11
f 3593/4959/3138 3600/4960/3138 3604/4961/3143 3595/4962/3143
f 3595/4962/3143 3604/4961/3143 3603/4963/3144 3596/4964/3144
f 3596/4964/3144 3603/4963/3144 3602/4965/3145 3597/4966/3145
f 3597/4966/3145 3602/4965/3145 3601/4967/3146 3598/4968/3146
f 3598/4968/3146 3601/4967/3146 3599/4944/3135 3594/4947/3135
f 3611/4953/3140 3606/4969/3140 3610/4970/3147 3613/4971/3147
f 3613/4971/3147 3610/4970/3147 3609/4972/3148 3614/4973/3148
f 3614/4973/3148 3609/4972/3148 3608/4974/3149 3615/4975/3149
f 3615/4975/3149 3608/4974/3149 3607/4976/3150 3616/4977/3150
f 3616/4977/3150 3607/4976/3150 3605/4948/3137 3612/4951/3137
f 3670/4978/3151 3659/4979/3152 3665/4980/3153
f 3629/4981/3154 3624/4982/3154 3621/4983/3155 3619/4984/3155
f 3635/4985/3156 3642/4986/3156 3623/4987/3157 3630/4988/3157
f 3617/4989/3158 3670/4978/3151 3636/4990/3159
f 3621/4983/3155 3622/4991/3160 3620/4992/3160 3619/4984/3155
f 3622/4991/3160 3710/4993/3 3706/4994/3 3620/4992/3160
f 3623/4995/3157 3625/4996/3161 3634/4997/3161 3630/4998/3157
f 3625/4996/3161 3626/4999/3162 3633/5000/3162 3634/4997/3161
f 3626/4999/3162 3627/5001/3163 3632/5002/3163 3633/5000/3162
f 3627/5001/3163 3628/5003/3164 3631/5004/3164 3632/5002/3163
f 3628/5003/3164 3624/4982/3154 3629/4981/3154 3631/5004/3164
f 3641/5005/3159 3643/5006/3165 3640/5007/3166 3636/4990/3159
f 3643/5006/3165 3644/5008/3167 3639/5009/3167 3640/5007/3166
f 3644/5008/3167 3645/5010/3168 3638/5011/3168 3639/5009/3167
f 3645/5010/3168 3646/5012/3169 3637/5013/3169 3638/5011/3168
f 3646/5012/3169 3642/4986/3156 3635/4985/3156 3637/5013/3169
f 3587/5014/21 3648/5015/3170 3658/5016/3170 3617/5017/21
f 3654/5018/3171 3669/4952/3139 3653/5019/3171
f 3653/5020/3172 3588/5021/614 3618/5022/614 3664/5023/3172
f 3591/5024/614 3592/5025/614 3622/5026/614 3621/5027/614
f 3590/5028/21 3589/5029/21 3619/5030/21 3620/5031/21
f 3592/5025/614 3678/5032/614 3710/5033/614 3622/5026/614
f 3674/5034/21 3590/5028/21 3620/5031/21 3706/5035/21
f 3593/5036/614 3595/5037/614 3625/5038/614 3623/5039/614
f 3604/5040/21 3600/5041/21 3630/5042/21 3634/5043/21
f 3595/5037/614 3596/5044/614 3626/5045/614 3625/5038/614
f 3603/5046/21 3604/5040/21 3634/5043/21 3633/5047/21
f 3596/5044/614 3597/5048/614 3627/5049/614 3626/5045/614
f 3602/5050/21 3603/5046/21 3633/5047/21 3632/5051/21
f 3597/5048/614 3598/5052/614 3628/5053/614 3627/5049/614
f 3601/5054/21 3602/5050/21 3632/5051/21 3631/5055/21
f 3598/5052/614 3594/5056/614 3624/5057/614 3628/5053/614
f 3599/5058/21 3601/5054/21 3631/5055/21 3629/5059/21
f 3611/5060/614 3613/5061/614 3643/5062/614 3641/5063/614
f 3610/5064/21 3606/5065/21 3636/5066/21 3640/5067/21
f 3613/5061/614 3614/5068/614 3644/5069/614 3643/5062/614
f 3609/5070/21 3610/5064/21 3640/5067/21 3639/5071/21
f 3614/5068/614 3615/5072/614 3645/5073/614 3644/5069/614
f 3608/5074/21 3609/5070/21 3639/5071/21 3638/5075/21
f 3615/5072/614 3616/5076/614 3646/5077/614 3645/5073/614
f 3607/5078/21 3608/5074/21 3638/5075/21 3637/5079/21
f 3616/5076/614 3612/5080/614 3642/5081/614 3646/5077/614
f 3605/5082/21 3607/5078/21 3637/5079/21 3635/5083/21
f 3589/5029/21 3599/5058/21 3629/5059/21 3619/5030/21
f 3594/5056/614 3591/5024/614 3621/5027/614 3624/5057/614
f 3600/5084/21 3605/5082/21 3635/5083/21 3630/5085/21
f 3612/5080/614 3593/5086/614 3623/5087/614 3642/5081/614
f 3606/5065/21 3587/5014/21 3617/5017/21 3636/5066/21
f 3588/5021/614 3611/5060/614 3641/5063/614 3618/5022/614
f 3647/5088/3173 3659/5089/3173 3663/5090/3174 3649/5091/3174
f 3649/5091/3174 3663/5090/3174 3662/5092/3175 3650/5093/3175
f 3650/5093/3175 3662/5092/3175 3661/5094/3176 3651/5095/3176
f 3651/5095/3176 3661/5094/3176 3660/5096/3177 3652/5097/3177
f 3652/5097/3177 3660/5096/3177 3658/5016/3170 3648/5015/3170
f 3653/5020/3172 3664/5023/3172 3668/5098/3178 3654/5099/3179
f 3654/5099/3179 3668/5098/3178 3667/5100/3180 3655/5101/3180
f 3655/5101/3180 3667/5100/3180 3666/5102/3181 3656/5103/3181
f 3656/5103/3181 3666/5102/3181 3665/5104/3182 3657/5105/3182
f 3657/5105/3182 3665/5104/3182 3659/5089/3173 3647/5088/3173
f 3606/4969/3140 3611/4953/3140 3669/4952/3139
f 3653/5019/3171 3669/4952/3139 3588/4954/3141
f 3587/5106/3141 3606/4969/3140 3669/4952/3139
f 3655/5107/3171 3669/4952/3139 3654/5018/3171
f 3656/5108/3171 3669/4952/3139 3655/5107/3171
f 3657/5109/3171 3669/4952/3139 3656/5108/3171
f 3648/5110/3183 3587/5106/3141 3669/4952/3139
f 3657/5109/3171 3647/5111/3171 3669/4952/3139
f 3647/5111/3171 3649/5112/3171 3669/4952/3139
f 3649/5112/3171 3650/5113/3171 3669/4952/3139
f 3650/5113/3171 3651/5114/3171 3669/4952/3139
f 3651/5114/3171 3652/5115/3171 3669/4952/3139
f 3652/5115/3171 3648/5110/3183 3669/4952/3139
f 3636/4990/3159 3670/4978/3151 3641/5005/3159
f 3670/4978/3151 3618/5116/3184 3641/5005/3159
f 3617/4989/3158 3658/5117/3153 3670/4978/3151
f 3658/5117/3153 3660/5118/3153 3670/4978/3151
f 3660/5118/3153 3661/5119/3152 3670/4978/3151
f 3661/5119/3152 3662/5120/3153 3670/4978/3151
f 3663/5121/3153 3659/4979/3152 3670/4978/3151
f 3662/5120/3153 3663/5121/3153 3670/4978/3151
f 3670/4978/3151 3665/4980/3153 3666/5122/3152
f 3670/4978/3151 3666/5122/3152 3667/5123/3152
f 3670/4978/3151 3667/5123/3152 3668/5124/3153
f 3670/4978/3151 3668/5124/3153 3664/5125/3152
f 3618/5116/3184 3670/4978/3151 3664/5125/3152
f 3685/5126/3185 3680/5127/3185 3676/5128/3186 3673/5129/3186
f 3691/5130/3187 3698/5131/3187 3679/5132/3188 3686/5133/3188
f 3757/5134/3189 3672/5135/3190 3697/5136/3191
f 3676/5128/3186 3677/5137/3192 3675/5138/3192 3673/5129/3186
f 3677/5137/3192 3678/4958/11 3674/4957/11 3675/5138/3192
f 3679/5139/3188 3681/5140/3193 3690/5141/3193 3686/5142/3188
f 3681/5140/3193 3682/5143/3194 3689/5144/3194 3690/5141/3193
f 3682/5143/3194 3683/5145/3195 3688/5146/3195 3689/5144/3194
f 3683/5145/3195 3684/5147/3196 3687/5148/3196 3688/5146/3195
f 3684/5147/3196 3680/5127/3185 3685/5126/3185 3687/5148/3196
f 3697/5136/3191 3699/5149/3197 3696/5150/3198 3692/5151/3191
f 3699/5149/3197 3700/5152/3199 3695/5153/3200 3696/5150/3198
f 3700/5152/3199 3701/5154/3201 3694/5155/3201 3695/5153/3200
f 3701/5154/3201 3702/5156/3202 3693/5157/3202 3694/5155/3201
f 3702/5156/3202 3698/5131/3187 3691/5130/3187 3693/5157/3202
f 3758/5158/3203 3753/5159/3204 3747/5160/3205
f 3717/5161/3206 3705/5162/3207 3708/5163/3207 3712/5164/3206
f 3723/5165/3208 3718/5166/3209 3711/5167/3209 3730/5168/3208
f 3703/5169/3210 3724/5170/3211 3758/5158/3203
f 3708/5163/3207 3705/5162/3207 3707/5171/3212 3709/5172/3212
f 3709/5172/3212 3707/5171/3212 3706/4994/3 3710/4993/3
f 3711/5173/3209 3718/5174/3209 3722/5175/3213 3713/5176/3213
f 3713/5176/3213 3722/5175/3213 3721/5177/3214 3714/5178/3214
f 3714/5178/3214 3721/5177/3214 3720/5179/3215 3715/5180/3215
f 3715/5180/3215 3720/5179/3215 3719/5181/3216 3716/5182/3216
f 3716/5182/3216 3719/5181/3216 3717/5161/3206 3712/5164/3206
f 3729/5183/3211 3724/5170/3211 3728/5184/3217 3731/5185/3217
f 3731/5185/3217 3728/5184/3217 3727/5186/3218 3732/5187/3219
f 3732/5187/3219 3727/5186/3218 3726/5188/3220 3733/5189/3220
f 3733/5189/3220 3726/5188/3220 3725/5190/3221 3734/5191/3221
f 3734/5191/3221 3725/5190/3221 3723/5165/3208 3730/5168/3208
f 3671/5192/21 3703/5193/21 3746/5194/3222 3736/5195/3222
f 3742/5196/3223 3741/5197/3223 3757/5134/3189
f 3741/5198/3224 3752/5199/3224 3704/5200/614 3672/5201/614
f 3676/5202/614 3708/5203/614 3709/5204/614 3677/5205/614
f 3675/5206/21 3707/5207/21 3705/5208/21 3673/5209/21
f 3677/5205/614 3709/5204/614 3710/5033/614 3678/5032/614
f 3674/5034/21 3706/5035/21 3707/5207/21 3675/5206/21
f 3679/5210/614 3711/5211/614 3713/5212/614 3681/5213/614
f 3690/5214/21 3722/5215/21 3718/5216/21 3686/5217/21
f 3681/5213/614 3713/5212/614 3714/5218/614 3682/5219/614
f 3689/5220/21 3721/5221/21 3722/5215/21 3690/5214/21
f 3682/5219/614 3714/5218/614 3715/5222/614 3683/5223/614
f 3688/5224/21 3720/5225/21 3721/5221/21 3689/5220/21
f 3683/5223/614 3715/5222/614 3716/5226/614 3684/5227/614
f 3687/5228/21 3719/5229/21 3720/5225/21 3688/5224/21
f 3684/5227/614 3716/5226/614 3712/5230/614 3680/5231/614
f 3685/5232/21 3717/5233/21 3719/5229/21 3687/5228/21
f 3697/5234/614 3729/5235/614 3731/5236/614 3699/5237/614
f 3696/5238/21 3728/5239/21 3724/5240/21 3692/5241/21
f 3699/5237/614 3731/5236/614 3732/5242/614 3700/5243/614
f 3695/5244/21 3727/5245/21 3728/5239/21 3696/5238/21
f 3700/5243/614 3732/5242/614 3733/5246/614 3701/5247/614
f 3694/5248/21 3726/5249/21 3727/5245/21 3695/5244/21
f 3701/5247/614 3733/5246/614 3734/5250/614 3702/5251/614
f 3693/5252/21 3725/5253/21 3726/5249/21 3694/5248/21
f 3702/5251/614 3734/5250/614 3730/5254/614 3698/5255/614
f 3691/5256/21 3723/5257/21 3725/5253/21 3693/5252/21
f 3673/5209/21 3705/5208/21 3717/5233/21 3685/5232/21
f 3680/5231/614 3712/5230/614 3708/5203/614 3676/5202/614
f 3686/5258/21 3718/5259/21 3723/5257/21 3691/5256/21
f 3698/5255/614 3730/5254/614 3711/5260/614 3679/5261/614
f 3692/5241/21 3724/5240/21 3703/5193/21 3671/5192/21
f 3672/5201/614 3704/5200/614 3729/5235/614 3697/5234/614
f 3735/5262/3225 3737/5263/3226 3751/5264/3227 3747/5265/3225
f 3737/5263/3226 3738/5266/3228 3750/5267/3228 3751/5264/3227
f 3738/5266/3228 3739/5268/3229 3749/5269/3229 3750/5267/3228
f 3739/5268/3229 3740/5270/3230 3748/5271/3231 3749/5269/3229
f 3740/5270/3230 3736/5195/3222 3746/5194/3222 3748/5271/3231
f 3741/5198/3224 3742/5272/3232 3756/5273/3232 3752/5199/3224
f 3742/5272/3232 3743/5274/3233 3755/5275/3234 3756/5273/3232
f 3743/5274/3233 3744/5276/3235 3754/5277/3235 3755/5275/3234
f 3744/5276/3235 3745/5278/3236 3753/5279/3236 3754/5277/3235
f 3745/5278/3236 3735/5262/3225 3747/5265/3225 3753/5279/3236
f 3692/5151/3191 3757/5134/3189 3697/5136/3191
f 3741/5197/3223 3672/5135/3190 3757/5134/3189
f 3671/5280/3190 3757/5134/3189 3692/5151/3191
f 3743/5281/3223 3742/5196/3223 3757/5134/3189
f 3744/5282/3223 3743/5281/3223 3757/5134/3189
f 3745/5283/3223 3744/5282/3223 3757/5134/3189
f 3736/5284/3237 3757/5134/3189 3671/5280/3190
f 3745/5283/3223 3757/5134/3189 3735/5285/3223
f 3735/5285/3223 3757/5134/3189 3737/5286/3223
f 3737/5286/3223 3757/5134/3189 3738/5287/3223
f 3738/5287/3223 3757/5134/3189 3739/5288/3223
f 3739/5288/3223 3757/5134/3189 3740/5289/3223
f 3740/5289/3223 3757/5134/3189 3736/5284/3237
f 3724/5170/3211 3729/5183/3211 3758/5158/3203
f 3758/5158/3203 3729/5183/3211 3704/5290/3238
f 3703/5169/3210 3758/5158/3203 3746/5291/3205
f 3746/5291/3205 3758/5158/3203 3748/5292/3204
f 3748/5292/3204 3758/5158/3203 3749/5293/3205
f 3749/5293/3205 3758/5158/3203 3750/5294/3205
f 3751/5295/3204 3758/5158/3203 3747/5160/3205
f 3750/5294/3205 3758/5158/3203 3751/5295/3204
f 3758/5158/3203 3754/5296/3205 3753/5159/3204
f 3758/5158/3203 3755/5297/3205 3754/5296/3205
f 3758/5158/3203 3756/5298/3204 3755/5297/3205
f 3758/5158/3203 3752/5299/3205 3756/5298/3204
f 3704/5290/3238 3752/5299/3205 3758/5158/3203
f 4035/5300/3239 4036/5301/3239 3838/5302/3239 3837/5303/3239
f 4037/5304/3240 4038/5305/3241 3811/5306/3241 3810/5307/3240
f 4039/5308/3242 4040/5309/3243 3824/5310/3243 3823/5311/3242
f 4041/5312/3244 4042/5313/3245 3797/5314/3245 3796/5315/3244
f 4043/5316/3246 4035/5317/3239 3837/5318/3239 3836/5319/3246
f 4044/5320/3247 4037/5304/3240 3810/5307/3240 3809/5321/3247
f 4045/5322/3248 4039/5308/3242 3823/5311/3242 3822/5323/3248
f 4046/5324/3249 4041/5312/3244 3796/5315/3244 3795/5325/3249
f 4047/5326/3250 4043/5316/3246 3836/5319/3246 3835/5327/3250
f 4048/5328/3251 4044/5320/3247 3809/5321/3247 3808/5329/3251
f 4049/5330/3252 4045/5322/3248 3822/5323/3248 3821/5331/3252
f 4050/5332/3253 4047/5326/3250 3835/5327/3250 3834/5333/3253
f 4051/5334/3254 4048/5328/3251 3808/5329/3251 3807/5335/3254
f 4052/5336/3255 4049/5330/3252 3821/5331/3252 3820/5337/3255
f 4053/5338/3256 4050/5332/3253 3834/5333/3253 3833/5339/3256
f 4054/5340/3257 4051/5341/3254 3807/5342/3254 3806/5343/3257
f 4055/5344/3258 4052/5336/3255 3820/5337/3255 3819/5345/3258
f 4056/5346/3259 4053/5338/3256 3833/5339/3256 3832/5347/3259
f 4057/5348/3260 4054/5340/3257 3806/5343/3257 3805/5349/3260
f 4058/5350/3261 4055/5351/3258 3819/5352/3258 3818/5353/3261
f 4059/5354/3262 4056/5346/3259 3832/5347/3259 3831/5355/3262
f 4060/5356/3263 4057/5348/3260 3805/5349/3260 3804/5357/3263
f 4061/5358/3264 4058/5350/3261 3818/5353/3261 3817/5359/3264
f 4062/5360/3265 4059/5361/3262 3831/5362/3262 3830/5363/3265
f 4063/5364/3266 4060/5356/3263 3804/5357/3263 3803/5365/3266
f 4064/5366/3267 4061/5358/3264 3817/5359/3264 3816/5367/3267
f 4065/5368/3268 4062/5360/3265 3830/5363/3265 3829/5369/3268
f 4066/5370/3269 4063/5364/3266 3803/5365/3266 3802/5371/3269
f 4067/5372/3270 4046/5373/3249 3795/5374/3249 3842/5375/3270
f 4068/5376/3271 4064/5366/3267 3816/5367/3267 3815/5377/3271
f 4069/5378/3272 4065/5368/3268 3829/5369/3268 3828/5379/3272
f 4070/5380/3273 4066/5370/3269 3802/5371/3269 3801/5381/3273
f 4071/5382/3274 4067/5372/3270 3842/5375/3270 3841/5383/3274
f 4072/5384/3275 4068/5376/3271 3815/5377/3271 3814/5385/3275
f 4073/5386/3276 4069/5378/3272 3828/5379/3272 3827/5387/3276
f 4074/5388/3273 4070/5389/3273 3801/5390/3273 3800/5391/3273
f 4075/5392/3277 4071/5382/3274 3841/5383/3274 3840/5393/3277
f 4076/5394/3275 4072/5384/3275 3814/5385/3275 3813/5395/3275
f 4077/5396/3278 4073/5386/3276 3827/5387/3276 3826/5397/3278
f 4078/5398/3279 4074/5388/3273 3800/5391/3273 3799/5399/3279
f 4079/5400/3280 4075/5392/3277 3840/5393/3277 3839/5401/3280
f 4080/5402/3281 4076/5403/3275 3813/5404/3275 3812/5405/3281
f 4081/5406/3243 4077/5396/3278 3826/5397/3278 3825/5407/3243
f 4082/5408/3282 4078/5398/3279 3799/5399/3279 3798/5409/3282
f 4036/5301/3239 4079/5400/3280 3839/5401/3280 3838/5302/3239
f 4038/5305/3241 4080/5402/3281 3812/5405/3281 3811/5306/3241
f 4040/5309/3243 4081/5410/3243 3825/5411/3243 3824/5310/3243
f 4042/5313/3245 4082/5408/3282 3798/5409/3282 3797/5314/3245
f 3975/5412/3283 3978/5413/3284 3872/5414/3243 3871/5415/3285
f 3894/5416/3286 3897/5417/3287 3845/5418/3288 3844/5419/3289
f 4014/5420/3290 4017/5421/3291 3885/5422/3292 3884/5423/3293
f 3933/5424/3294 3936/5425/3295 3858/5426/3296 3857/5427/3297
f 3972/5428/3298 3975/5412/3283 3871/5415/3285 3870/5429/3299
f 4011/5430/3300 4014/5420/3290 3884/5423/3293 3883/5431/3301
f 3930/5432/3302 3933/5424/3294 3857/5427/3297 3856/5433/3303
f 3969/5434/3304 3972/5428/3298 3870/5429/3299 3869/5435/3305
f 4008/5436/3306 4011/5430/3300 3883/5431/3301 3882/5437/3307
f 3927/5438/3308 3930/5432/3302 3856/5433/3303 3855/5439/3309
f 3966/5440/3310 3969/5434/3304 3869/5435/3305 3868/5441/3311
f 4005/5442/3312 4008/5436/3306 3882/5437/3307 3881/5443/3313
f 3924/5444/3314 3927/5445/3308 3855/5446/3309 3854/5447/3315
f 3963/5448/3316 3966/5440/3310 3868/5441/3311 3867/5449/3317
f 4002/5450/3318 4005/5442/3312 3881/5443/3313 3880/5451/3319
f 3921/5452/3320 3924/5444/3314 3854/5447/3315 3853/5453/3321
f 3960/5454/3322 3963/5455/3316 3867/5456/3317 3866/5457/3323
f 3999/5458/3324 4002/5450/3318 3880/5451/3319 3879/5459/3325
f 3918/5460/3326 3921/5452/3320 3853/5453/3321 3852/5461/3327
f 3957/5462/3328 3960/5454/3322 3866/5457/3323 3865/5463/3329
f 3996/5464/3330 3999/5465/3324 3879/5466/3325 3878/5467/3331
f 3915/5468/3332 3918/5460/3326 3852/5461/3327 3851/5469/3333
f 3892/5470/3334 3894/5416/3286 3844/5419/3289 3843/5471/3335
f 3954/5472/3336 3957/5462/3328 3865/5463/3329 3864/5473/3337
f 3993/5474/3338 3996/5464/3330 3878/5467/3331 3877/5475/3339
f 3912/5476/3340 3915/5468/3332 3851/5469/3333 3850/5477/3341
f 3951/5478/3342 3954/5472/3336 3864/5473/3337 3863/5479/3343
f 3990/5480/3344 3993/5474/3338 3877/5475/3339 3876/5481/3345
f 3909/5482/3346 3912/5476/3340 3850/5477/3341 3849/5483/3347
f 4029/5484/3348 4032/5485/3349 3890/5486/3350 3889/5487/3351
f 3948/5488/3352 3951/5478/3342 3863/5479/3343 3862/5489/3275
f 3987/5490/3353 3990/5480/3344 3876/5481/3345 3875/5491/3354
f 3906/5492/3355 3909/5482/3346 3849/5483/3347 3848/5493/3273
f 4026/5494/3356 4029/5484/3348 3889/5487/3351 3888/5495/3357
f 3945/5496/3358 3948/5488/3352 3862/5489/3275 3861/5497/3359
f 3984/5498/3360 3987/5490/3353 3875/5491/3354 3874/5499/3361
f 3903/5500/3362 3906/5492/3355 3848/5493/3273 3847/5501/3363
f 4023/5502/3364 4026/5494/3356 3888/5495/3357 3887/5503/3365
f 3942/5504/3366 3945/5496/3358 3861/5497/3359 3860/5505/3367
f 3981/5506/3368 3984/5498/3360 3874/5499/3361 3873/5507/3369
f 3900/5508/3370 3903/5500/3362 3847/5501/3363 3846/5509/3371
f 4020/5510/3372 4023/5502/3364 3887/5503/3365 3886/5511/3239
f 3939/5512/3373 3942/5504/3366 3860/5505/3367 3859/5513/3374
f 3978/5413/3284 3981/5506/3368 3873/5507/3369 3872/5414/3243
f 3897/5417/3287 3900/5508/3370 3846/5509/3371 3845/5418/3288
f 4017/5421/3291 4020/5510/3372 3886/5511/3239 3885/5422/3292
f 3936/5425/3295 3939/5512/3373 3859/5513/3374 3858/5426/3296
f 3811/5514/3375 3812/5515/3376 3943/5516/3377 3940/5517/3378
f 3824/5518/3379 3825/5519/3380 3982/5520/3381 3979/5521/3382
f 3797/5522/2666 3798/5523/3383 3901/5524/3384 3898/5525/3385
f 3837/5526/3386 3838/5527/3387 4021/5528/3388 4018/5529/3389
f 3810/5530/3390 3811/5514/3375 3940/5517/3378 3937/5531/3391
f 3823/5532/3392 3824/5518/3379 3979/5521/3382 3976/5533/3393
f 3796/5534/2665 3797/5522/2666 3898/5525/3385 3895/5535/3394
f 3836/5536/3395 3837/5526/3386 4018/5529/3389 4015/5537/3396
f 3809/5538/3397 3810/5530/3390 3937/5531/3391 3934/5539/3398
f 3822/5540/3399 3823/5532/3392 3976/5533/3393 3973/5541/3400
f 3795/5542/534 3796/5534/2665 3895/5535/3394 3891/5543/3401
f 3835/5544/3402 3836/5536/3395 4015/5537/3396 4012/5545/3403
f 3808/5546/3404 3809/5538/3397 3934/5539/3398 3931/5547/3405
f 3821/5548/2646 3822/5540/3399 3973/5541/3400 3970/5549/3406
f 3834/5550/3407 3835/5544/3402 4012/5545/3403 4009/5551/3408
f 3807/5552/3 3808/5546/3404 3931/5547/3405 3928/5553/3409
f 3820/5554/2645 3821/5548/2646 3970/5549/3406 3967/5555/3410
f 3833/5556/3411 3834/5550/3407 4009/5551/3408 4006/5557/3412
f 3806/5558/3413 3807/5559/3 3928/5560/3409 3925/5561/3414
f 3819/5562/545 3820/5554/2645 3967/5555/3410 3964/5563/3415
f 3832/5564/2654 3833/5556/3411 4006/5557/3412 4003/5565/3416
f 3805/5566/3417 3806/5558/3413 3925/5561/3414 3922/5567/3418
f 3818/5568/2685 3819/5569/545 3964/5570/3415 3961/5571/3419
f 3831/5572/11 3832/5564/2654 4003/5565/3416 4000/5573/3420
f 3804/5574/3421 3805/5566/3417 3922/5567/3418 3919/5575/3422
f 3817/5576/2684 3818/5568/2685 3961/5571/3419 3958/5577/3423
f 3830/5578/2653 3831/5579/11 4000/5580/3420 3997/5581/3424
f 3803/5582/3425 3804/5574/3421 3919/5575/3422 3916/5583/3426
f 3816/5584/3427 3817/5576/2684 3958/5577/3423 3955/5585/3428
f 3829/5586/3429 3830/5578/2653 3997/5581/3424 3994/5587/3430
f 3802/5588/3431 3803/5582/3425 3916/5583/3426 3913/5589/3432
f 3842/5590/2664 3795/5591/534 3891/5592/3401 4033/5593/3433
f 3815/5594/3434 3816/5584/3427 3955/5585/3428 3952/5595/3435
f 3828/5596/3436 3829/5586/3429 3994/5587/3430 3991/5597/3437
f 3801/5598/3438 3802/5588/3431 3913/5589/3432 3910/5599/3439
f 3841/5600/2663 3842/5590/2664 4033/5593/3433 4030/5601/3440
f 3814/5602/3441 3815/5594/3434 3952/5595/3435 3949/5603/3442
f 3827/5604/3443 3828/5596/3436 3991/5597/3437 3988/5605/3444
f 3800/5606/3445 3801/5598/3438 3910/5599/3439 3907/5607/3446
f 3840/5608/3447 3841/5600/2663 4030/5601/3440 4027/5609/3448
f 3813/5610/3449 3814/5602/3441 3949/5603/3442 3946/5611/3450
f 3826/5612/3451 3827/5604/3443 3988/5605/3444 3985/5613/3452
f 3799/5614/3453 3800/5606/3445 3907/5607/3446 3904/5615/3454
f 3839/5616/3455 3840/5608/3447 4027/5609/3448 4024/5617/3456
f 3812/5515/3376 3813/5610/3449 3946/5611/3450 3943/5516/3377
f 3825/5519/3380 3826/5612/3451 3985/5613/3452 3982/5520/3381
f 3798/5523/3383 3799/5614/3453 3904/5615/3454 3901/5524/3384
f 3838/5527/3387 3839/5616/3455 4024/5617/3456 4021/5528/3388
f 4033/5593/3433 3891/5592/3401 3893/5618/3457 4034/5619/3458
f 4034/5619/3458 3893/5618/3457 3892/5620/3334 4032/5485/3349
f 4030/5601/3440 4033/5593/3433 4034/5619/3458 4031/5621/3459
f 4031/5621/3459 4034/5619/3458 4032/5485/3349 4029/5484/3348
f 4027/5609/3448 4030/5601/3440 4031/5621/3459 4028/5622/3460
f 4028/5622/3460 4031/5621/3459 4029/5484/3348 4026/5494/3356
f 4024/5617/3456 4027/5609/3448 4028/5622/3460 4025/5623/3461
f 4025/5623/3461 4028/5622/3460 4026/5494/3356 4023/5502/3364
f 4021/5528/3388 4024/5617/3456 4025/5623/3461 4022/5624/3462
f 4022/5624/3462 4025/5623/3461 4023/5502/3364 4020/5510/3372
f 4018/5529/3389 4021/5528/3388 4022/5624/3462 4019/5625/3463
f 4019/5625/3463 4022/5624/3462 4020/5510/3372 4017/5421/3291
f 4015/5537/3396 4018/5529/3389 4019/5625/3463 4016/5626/3464
f 4016/5626/3464 4019/5625/3463 4017/5421/3291 4014/5420/3290
f 4012/5545/3403 4015/5537/3396 4016/5626/3464 4013/5627/3465
f 4013/5627/3465 4016/5626/3464 4014/5420/3290 4011/5430/3300
f 4009/5551/3408 4012/5545/3403 4013/5627/3465 4010/5628/3466
f 4010/5628/3466 4013/5627/3465 4011/5430/3300 4008/5436/3306
f 4006/5557/3412 4009/5551/3408 4010/5628/3466 4007/5629/3467
f 4007/5629/3467 4010/5628/3466 4008/5436/3306 4005/5442/3312
f 4003/5565/3416 4006/5557/3412 4007/5629/3467 4004/5630/3468
f 4004/5630/3468 4007/5629/3467 4005/5442/3312 4002/5450/3318
f 4000/5573/3420 4003/5565/3416 4004/5630/3468 4001/5631/3469
f 4001/5631/3469 4004/5630/3468 4002/5450/3318 3999/5458/3324
f 3997/5581/3424 4000/5580/3420 4001/5632/3469 3998/5633/3470
f 3998/5633/3470 4001/5632/3469 3999/5465/3324 3996/5464/3330
f 3994/5587/3430 3997/5581/3424 3998/5633/3470 3995/5634/3471
f 3995/5634/3471 3998/5633/3470 3996/5464/3330 3993/5474/3338
f 3991/5597/3437 3994/5587/3430 3995/5634/3471 3992/5635/3472
f 3992/5635/3472 3995/5634/3471 3993/5474/3338 3990/5480/3344
f 3988/5605/3444 3991/5597/3437 3992/5635/3472 3989/5636/3473
f 3989/5636/3473 3992/5635/3472 3990/5480/3344 3987/5490/3353
f 3985/5613/3452 3988/5605/3444 3989/5636/3473 3986/5637/3474
f 3986/5637/3474 3989/5636/3473 3987/5490/3353 3984/5498/3360
f 3982/5520/3381 3985/5613/3452 3986/5637/3474 3983/5638/3475
f 3983/5638/3475 3986/5637/3474 3984/5498/3360 3981/5506/3368
f 3979/5521/3382 3982/5520/3381 3983/5638/3475 3980/5639/3476
f 3980/5639/3476 3983/5638/3475 3981/5506/3368 3978/5413/3284
f 3976/5533/3393 3979/5521/3382 3980/5639/3476 3977/5640/3477
f 3977/5640/3477 3980/5639/3476 3978/5413/3284 3975/5412/3283
f 3973/5541/3400 3976/5533/3393 3977/5640/3477 3974/5641/3478
f 3974/5641/3478 3977/5640/3477 3975/5412/3283 3972/5428/3298
f 3970/5549/3406 3973/5541/3400 3974/5641/3478 3971/5642/3479
f 3971/5642/3479 3974/5641/3478 3972/5428/3298 3969/5434/3304
f 3967/5555/3410 3970/5549/3406 3971/5642/3479 3968/5643/3480
f 3968/5643/3480 3971/5642/3479 3969/5434/3304 3966/5440/3310
f 3964/5563/3415 3967/5555/3410 3968/5643/3480 3965/5644/3481
f 3965/5644/3481 3968/5643/3480 3966/5440/3310 3963/5448/3316
f 3961/5571/3419 3964/5570/3415 3965/5645/3481 3962/5646/3482
f 3962/5646/3482 3965/5645/3481 3963/5455/3316 3960/5454/3322
f 3958/5577/3423 3961/5571/3419 3962/5646/3482 3959/5647/3483
f 3959/5647/3483 3962/5646/3482 3960/5454/3322 3957/5462/3328
f 3955/5585/3428 3958/5577/3423 3959/5647/3483 3956/5648/3484
f 3956/5648/3484 3959/5647/3483 3957/5462/3328 3954/5472/3336
f 3952/5595/3435 3955/5585/3428 3956/5648/3484 3953/5649/3485
f 3953/5649/3485 3956/5648/3484 3954/5472/3336 3951/5478/3342
f 3949/5603/3442 3952/5595/3435 3953/5649/3485 3950/5650/3486
f 3950/5650/3486 3953/5649/3485 3951/5478/3342 3948/5488/3352
f 3946/5611/3450 3949/5603/3442 3950/5650/3486 3947/5651/3487
f 3947/5651/3487 3950/5650/3486 3948/5488/3352 3945/5496/3358
f 3943/5516/3377 3946/5611/3450 3947/5651/3487 3944/5652/3488
f 3944/5652/3488 3947/5651/3487 3945/5496/3358 3942/5504/3366
f 3940/5517/3378 3943/5516/3377 3944/5652/3488 3941/5653/3489
f 3941/5653/3489 3944/5652/3488 3942/5504/3366 3939/5512/3373
f 3937/5531/3391 3940/5517/3378 3941/5653/3489 3938/5654/3490
f 3938/5654/3490 3941/5653/3489 3939/5512/3373 3936/5425/3295
f 3934/5539/3398 3937/5531/3391 3938/5654/3490 3935/5655/3491
f 3935/5655/3491 3938/5654/3490 3936/5425/3295 3933/5424/3294
f 3931/5547/3405 3934/5539/3398 3935/5655/3491 3932/5656/3492
f 3932/5656/3492 3935/5655/3491 3933/5424/3294 3930/5432/3302
f 3928/5553/3409 3931/5547/3405 3932/5656/3492 3929/5657/3493
f 3929/5657/3493 3932/5656/3492 3930/5432/3302 3927/5438/3308
f 3925/5561/3414 3928/5560/3409 3929/5658/3493 3926/5659/3494
f 3926/5659/3494 3929/5658/3493 3927/5445/3308 3924/5444/3314
f 3922/5567/3418 3925/5561/3414 3926/5659/3494 3923/5660/3495
f 3923/5660/3495 3926/5659/3494 3924/5444/3314 3921/5452/3320
f 3919/5575/3422 3922/5567/3418 3923/5660/3495 3920/5661/3496
f 3920/5661/3496 3923/5660/3495 3921/5452/3320 3918/5460/3326
f 3916/5583/3426 3919/5575/3422 3920/5661/3496 3917/5662/3497
f 3917/5662/3497 3920/5661/3496 3918/5460/3326 3915/5468/3332
f 3913/5589/3432 3916/5583/3426 3917/5662/3497 3914/5663/3498
f 3914/5663/3498 3917/5662/3497 3915/5468/3332 3912/5476/3340
f 3910/5599/3439 3913/5589/3432 3914/5663/3498 3911/5664/3499
f 3911/5664/3499 3914/5663/3498 3912/5476/3340 3909/5482/3346
f 3907/5607/3446 3910/5599/3439 3911/5664/3499 3908/5665/3500
f 3908/5665/3500 3911/5664/3499 3909/5482/3346 3906/5492/3355
f 3904/5615/3454 3907/5607/3446 3908/5665/3500 3905/5666/3501
f 3905/5666/3501 3908/5665/3500 3906/5492/3355 3903/5500/3362
f 3901/5524/3384 3904/5615/3454 3905/5666/3501 3902/5667/3502
f 3902/5667/3502 3905/5666/3501 3903/5500/3362 3900/5508/3370
f 3898/5525/3385 3901/5524/3384 3902/5667/3502 3899/5668/3503
f 3899/5668/3503 3902/5667/3502 3900/5508/3370 3897/5417/3287
f 3895/5535/3394 3898/5525/3385 3899/5668/3503 3896/5669/3504
f 3896/5669/3504 3899/5668/3503 3897/5417/3287 3894/5416/3286
f 3891/5543/3401 3895/5535/3394 3896/5669/3504 3893/5670/3457
f 3893/5670/3457 3896/5669/3504 3894/5416/3286 3892/5470/3334
f 4032/5485/3349 3892/5620/3334 3843/5671/3335 3890/5486/3350
f 4080/5672/3505 4038/5673/3506 4086/5674/3507 4128/5675/3508
f 4037/5676/3509 4044/5677/3510 4092/5678/3511 4085/5679/3512
f 4067/5680/3513 4071/5681/3514 4119/5682/3515 4115/5683/3516
f 4055/5684/3517 4058/5685/3518 4106/5686/3519 4103/5687/3517
f 4081/5688/3520 4040/5689/3521 4088/5690/3522 4129/5691/3523
f 4039/5692/3524 4045/5693/3525 4093/5694/3526 4087/5695/3527
f 4068/5696/3528 4072/5697/3529 4120/5698/3530 4116/5699/3531
f 4056/5700/3532 4059/5701/3533 4107/5702/3533 4104/5703/3534
f 4082/5704/3535 4042/5705/3536 4090/5706/3537 4130/5707/3538
f 4041/5708/3539 4046/5709/3540 4094/5710/3540 4089/5711/3541
f 4069/5712/3542 4073/5713/3543 4121/5714/3544 4117/5715/3545
f 4057/5716/3546 4060/5717/3547 4108/5718/3548 4105/5719/3549
f 4043/5720/3550 4047/5721/3551 4095/5722/3552 4091/5723/3553
f 4070/5724/3554 4074/5725/3555 4122/5726/3556 4118/5727/3557
f 4058/5685/3518 4061/5728/3558 4109/5729/3559 4106/5686/3519
f 4044/5677/3510 4048/5730/3560 4096/5731/3561 4092/5678/3511
f 4071/5681/3514 4075/5732/3562 4123/5733/3563 4119/5682/3515
f 4059/5734/3533 4062/5735/3564 4110/5736/3565 4107/5737/3533
f 4045/5693/3525 4049/5738/3566 4097/5739/3567 4093/5694/3526
f 4072/5697/3529 4076/5740/3568 4124/5741/3569 4120/5698/3530
f 4060/5717/3547 4063/5742/3570 4111/5743/3571 4108/5718/3548
f 4047/5721/3551 4050/5744/3572 4098/5745/3573 4095/5722/3552
f 4073/5713/3543 4077/5746/3574 4125/5747/3575 4121/5714/3544
f 4061/5728/3558 4064/5748/3576 4112/5749/3577 4109/5729/3559
f 4048/5730/3560 4051/5750/3578 4099/5751/3578 4096/5731/3561
f 4074/5725/3555 4078/5752/3579 4126/5753/3580 4122/5726/3556
f 4062/5735/3564 4065/5754/3581 4113/5755/3582 4110/5736/3565
f 4049/5738/3566 4052/5756/3583 4100/5757/3584 4097/5739/3567
f 4075/5732/3562 4079/5758/3585 4127/5759/3586 4123/5733/3563
f 4036/5760/3587 4035/5761/3588 4083/5762/3589 4084/5763/3590
f 4063/5742/3570 4066/5764/3591 4114/5765/3592 4111/5743/3571
f 4050/5744/3572 4053/5766/3593 4101/5767/3594 4098/5745/3573
f 4076/5740/3568 4080/5672/3505 4128/5675/3508 4124/5741/3569
f 4038/5673/3506 4037/5676/3509 4085/5679/3512 4086/5674/3507
f 4046/5768/3540 4067/5680/3513 4115/5683/3516 4094/5769/3540
f 4051/5770/3578 4054/5771/3595 4102/5772/3596 4099/5773/3578
f 4077/5746/3574 4081/5688/3520 4129/5691/3523 4125/5747/3575
f 4040/5689/3521 4039/5692/3524 4087/5695/3527 4088/5690/3522
f 4064/5748/3576 4068/5696/3528 4116/5699/3531 4112/5749/3577
f 4052/5756/3583 4055/5774/3517 4103/5775/3517 4100/5757/3584
f 4078/5752/3579 4082/5704/3535 4130/5707/3538 4126/5753/3580
f 4042/5705/3536 4041/5708/3539 4089/5711/3541 4090/5706/3537
f 4065/5754/3581 4069/5712/3542 4117/5715/3545 4113/5755/3582
f 4053/5766/3593 4056/5700/3532 4104/5703/3534 4101/5767/3594
f 4079/5758/3585 4036/5760/3587 4084/5763/3590 4127/5759/3586
f 4035/5761/3588 4043/5720/3550 4091/5723/3553 4083/5762/3589
f 4066/5764/3591 4070/5724/3554 4118/5727/3557 4114/5765/3592
f 4054/5771/3595 4057/5716/3546 4105/5719/3549 4102/5772/3596
f 4093/5776/3597 4097/5777/3265 4145/5778/3598 4141/5779/3599
f 4120/5780/3600 4124/5781/3359 4172/5782/3601 4168/5783/3602
f 4108/5784/3603 4111/5785/3604 4159/5786/3605 4156/5787/3606
f 4095/5788/3607 4098/5789/3608 4146/5790/3609 4143/5791/3610
f 4121/5792/3611 4125/5793/3612 4173/5794/3613 4169/5795/3614
f 4086/5796/3615 4085/5797/3616 4133/5798/3617 4134/5799/3618
f 4109/5800/3251 4112/5801/3619 4160/5802/3620 4157/5803/3621
f 4096/5804/3622 4099/5805/21 4147/5806/3623 4144/5807/3624
f 4122/5808/3625 4126/5809/3626 4174/5810/3627 4170/5811/3628
f 4110/5812/3629 4113/5813/3630 4161/5814/3631 4158/5815/3632
f 4097/5777/3265 4100/5816/3633 4148/5817/3634 4145/5778/3598
f 4123/5818/3635 4127/5819/3636 4175/5820/3637 4171/5821/3638
f 4088/5822/3639 4087/5823/3640 4135/5824/3641 4136/5825/3642
f 4111/5785/3604 4114/5826/3643 4162/5827/3644 4159/5786/3605
f 4098/5789/3608 4101/5828/3645 4149/5829/3646 4146/5790/3609
f 4124/5781/3359 4128/5830/3647 4176/5831/3648 4172/5782/3601
f 4127/5819/3636 4084/5832/3649 4132/5833/3650 4175/5820/3637
f 4094/5834/21 4115/5835/3651 4163/5836/3652 4142/5837/3653
f 4099/5838/21 4102/5839/3654 4150/5840/3655 4147/5841/3623
f 4125/5793/3612 4129/5842/3369 4177/5843/3656 4173/5794/3613
f 4090/5844/3257 4089/5845/3657 4137/5846/3658 4138/5847/3659
f 4112/5801/3619 4116/5848/3660 4164/5849/3661 4160/5802/3620
f 4100/5816/3633 4103/5850/21 4151/5851/3662 4148/5817/3634
f 4126/5809/3626 4130/5852/3663 4178/5853/3664 4174/5810/3627
f 4128/5830/3647 4086/5796/3615 4134/5799/3618 4176/5831/3648
f 4113/5813/3630 4117/5854/3665 4165/5855/3666 4161/5814/3631
f 4101/5828/3645 4104/5856/3667 4152/5857/3668 4149/5829/3646
f 4083/5858/3292 4091/5859/3669 4139/5860/3670 4131/5861/3671
f 4114/5826/3643 4118/5862/3347 4166/5863/3672 4162/5827/3644
f 4102/5839/3654 4105/5864/3673 4153/5865/3674 4150/5840/3655
f 4129/5842/3369 4088/5822/3639 4136/5825/3642 4177/5843/3656
f 4085/5797/3616 4092/5866/3675 4140/5867/3676 4133/5798/3617
f 4115/5835/3651 4119/5868/3259 4167/5869/3677 4163/5836/3652
f 4103/5870/21 4106/5871/3678 4154/5872/3679 4151/5873/3662
f 4087/5823/3640 4093/5776/3597 4141/5779/3599 4135/5824/3641
f 4116/5848/3660 4120/5780/3600 4168/5783/3602 4164/5849/3661
f 4104/5856/3667 4107/5874/21 4155/5875/3680 4152/5857/3668
f 4130/5852/3663 4090/5844/3257 4138/5847/3659 4178/5853/3664
f 4089/5845/3657 4094/5876/21 4142/5877/3653 4137/5846/3658
f 4117/5854/3665 4121/5792/3611 4169/5795/3614 4165/5855/3666
f 4105/5864/3673 4108/5784/3603 4156/5787/3606 4153/5865/3674
f 4091/5859/3669 4095/5788/3607 4143/5791/3610 4139/5860/3670
f 4118/5862/3347 4122/5808/3625 4170/5811/3628 4166/5863/3672
f 4106/5871/3678 4109/5800/3251 4157/5803/3621 4154/5872/3679
f 4092/5866/3675 4096/5804/3622 4144/5807/3624 4140/5867/3676
f 4119/5868/3259 4123/5818/3635 4171/5821/3638 4167/5869/3677
f 4084/5832/3649 4083/5858/3292 4131/5861/3671 4132/5833/3650
f 4107/5878/21 4110/5812/3629 4158/5815/3632 4155/5879/3680
f 4149/5880/3646 4152/5881/3668 4200/5882/2654 4197/5883/3411
f 4175/5884/3637 4132/5885/3650 4180/5886/3681 4223/5887/3682
f 4131/5888/3671 4139/5889/3670 4187/5890/3395 4179/5891/3386
f 4162/5892/3644 4166/5893/3672 4214/5894/3438 4210/5895/3431
f 4150/5896/3655 4153/5897/3674 4201/5898/3417 4198/5899/3413
f 4176/5900/3648 4134/5901/3618 4182/5902/3375 4224/5903/3376
f 4133/5904/3617 4140/5905/3676 4188/5906/3397 4181/5907/3390
f 4163/5908/3652 4167/5909/3677 4215/5910/2663 4211/5911/2664
f 4151/5912/3662 4154/5913/3679 4202/5914/2685 4199/5915/545
f 4177/5916/3656 4136/5917/3642 4184/5918/3379 4225/5919/3380
f 4135/5920/3641 4141/5921/3599 4189/5922/3399 4183/5923/3392
f 4164/5924/3661 4168/5925/3602 4216/5926/3441 4212/5927/3434
f 4152/5881/3668 4155/5928/3680 4203/5929/11 4200/5882/2654
f 4178/5930/3664 4138/5931/3659 4186/5932/2666 4226/5933/3383
f 4137/5934/3658 4142/5935/3653 4190/5936/534 4185/5937/2665
f 4165/5938/3666 4169/5939/3614 4217/5940/3443 4213/5941/3436
f 4153/5897/3674 4156/5942/3606 4204/5943/3421 4201/5898/3417
f 4139/5889/3670 4143/5944/3610 4191/5945/3402 4187/5890/3395
f 4166/5893/3672 4170/5946/3628 4218/5947/3445 4214/5894/3438
f 4154/5913/3679 4157/5948/3621 4205/5949/2684 4202/5914/2685
f 4140/5905/3676 4144/5950/3624 4192/5951/3404 4188/5906/3397
f 4167/5909/3677 4171/5952/3638 4219/5953/3447 4215/5910/2663
f 4155/5954/3680 4158/5955/3632 4206/5956/2653 4203/5957/11
f 4141/5921/3599 4145/5958/3598 4193/5959/2646 4189/5922/3399
f 4168/5925/3602 4172/5960/3601 4220/5961/3449 4216/5926/3441
f 4156/5942/3606 4159/5962/3605 4207/5963/3425 4204/5943/3421
f 4143/5944/3610 4146/5964/3609 4194/5965/3407 4191/5945/3402
f 4169/5939/3614 4173/5966/3613 4221/5967/3451 4217/5940/3443
f 4157/5948/3621 4160/5968/3620 4208/5969/3427 4205/5949/2684
f 4144/5950/3624 4147/5970/3623 4195/5971/3 4192/5951/3404
f 4170/5946/3628 4174/5972/3627 4222/5973/3453 4218/5947/3445
f 4158/5955/3632 4161/5974/3631 4209/5975/3429 4206/5956/2653
f 4145/5958/3598 4148/5976/3634 4196/5977/2645 4193/5959/2646
f 4171/5952/3638 4175/5884/3637 4223/5887/3682 4219/5953/3447
f 4132/5885/3650 4131/5888/3671 4179/5891/3386 4180/5886/3681
f 4159/5962/3605 4162/5892/3644 4210/5895/3431 4207/5963/3425
f 4146/5964/3609 4149/5880/3646 4197/5883/3411 4194/5965/3407
f 4172/5960/3601 4176/5900/3648 4224/5903/3376 4220/5961/3449
f 4134/5901/3618 4133/5904/3617 4181/5907/3390 4182/5902/3375
f 4142/5978/3653 4163/5908/3652 4211/5911/2664 4190/5979/534
f 4147/5980/3623 4150/5896/3655 4198/5899/3413 4195/5981/3
f 4173/5966/3613 4177/5916/3656 4225/5919/3380 4221/5967/3451
f 4136/5917/3642 4135/5920/3641 4183/5923/3392 4184/5918/3379
f 4160/5968/3620 4164/5924/3661 4212/5927/3434 4208/5969/3427
f 4148/5976/3634 4151/5982/3662 4199/5983/545 4196/5977/2645
f 4174/5972/3627 4178/5930/3664 4226/5933/3383 4222/5973/3453
f 4138/5931/3659 4137/5934/3658 4185/5937/2665 4186/5932/2666
f 4161/5974/3631 4165/5938/3666 4213/5941/3436 4209/5975/3429
f 3764/5984/3683 3769/5985/3684 4241/5986/3684 4238/5987/3685
f 4227/5988/3 4240/5989/3 3777/5990/3686 4237/5991/3686
f 4238/5992/3687 3849/5993/3688 3850/5994/3689
f 3760/5995/3690 3759/5996/3691 4247/5997/3691 4243/5998/3690
f 3759/5996/3691 3761/5999/3692 4249/6000/3692 4247/5997/3691
f 3761/6001/3692 3762/6002/3693 4242/6003/3693 4249/6004/3692
f 3763/6005/3694 3764/5984/3683 4238/5987/3685 4244/6006/3694
f 4257/6007/3695 3766/6008/3695 3765/6009/3696 4232/6010/3696
f 4256/6011/548 3767/6012/548 3766/6008/3695 4257/6007/3695
f 3768/6013/3697 3767/6014/548 4256/6015/548 4258/6016/3698
f 4241/5986/3684 3769/5985/3684 3768/6013/3697 4258/6016/3698
f 4261/6017/3699 3771/6018/3700 3770/6019/3701 4251/6020/3702
f 4228/6021/3703 3772/6022/3704 3771/6018/3700 4261/6017/3699
f 3773/6023/3705 3772/6024/3704 4228/6025/3703 4234/6026/3706
f 3775/6027/3707 3774/6028/3708 4236/6029/3708 4239/6030/3707
f 3777/5990/3686 3776/6031/3709 4246/6032/3709 4237/5991/3686
f 3776/6031/3709 3778/6033/3710 4250/6034/3711 4246/6032/3709
f 3778/6035/3710 3779/6036/3712 4254/6037/3712 4250/6038/3711
f 3779/6036/3712 3780/6039/3713 4230/6040/3714 4254/6037/3712
f 4259/6041/3715 3852/6042/3716 3853/6043/3715 4229/6044/3715
f 3865/6045/3717 4230/6046/3718 3864/6047/3719
f 4245/6048/3720 4248/6049/3721 3857/6050/3720
f 3856/6051/3721 3857/6050/3720 4233/6052/3721
f 3866/6053/3722 4230/6046/3718 3865/6045/3717
f 3792/6054/3723 3789/6055/3724 4231/6056/3724 4233/6057/3725
f 3762/6002/3693 3763/6005/3694 4244/6006/3694 4242/6003/3693
f 3774/6028/3708 3773/6023/3705 4234/6026/3706 4236/6029/3708
f 3770/6019/3701 3786/6058/3726 4252/6059/3726 4251/6020/3702
f 4253/6060/3727 3783/6061/3727 3760/5995/3690 4243/5998/3690
f 3785/6062/3728 3783/6061/3727 4253/6060/3727 4255/6063/3729
f 3784/6064/3730 3785/6062/3728 4255/6063/3729 4259/6065/3731
f 3788/6066/3732 3793/6067/3733 4245/6068/3734 4262/6069/3732
f 4252/6059/3726 3786/6058/3726 3787/6070/3735 4260/6071/3736
f 4260/6071/3736 3787/6070/3735 3788/6066/3732 4262/6069/3732
f 4235/6072/3721 3853/6043/3715 4231/6073/3721
f 3790/6074/189 3791/6075/3737 4229/6076/3738 4235/6077/3739
f 3789/6055/3724 3790/6074/189 4235/6077/3739 4231/6056/3724
f 4233/6052/3721 3857/6050/3720 4248/6049/3721
f 4245/6068/3734 3793/6067/3733 3794/6078/551 4248/6079/3740
f 4248/6079/3740 3794/6078/551 3792/6054/3723 4233/6057/3725
f 4249/6080/3741 3851/6081/3742 4247/6082/3689
f 4232/6083/3743 3885/6084/3744 3886/6085/3745 4257/6086/3745
f 4257/6086/3745 3886/6085/3745 3887/6087/3746 4256/6088/3746
f 4256/6088/3746 3887/6087/3746 3888/6089/3747 4258/6090/3748
f 4258/6090/3748 3888/6089/3747 3889/6091/3749 4241/6092/3750
f 4239/6093/3751 3860/6094/3752 3861/6095/3688
f 4229/6044/3715 3853/6043/3715 4235/6072/3721
f 4232/6083/3743 3884/6096/3744 3885/6084/3744
f 3869/6097/3753 4230/6046/3718 3868/6098/3754
f 4230/6046/3718 3869/6097/3753 3870/6099/3755 4254/6100/3756
f 4254/6100/3756 3870/6099/3755 3871/6101/3757 4250/6102/3758
f 4250/6102/3758 3871/6101/3757 3872/6103/3759 4246/6104/3760
f 4237/6105/3761 3873/6106/3762 3874/6107/3763
f 3791/6075/3737 3784/6064/3730 4259/6065/3731 4229/6076/3738
f 4262/6108/3720 4245/6048/3720 3857/6050/3720 3858/6109/3764
f 4243/6110/3742 4247/6082/3689 3851/6081/3742
f 4259/6041/3715 4255/6111/3765 3852/6042/3716
f 4255/6111/3765 4253/6112/3765 3852/6042/3716
f 4260/6113/3765 4262/6108/3720 3858/6109/3764
f 4252/6114/3765 4260/6113/3765 3858/6109/3764
f 4251/6115/3766 4252/6114/3765 3858/6109/3764 3859/6116/3766
f 4253/6112/3765 4243/6110/3742 3851/6081/3742 3852/6042/3716
f 4242/6117/3767 3850/5994/3689 3851/6081/3742 4249/6080/3741
f 4244/6118/3768 3850/5994/3689 4242/6117/3767
f 4238/5992/3687 3850/5994/3689 4244/6118/3768
f 3867/6119/3769 4230/6046/3718 3866/6053/3722
f 4261/6120/3770 4251/6115/3766 3859/6116/3766
f 4228/6121/3771 4261/6120/3770 3859/6116/3766
f 4234/6122/3772 4228/6121/3771 3859/6116/3766 3860/6094/3752
f 4236/6123/3773 4234/6122/3772 3860/6094/3752
f 4239/6093/3751 4236/6123/3773 3860/6094/3752
f 3868/6098/3754 4230/6046/3718 3867/6119/3769
f 3780/6039/3713 3775/6027/3707 4239/6030/3707 4230/6040/3714
f 3864/6047/3719 4230/6046/3718 3863/6124/3774
f 3889/6091/3749 3890/6125/3775 4241/6092/3750
f 3890/6125/3775 3843/6126/3776 4241/6092/3750
f 3843/6126/3776 3844/6127/3777 4241/6092/3750
f 3844/6127/3777 3845/6128/3778 4241/6092/3750
f 3845/6128/3778 3846/6129/3779 4241/6092/3750
f 3846/6129/3779 3847/6130/3780 4241/6092/3750
f 3848/6131/3781 3849/5993/3688 4238/5992/3687
f 3848/6131/3781 4238/5992/3687 4241/6092/3750
f 4239/6093/3751 3861/6095/3688 3862/6132/3782
f 4230/6046/3718 4239/6093/3751 3862/6132/3782
f 3847/6130/3780 3848/6131/3781 4241/6092/3750
f 3863/6124/3774 4230/6046/3718 3862/6132/3782
f 4232/6083/3743 3883/6133/3783 3884/6096/3744
f 4232/6083/3743 3882/6134/3784 3883/6133/3783
f 4237/6105/3761 3874/6107/3763 3875/6135/3785
f 4237/6105/3761 3875/6135/3785 3876/6136/3786
f 4227/6137/3787 4237/6105/3761 3876/6136/3786 3877/6138/3788
f 4232/6010/3696 3765/6009/3696 4240/5989/3 4227/5988/3
f 4227/6137/3787 3877/6138/3788 3878/6139/3789
f 4227/6137/3787 3878/6139/3789 3879/6140/3790
f 4227/6137/3787 3879/6140/3790 3880/6141/3791
f 4227/6137/3787 3880/6141/3791 3881/6142/3792
f 4232/6083/3743 4227/6137/3787 3881/6142/3792 3882/6134/3784
f 3853/6043/3715 3854/6143/3793 4231/6073/3721
f 3854/6143/3793 3855/6144/3793 4231/6073/3721
f 4231/6073/3721 3855/6144/3793 4233/6052/3721
f 3855/6144/3793 3856/6051/3721 4233/6052/3721
f 3776/6145/21 3777/6146/21 4279/6147/21 4278/6148/21
f 3789/6149/21 3792/6150/21 4283/6151/21
f 3778/6152/21 3776/6145/21 4278/6148/21 4280/6153/21
f 3759/6154/21 3760/6155/21 3781/6156/21 3782/6157/21
f 3785/6158/21 3784/6159/21 4283/6151/21
f 3779/6160/21 3778/6152/21 4280/6153/21 4281/6161/21
f 3761/6162/21 3759/6154/21 3782/6157/21 4263/6163/21
f 3783/6164/21 3785/6158/21 4283/6151/21
f 3780/6165/21 3779/6160/21 4281/6161/21 4282/6166/21
f 3762/6167/21 3761/6162/21 4263/6163/21 4264/6168/21
f 3787/6169/21 3786/6170/21 4283/6151/21
f 3763/6171/21 3762/6167/21 4264/6168/21 4265/6172/21
f 3788/6173/21 3787/6169/21 4283/6151/21
f 4240/6174/21 3765/6175/21 4267/6176/21 4284/6177/21
f 3765/6175/21 3766/6178/21 4268/6179/21 4267/6176/21
f 3784/6159/21 3791/6180/21 4283/6151/21
f 3766/6178/21 3767/6181/21 4269/6182/21 4268/6179/21
f 3791/6180/21 3790/6183/21 4283/6151/21
f 3767/6181/21 3768/6184/21 4270/6185/21 4269/6182/21
f 3790/6183/21 3789/6149/21 4283/6151/21
f 3768/6184/21 3769/6186/21 4271/6187/21 4270/6185/21
f 3794/6188/21 3793/6189/21 4283/6151/21
f 3769/6186/21 3764/6190/21 4266/6191/21 4271/6187/21
f 3770/6192/21 3771/6193/21 4273/6194/21 4272/6195/21
f 3792/6150/21 3794/6188/21 4283/6151/21
f 3771/6193/21 3772/6196/21 4274/6197/21 4273/6194/21
f 3760/6155/21 3783/6164/21 4283/6151/21 3781/6156/21
f 3775/6198/21 3780/6165/21 4282/6166/21 4277/6199/21
f 3772/6196/21 3773/6200/21 4275/6201/21 4274/6197/21
f 3777/6146/21 4240/6174/21 4284/6177/21 4279/6147/21
f 3786/6170/21 3770/6192/21 4272/6195/21 4283/6151/21
f 3764/6190/21 3763/6171/21 4265/6172/21 4266/6191/21
f 3774/6202/21 3775/6198/21 4277/6199/21 4276/6203/21
f 3793/6189/21 3788/6173/21 4283/6151/21
f 3773/6200/21 3774/6202/21 4276/6203/21 4275/6201/21
f 4246/6104/3760 3872/6103/3759 3873/6106/3762 4237/6105/3761
o alarm_clock_01_hour_hand
v 0.002113 0.051714 0.025496
v 0.000720 0.051565 0.025496
v 0.002083 0.061074 0.025496
v 0.004992 0.022064 0.025496
v 0.004172 0.021976 0.025496
v 0.003619 0.025759 0.025496
v 0.004732 0.025878 0.025496
v 0.001416 0.051639 0.025496
v 0.000462 0.060568 0.025496
v 0.004605 0.021805 0.025496
v 0.004176 0.025818 0.025496
v 0.004546 0.029552 0.025496
v 0.003024 0.029389 0.025496
v 0.003785 0.029471 0.025496
v 0.003256 0.044315 0.025496
v 0.001166 0.044091 0.025496
v 0.002211 0.044203 0.025496
v 0.005108 0.033189 0.025496
v 0.001707 0.032826 0.025496
v 0.003407 0.033007 0.025496
v 0.000563 0.039991 0.025496
v 0.002637 0.040213 0.025496
v 0.004712 0.040435 0.025496
v 0.007009 0.037217 0.025496
v -0.001002 0.036361 0.025496
v 0.003003 0.036789 0.025496
v 0.003817 0.042357 0.025496
v 0.001032 0.042059 0.025496
v 0.002424 0.042208 0.025496
v 0.002449 0.031116 0.025496
v 0.003596 0.031239 0.025496
v 0.004744 0.031362 0.025496
v 0.005360 0.039082 0.025496
v 0.006172 0.038011 0.025496
v 0.006398 0.036268 0.025496
v 0.005781 0.035045 0.025496
v 0.000657 0.034497 0.025496
v -0.000205 0.035562 0.025496
v -0.000352 0.037314 0.025496
v 0.000215 0.038532 0.025496
v 0.002788 0.038807 0.025496
v 0.002910 0.037663 0.025496
v 0.003097 0.035915 0.025496
v 0.003219 0.034771 0.025496
v 0.001654 0.058338 0.025496
v 0.001604 0.056326 0.025496
v 0.001574 0.057326 0.025496
v 0.000243 0.056180 0.025496
v -0.000232 0.058136 0.025496
v 0.000061 0.057164 0.025496
v 0.000923 0.056253 0.025496
v 0.000711 0.058237 0.025496
v 0.000817 0.057245 0.025496
v 0.002113 0.051714 0.024904
v 0.000720 0.051565 0.024904
v 0.004992 0.022064 0.024904
v 0.004172 0.021976 0.024904
v 0.003619 0.025759 0.024904
v 0.004732 0.025878 0.024904
v 0.004605 0.021805 0.024904
v 0.004546 0.029552 0.024904
v 0.003024 0.029389 0.024904
v 0.003256 0.044315 0.024904
v 0.001166 0.044091 0.024904
v 0.005108 0.033189 0.024904
v 0.001707 0.032826 0.024904
v 0.000563 0.039991 0.024904
v 0.004712 0.040435 0.024904
v 0.007009 0.037217 0.024904
v -0.001002 0.036361 0.024904
v 0.003817 0.042357 0.024904
v 0.001032 0.042059 0.024904
v 0.002449 0.031116 0.024904
v 0.004744 0.031362 0.024904
v 0.005360 0.039082 0.024904
v 0.006172 0.038011 0.024904
v 0.006398 0.036268 0.024904
v 0.005781 0.035045 0.024904
v 0.000657 0.034497 0.024904
v -0.000205 0.035562 0.024904
v -0.000352 0.037314 0.024904
v 0.000215 0.038532 0.024904
v 0.001654 0.058338 0.024904
v 0.001604 0.056326 0.024904
v 0.001574 0.057326 0.024904
v 0.000243 0.056180 0.024904
v -0.000232 0.058136 0.024904
v 0.000061 0.057164 0.024904
v -0.001229 0.060720 0.025496
v -0.001229 0.060720 0.024904
v 0.002083 0.061074 0.024904
v -0.004326 0.064432 0.024904
v -0.004174 0.066123 0.024904
v -0.003386 0.067627 0.024904
v -0.002083 0.068715 0.024904
v -0.000462 0.069221 0.024904
v 0.001228 0.069068 0.024904
v 0.002732 0.068281 0.024904
v 0.003820 0.066977 0.024904
v 0.004326 0.065357 0.024904
v 0.004174 0.063666 0.024904
v 0.003386 0.062162 0.024904
v -0.002732 0.061508 0.024904
v -0.003820 0.062812 0.024904
v -0.004326 0.064432 0.025496
v -0.002195 0.063698 0.025496
v -0.004174 0.066123 0.025496
v -0.001570 0.062949 0.025496
v -0.003386 0.067627 0.025496
v -0.000706 0.062496 0.025496
v -0.002083 0.068715 0.025496
v 0.000266 0.062408 0.025496
v -0.000462 0.069221 0.025496
v 0.001197 0.062699 0.025496
v 0.001228 0.069068 0.025496
v 0.001946 0.063324 0.025496
v 0.002732 0.068281 0.025496
v 0.002398 0.064189 0.025496
v 0.003820 0.066977 0.025496
v 0.002486 0.065160 0.025496
v 0.004326 0.065357 0.025496
v 0.002195 0.066091 0.025496
v 0.004174 0.063666 0.025496
v 0.001570 0.066840 0.025496
v 0.003386 0.062162 0.025496
v 0.000706 0.067293 0.025496
v -0.000266 0.067380 0.025496
v -0.001197 0.067090 0.025496
v -0.001946 0.066464 0.025496
v -0.002732 0.061508 0.025496
v -0.002398 0.065600 0.025496
v -0.003820 0.062812 0.025496
v -0.002486 0.064629 0.025496
vn -0.0000 -0.0000 1.0000
vn -0.8836 -0.4683 -0.0000
vn -0.8198 -0.5727 -0.0000
vn -0.8836 -0.4682 -0.0000
vn 0.9904 -0.1380 -0.0000
vn 1.0000 -0.0022 -0.0000
vn 0.9860 -0.1670 -0.0000
vn -0.8583 0.5131 -0.0000
vn -0.9965 -0.0837 -0.0000
vn -0.9957 -0.0929 -0.0000
vn -0.9852 0.1712 -0.0000
vn -0.9746 0.2239 -0.0000
vn -0.9738 0.2275 -0.0000
vn 0.9954 0.0957 -0.0000
vn 0.9907 0.1362 -0.0000
vn 0.9982 0.0597 -0.0000
vn 1.0000 -0.0021 -0.0000
vn -0.9564 0.2920 -0.0000
vn -0.9346 0.3556 -0.0000
vn -0.8848 0.4659 -0.0000
vn -0.9389 -0.3442 -0.0000
vn -0.9770 -0.2134 -0.0000
vn 0.1063 -0.9943 -0.0000
vn 0.9995 -0.0313 -0.0000
vn 0.9838 0.1791 -0.0000
vn 0.9897 -0.1430 -0.0000
vn 0.9880 -0.1546 -0.0000
vn -0.9401 -0.3409 -0.0000
vn -0.9718 -0.2359 -0.0000
vn -0.9719 -0.2353 -0.0000
vn -0.9883 -0.1526 -0.0000
vn -0.9808 -0.1949 -0.0000
vn -0.9456 -0.3252 -0.0000
vn 0.9928 0.1196 -0.0000
vn 0.7305 0.6829 -0.0000
vn 0.7664 0.6424 -0.0000
vn -0.9330 -0.3599 -0.0000
vn 0.8705 -0.4923 -0.0000
vn 0.9141 -0.4055 -0.0000
vn 0.8680 -0.4966 -0.0000
vn 0.9046 0.4263 -0.0000
vn 0.8566 0.5161 -0.0000
vn -0.9971 -0.0762 -0.0000
vn -0.9939 -0.1105 -0.0000
vn 0.9363 0.3513 -0.0000
vn 0.9982 0.0592 -0.0000
vn -0.9990 -0.0446 -0.0000
vn -0.9999 -0.0154 -0.0000
vn 0.8536 0.5209 -0.0000
vn -0.9920 -0.1266 -0.0000
vn -0.9928 0.1195 -0.0000
vn 0.9292 -0.3697 -0.0000
vn 0.9555 -0.2949 -0.0000
vn 0.9997 -0.0246 -0.0000
vn 0.9924 -0.1230 -0.0000
vn 0.1062 -0.9943 -0.0000
vn 0.9928 0.1197 -0.0000
vn 0.9692 -0.2464 -0.0000
vn -0.7468 -0.6650 -0.0000
vn -0.8135 -0.5816 -0.0000
vn -0.9284 -0.3716 -0.0000
vn -0.7434 -0.6688 -0.0000
vn -0.8780 -0.4787 -0.0000
vn -0.9943 -0.1063 -0.0000
vn -0.7782 0.6280 -0.0000
vn -0.5357 0.8444 -0.0000
vn -0.4195 0.9077 -0.0000
vn -0.1063 0.9943 -0.0000
vn 0.2183 0.9759 -0.0000
vn 0.3452 0.9385 -0.0000
vn 0.5751 0.8181 -0.0000
vn 0.6781 0.7350 -0.0000
vn 0.8780 0.4787 -0.0000
vn 0.9943 0.1063 -0.0000
vn 0.9593 -0.2823 -0.0000
vn 0.8181 -0.5751 -0.0000
vn 0.7350 -0.6781 -0.0000
vn 0.6408 -0.7677 -0.0000
vn -0.4641 -0.8858 -0.0000
vn -0.6280 -0.7782 -0.0000
vn -0.9593 0.2823 -0.0000
vt 0.640616 0.818193
vt 0.638085 0.812140
vt 0.642395 0.811232
vt 0.639120 0.902803
vt 0.640303 0.912701
vt 0.639240 0.913273
vt 0.638794 0.874181
vt 0.647278 0.871803
vt 0.649244 0.874061
vt 0.639012 0.893273
vt 0.640572 0.902786
vt 0.637669 0.902819
vt 0.637026 0.893296
vt 0.638164 0.912725
vt 0.640169 0.835414
vt 0.638573 0.854837
vt 0.638351 0.835435
vt 0.639990 0.823378
vt 0.635695 0.818249
vt 0.638155 0.818222
vt 0.638959 0.888660
vt 0.635965 0.888694
vt 0.640997 0.893251
vt 0.636534 0.835456
vt 0.638854 0.879445
vt 0.634469 0.884097
vt 0.632170 0.879521
vt 0.634999 0.860083
vt 0.638692 0.865247
vt 0.633279 0.865309
vt 0.642265 0.860000
vt 0.638632 0.860042
vt 0.647434 0.876362
vt 0.638734 0.868916
vt 0.632021 0.868993
vt 0.643343 0.883996
vt 0.638906 0.884046
vt 0.644104 0.865185
vt 0.630206 0.876559
vt 0.638820 0.876461
vt 0.641299 0.854806
vt 0.635847 0.854868
vt 0.641952 0.888626
vt 0.638767 0.871900
vt 0.630257 0.871997
vt 0.645537 0.879369
vt 0.645446 0.868839
vt 0.640157 0.820787
vt 0.638184 0.820810
vt 0.638214 0.823398
vt 0.636212 0.820832
vt 0.636438 0.823418
vt 0.877065 0.451102
vt 0.878603 0.445982
vt 0.878603 0.451102
vt 0.885602 0.464889
vt 0.887139 0.460167
vt 0.887139 0.464889
vt 0.185790 0.629543
vt 0.187327 0.632538
vt 0.185790 0.632538
vt 0.185790 0.616666
vt 0.187327 0.622166
vt 0.185790 0.622166
vt 0.200719 0.506115
vt 0.202256 0.494077
vt 0.202256 0.506115
vt 0.885602 0.450621
vt 0.885602 0.460167
vt 0.187327 0.626059
vt 0.185790 0.626059
vt 0.187327 0.629543
vt 0.877065 0.455936
vt 0.878603 0.460659
vt 0.877065 0.460659
vt 0.885602 0.439496
vt 0.887139 0.440704
vt 0.885602 0.440704
vt 0.200719 0.474653
vt 0.200719 0.494077
vt 0.200719 0.511344
vt 0.202256 0.518530
vt 0.200719 0.518530
vt 0.185790 0.574690
vt 0.187327 0.577324
vt 0.185790 0.577324
vt 0.877065 0.470204
vt 0.878603 0.480122
vt 0.877065 0.480122
vt 0.200719 0.453497
vt 0.202256 0.456491
vt 0.200719 0.456491
vt 0.187327 0.567505
vt 0.187327 0.574690
vt 0.885602 0.478399
vt 0.887139 0.474844
vt 0.887139 0.478399
vt 0.878603 0.470204
vt 0.200719 0.463868
vt 0.202256 0.459976
vt 0.202256 0.463868
vt 0.185790 0.591958
vt 0.187327 0.579920
vt 0.187327 0.591958
vt 0.202256 0.469369
vt 0.202256 0.474653
vt 0.887139 0.450621
vt 0.200719 0.469369
vt 0.187327 0.611382
vt 0.185790 0.611382
vt 0.200719 0.459976
vt 0.185790 0.579920
vt 0.187327 0.616666
vt 0.885602 0.474844
vt 0.887139 0.469724
vt 0.200719 0.508711
vt 0.202256 0.511344
vt 0.878603 0.481329
vt 0.877065 0.481329
vt 0.887139 0.481327
vt 0.885602 0.481327
vt 0.885602 0.469724
vt 0.877065 0.442427
vt 0.877065 0.445982
vt 0.878603 0.455936
vt 0.878603 0.439499
vt 0.878603 0.442427
vt 0.202256 0.508711
vt 0.176991 0.728350
vt 0.175454 0.723946
vt 0.176991 0.723946
vt 0.175454 0.715137
vt 0.176991 0.710732
vt 0.176991 0.715137
vt 0.175454 0.710732
vt 0.176991 0.706327
vt 0.175454 0.701923
vt 0.176991 0.701923
vt 0.175454 0.697518
vt 0.176991 0.697518
vt 0.175454 0.693114
vt 0.176991 0.693114
vt 0.176991 0.688709
vt 0.175454 0.684305
vt 0.176991 0.684305
vt 0.176991 0.679900
vt 0.175454 0.679900
vt 0.176991 0.675496
vt 0.176991 0.737159
vt 0.175454 0.732755
vt 0.176991 0.732755
vt 0.176991 0.719541
vt 0.648434 0.805053
vt 0.642595 0.805387
vt 0.643978 0.803266
vt 0.644443 0.800779
vt 0.649244 0.800724
vt 0.648336 0.796414
vt 0.642491 0.796214
vt 0.645847 0.792780
vt 0.642157 0.790375
vt 0.640371 0.794832
vt 0.637828 0.789565
vt 0.637883 0.794367
vt 0.635406 0.794889
vt 0.633518 0.790474
vt 0.629884 0.792962
vt 0.633318 0.796319
vt 0.631936 0.798439
vt 0.627479 0.796652
vt 0.631471 0.800927
vt 0.626669 0.800981
vt 0.643921 0.798302
vt 0.631993 0.803403
vt 0.627578 0.805291
vt 0.630066 0.808925
vt 0.633423 0.805491
vt 0.635543 0.806873
vt 0.633756 0.811330
vt 0.638031 0.807339
vt 0.640507 0.806817
vt 0.646029 0.808743
vt 0.628343 0.874300
vt 0.887139 0.439496
vt 0.202256 0.453497
vt 0.185790 0.567505
vt 0.877065 0.439499
vt 0.175454 0.728350
vt 0.175454 0.706327
vt 0.175454 0.688709
vt 0.175454 0.675496
vt 0.175454 0.737159
vt 0.175454 0.719541
s 1
usemtl alarm_clock_01
f 4333/6204/3794 4293/6205/3794 4373/6206/3794
f 4295/6207/3794 4289/6208/3794 4294/6209/3794
f 4310/6210/3794 4323/6211/3794 4309/6212/3794
f 4298/6213/3794 4290/6214/3794 4295/6207/3794
f 4298/6213/3794 4291/6215/3794 4296/6216/3794
f 4295/6207/3794 4288/6217/3794 4291/6215/3794
f 4286/6218/3794 4301/6219/3794 4292/6220/3794
f 4292/6220/3794 4332/6221/3794 4286/6218/3794
f 4329/6222/3794 4293/6205/3794 4336/6223/3794
f 4315/6224/3794 4296/6216/3794 4316/6225/3794
f 4315/6224/3794 4297/6226/3794 4298/6213/3794
f 4301/6219/3794 4285/6227/3794 4292/6220/3794
f 4328/6228/3794 4302/6229/3794 4320/6230/3794
f 4311/6231/3794 4306/6232/3794 4307/6233/3794
f 4312/6234/3794 4306/6232/3794 4313/6235/3794
f 4322/6236/3794 4310/6210/3794 4309/6212/3794
f 4307/6233/3794 4325/6237/3794 4317/6238/3794
f 4328/6228/3794 4303/6239/3794 4304/6240/3794
f 4305/6241/3794 4325/6237/3794 4306/6232/3794
f 4319/6242/3794 4310/6210/3794 4327/6243/3794
f 4300/6244/3794 4313/6235/3794 4301/6219/3794
f 4299/6245/3794 4313/6235/3794 4311/6231/3794
f 4304/6240/3794 4314/6246/3794 4315/6224/3794
f 4304/6240/3794 4316/6225/3794 4302/6229/3794
f 4320/6230/3794 4327/6243/3794 4328/6228/3794
f 4317/6238/3794 4326/6247/3794 4318/6248/3794
f 4321/6249/3794 4327/6243/3794 4322/6236/3794
f 4324/6250/3794 4326/6247/3794 4325/6237/3794
f 4310/6210/3794 4318/6248/3794 4326/6247/3794
f 4336/6223/3794 4334/6251/3794 4337/6252/3794
f 4337/6252/3794 4332/6221/3794 4335/6253/3794
f 4336/6223/3794 4331/6254/3794 4329/6222/3794
f 4337/6252/3794 4330/6255/3794 4331/6254/3794
f 4330/6255/3794 4292/6220/3794 4285/6227/3794
f 4303/6256/3795 4363/6257/3796 4350/6258/3797
f 4316/6259/3798 4345/6260/3799 4358/6261/3800
f 4323/6262/3801 4354/6263/3802 4309/6264/3803
f 4312/6265/3804 4351/6266/3805 4305/6267/3806
f 4330/6268/3807 4338/6269/3808 4368/6270/3807
f 4291/6271/3809 4345/6260/3799 4296/6272/3810
f 4305/6267/3806 4366/6273/3811 4324/6274/3812
f 4324/6274/3812 4365/6275/3813 4323/6262/3801
f 4314/6276/3814 4346/6277/3815 4297/6278/3815
f 4294/6279/3816 4340/6280/3817 4288/6281/3817
f 4299/6282/3818 4338/6269/3808 4285/6283/3808
f 4329/6284/3819 4375/6285/3820 4287/6286/3820
f 4333/6287/3821 4372/6288/3822 4334/6289/3823
f 4290/6290/3824 4341/6291/3825 4289/6292/3826
f 4308/6293/3827 4360/6294/3828 4318/6295/3829
f 4333/6287/3821 4374/6296/3830 4371/6297/3821
f 4319/6298/3831 4362/6299/3832 4361/6300/3833
f 4290/6290/3824 4346/6277/3815 4342/6301/3824
f 4307/6302/3834 4359/6303/3835 4352/6304/3834
f 4286/6305/3836 4370/6306/3837 4339/6307/3836
f 4299/6282/3818 4355/6308/3838 4347/6309/3818
f 4291/6271/3809 4340/6280/3817 4343/6310/3839
f 4307/6302/3834 4355/6308/3838 4311/6311/3838
f 4286/6305/3836 4348/6312/3840 4300/6313/3841
f 4318/6295/3829 4359/6303/3835 4317/6314/3842
f 4332/6315/3843 4372/6288/3822 4370/6306/3837
f 4300/6313/3841 4356/6316/3844 4312/6265/3804
f 4320/6317/3845 4349/6318/3846 4362/6299/3832
f 4331/6319/3847 4367/6320/3848 4329/6284/3819
f 4289/6292/3826 4344/6321/3849 4294/6322/3816
f 4319/6298/3831 4353/6323/3850 4308/6324/3827
f 4302/6325/3851 4358/6261/3800 4349/6318/3846
f 4322/6326/3852 4363/6257/3796 4321/6327/3853
f 4303/6256/3795 4357/6328/3854 4314/6276/3814
f 4322/6326/3852 4354/6329/3802 4364/6330/3855
f 4330/6268/3807 4369/6331/3847 4331/6319/3847
f 4388/6332/3856 4389/6333/3857 4376/6334/3857
f 4393/6335/3858 4379/6336/3859 4378/6337/3858
f 4395/6338/3860 4380/6339/3861 4379/6336/3859
f 4380/6339/3861 4399/6340/3862 4381/6341/3863
f 4381/6341/3863 4401/6342/3864 4382/6343/3865
f 4382/6343/3865 4403/6344/3866 4383/6345/3866
f 4403/6344/3866 4384/6346/3867 4383/6345/3866
f 4384/6346/3867 4407/6347/3868 4385/6348/3868
f 4407/6347/3868 4386/6349/3869 4385/6348/3868
f 4409/6350/3870 4375/6351/3871 4386/6349/3869
f 4374/6352/3872 4414/6353/3873 4387/6354/3873
f 4414/6353/3873 4388/6332/3856 4387/6354/3873
f 4389/6333/3857 4377/6355/3874 4376/6334/3857
f 4377/6355/3874 4393/6335/3858 4378/6337/3858
f 4416/6356/3794 4392/6357/3794 4390/6358/3794
f 4416/6356/3794 4417/6359/3794 4389/6360/3794
f 4391/6361/3794 4413/6362/3794 4393/6363/3794
f 4395/6364/3794 4413/6362/3794 4412/6365/3794
f 4397/6366/3794 4412/6365/3794 4411/6367/3794
f 4397/6366/3794 4410/6368/3794 4399/6369/3794
f 4401/6370/3794 4410/6368/3794 4408/6371/3794
f 4401/6370/3794 4406/6372/3794 4403/6373/3794
f 4403/6373/3794 4404/6374/3794 4405/6375/3794
f 4389/6360/3794 4415/6376/3794 4391/6361/3794
f 4405/6375/3794 4402/6377/3794 4407/6378/3794
f 4409/6379/3794 4402/6377/3794 4400/6380/3794
f 4409/6379/3794 4398/6381/3794 4287/6382/3794
f 4293/6205/3794 4398/6381/3794 4396/6383/3794
f 4373/6206/3794 4396/6383/3794 4394/6384/3794
f 4414/6385/3794 4394/6384/3794 4392/6357/3794
f 4333/6204/3794 4336/6223/3794 4293/6205/3794
f 4295/6207/3794 4290/6214/3794 4289/6208/3794
f 4310/6210/3794 4326/6247/3794 4323/6211/3794
f 4298/6213/3794 4297/6226/3794 4290/6214/3794
f 4298/6213/3794 4295/6207/3794 4291/6215/3794
f 4295/6207/3794 4294/6209/3794 4288/6217/3794
f 4286/6218/3794 4300/6244/3794 4301/6219/3794
f 4292/6220/3794 4335/6253/3794 4332/6221/3794
f 4329/6222/3794 4287/6382/3794 4293/6205/3794
f 4315/6224/3794 4298/6213/3794 4296/6216/3794
f 4315/6224/3794 4314/6246/3794 4297/6226/3794
f 4301/6219/3794 4299/6245/3794 4285/6227/3794
f 4328/6228/3794 4304/6240/3794 4302/6229/3794
f 4311/6231/3794 4313/6235/3794 4306/6232/3794
f 4312/6234/3794 4305/6241/3794 4306/6232/3794
f 4322/6236/3794 4327/6243/3794 4310/6210/3794
f 4307/6233/3794 4306/6232/3794 4325/6237/3794
f 4328/6228/3794 4321/6249/3794 4303/6239/3794
f 4305/6241/3794 4324/6250/3794 4325/6237/3794
f 4319/6242/3794 4308/6386/3794 4310/6210/3794
f 4300/6244/3794 4312/6234/3794 4313/6235/3794
f 4299/6245/3794 4301/6219/3794 4313/6235/3794
f 4304/6240/3794 4303/6239/3794 4314/6246/3794
f 4304/6240/3794 4315/6224/3794 4316/6225/3794
f 4320/6230/3794 4319/6242/3794 4327/6243/3794
f 4317/6238/3794 4325/6237/3794 4326/6247/3794
f 4321/6249/3794 4328/6228/3794 4327/6243/3794
f 4324/6250/3794 4323/6211/3794 4326/6247/3794
f 4310/6210/3794 4308/6386/3794 4318/6248/3794
f 4336/6223/3794 4333/6204/3794 4334/6251/3794
f 4337/6252/3794 4334/6251/3794 4332/6221/3794
f 4336/6223/3794 4337/6252/3794 4331/6254/3794
f 4337/6252/3794 4335/6253/3794 4330/6255/3794
f 4330/6255/3794 4335/6253/3794 4292/6220/3794
f 4303/6256/3795 4321/6327/3853 4363/6257/3796
f 4316/6259/3798 4296/6272/3810 4345/6260/3799
f 4323/6262/3801 4365/6275/3813 4354/6263/3802
f 4312/6265/3804 4356/6316/3844 4351/6266/3805
f 4330/6268/3807 4285/6283/3808 4338/6269/3808
f 4291/6271/3809 4343/6310/3839 4345/6260/3799
f 4305/6267/3806 4351/6266/3805 4366/6273/3811
f 4324/6274/3812 4366/6273/3811 4365/6275/3813
f 4314/6276/3814 4357/6328/3854 4346/6277/3815
f 4294/6279/3816 4344/6387/3849 4340/6280/3817
f 4299/6282/3818 4347/6309/3818 4338/6269/3808
f 4329/6284/3819 4367/6320/3848 4375/6285/3820
f 4333/6287/3821 4371/6297/3821 4372/6288/3822
f 4290/6290/3824 4342/6301/3824 4341/6291/3825
f 4308/6293/3827 4353/6388/3850 4360/6294/3828
f 4333/6287/3821 4373/6389/3830 4374/6296/3830
f 4319/6298/3831 4320/6317/3845 4362/6299/3832
f 4290/6290/3824 4297/6278/3815 4346/6277/3815
f 4307/6302/3834 4317/6314/3842 4359/6303/3835
f 4286/6305/3836 4332/6315/3843 4370/6306/3837
f 4299/6282/3818 4311/6311/3838 4355/6308/3838
f 4291/6271/3809 4288/6281/3817 4340/6280/3817
f 4307/6302/3834 4352/6304/3834 4355/6308/3838
f 4286/6305/3836 4339/6307/3836 4348/6312/3840
f 4318/6295/3829 4360/6294/3828 4359/6303/3835
f 4332/6315/3843 4334/6289/3823 4372/6288/3822
f 4300/6313/3841 4348/6312/3840 4356/6316/3844
f 4320/6317/3845 4302/6325/3851 4349/6318/3846
f 4331/6319/3847 4369/6331/3847 4367/6320/3848
f 4289/6292/3826 4341/6291/3825 4344/6321/3849
f 4319/6298/3831 4361/6300/3833 4353/6323/3850
f 4302/6325/3851 4316/6259/3798 4358/6261/3800
f 4322/6326/3852 4364/6330/3855 4363/6257/3796
f 4303/6256/3795 4350/6258/3797 4357/6328/3854
f 4322/6326/3852 4309/6390/3803 4354/6329/3802
f 4330/6268/3807 4368/6270/3807 4369/6331/3847
f 4388/6332/3856 4416/6391/3856 4389/6333/3857
f 4393/6335/3858 4395/6338/3860 4379/6336/3859
f 4395/6338/3860 4397/6392/3861 4380/6339/3861
f 4380/6339/3861 4397/6392/3861 4399/6340/3862
f 4381/6341/3863 4399/6340/3862 4401/6342/3864
f 4382/6343/3865 4401/6342/3864 4403/6344/3866
f 4403/6344/3866 4405/6393/3867 4384/6346/3867
f 4384/6346/3867 4405/6393/3867 4407/6347/3868
f 4407/6347/3868 4409/6350/3870 4386/6349/3869
f 4409/6350/3870 4287/6394/3871 4375/6351/3871
f 4374/6352/3872 4373/6395/3872 4414/6353/3873
f 4414/6353/3873 4416/6391/3856 4388/6332/3856
f 4389/6333/3857 4391/6396/3874 4377/6355/3874
f 4377/6355/3874 4391/6396/3874 4393/6335/3858
f 4416/6356/3794 4414/6385/3794 4392/6357/3794
f 4416/6356/3794 4390/6358/3794 4417/6359/3794
f 4391/6361/3794 4415/6376/3794 4413/6362/3794
f 4395/6364/3794 4393/6363/3794 4413/6362/3794
f 4397/6366/3794 4395/6364/3794 4412/6365/3794
f 4397/6366/3794 4411/6367/3794 4410/6368/3794
f 4401/6370/3794 4399/6369/3794 4410/6368/3794
f 4401/6370/3794 4408/6371/3794 4406/6372/3794
f 4403/6373/3794 4406/6372/3794 4404/6374/3794
f 4389/6360/3794 4417/6359/3794 4415/6376/3794
f 4405/6375/3794 4404/6374/3794 4402/6377/3794
f 4409/6379/3794 4407/6378/3794 4402/6377/3794
f 4409/6379/3794 4400/6380/3794 4398/6381/3794
f 4293/6205/3794 4287/6382/3794 4398/6381/3794
f 4373/6206/3794 4293/6205/3794 4396/6383/3794
f 4414/6385/3794 4373/6206/3794 4394/6384/3794
o alarm_clock_01_minute_hand
v -0.013163 0.071438 0.024895
v -0.012475 0.072660 0.024895
v -0.004319 0.065418 0.024895
v -0.002684 0.068319 0.024895
v -0.046447 0.090469 0.024895
v -0.045988 0.091284 0.024895
v -0.030984 0.079560 0.024895
v -0.028649 0.083702 0.024895
v -0.044024 0.090240 0.024895
v -0.044538 0.089330 0.024895
v -0.012819 0.072049 0.024895
v -0.003790 0.067031 0.024895
v -0.046479 0.091024 0.024895
v -0.029816 0.081631 0.024895
v -0.044281 0.089785 0.024895
v -0.038490 0.085454 0.024895
v -0.037578 0.087072 0.024895
v -0.038034 0.086263 0.024895
v -0.022096 0.076002 0.024895
v -0.021003 0.077940 0.024895
v -0.021550 0.076971 0.024895
v -0.034656 0.082651 0.024895
v -0.033194 0.085243 0.024895
v -0.033925 0.083947 0.024895
v -0.024927 0.080642 0.024895
v -0.025683 0.079301 0.024895
v -0.026439 0.077960 0.024895
v -0.039562 0.087984 0.024895
v -0.039929 0.087332 0.024895
v -0.040297 0.086680 0.024895
v -0.013163 0.071438 0.024292
v -0.012475 0.072660 0.024292
v -0.002684 0.068319 0.024292
v -0.004319 0.065418 0.024292
v -0.046479 0.091024 0.024292
v -0.046447 0.090469 0.024292
v -0.022096 0.076002 0.024292
v -0.044024 0.090240 0.024292
v -0.045988 0.091284 0.024292
v -0.034656 0.082651 0.024292
v -0.030984 0.079560 0.024292
v -0.024927 0.080642 0.024292
v -0.028649 0.083702 0.024292
v -0.039562 0.087984 0.024292
v -0.044538 0.089330 0.024292
v -0.040297 0.086680 0.024292
v -0.038490 0.085454 0.024292
v -0.033194 0.085243 0.024292
v -0.037578 0.087072 0.024292
v -0.026439 0.077960 0.024292
v -0.021003 0.077940 0.024292
v -0.005828 0.067029 0.024895
v -0.006402 0.067476 0.024895
v -0.004890 0.068694 0.024895
v -0.005580 0.068935 0.024895
v -0.005357 0.067863 0.024895
v -0.005992 0.068211 0.024895
v -0.005828 0.067029 0.024292
v -0.006402 0.067476 0.024292
v -0.004891 0.068695 0.024292
v -0.005581 0.068935 0.024292
v 0.002137 0.068685 0.024292
v 0.003424 0.067579 0.024292
v 0.004191 0.066064 0.024292
v 0.004319 0.064371 0.024292
v 0.003790 0.062758 0.024292
v 0.002684 0.061470 0.024292
v 0.001169 0.060704 0.024292
v -0.000524 0.060575 0.024292
v -0.002137 0.061104 0.024292
v -0.003424 0.062210 0.024292
v -0.004191 0.063725 0.024292
v -0.001169 0.069085 0.024292
v 0.000524 0.069214 0.024292
v 0.002137 0.068685 0.024895
v 0.000301 0.067376 0.024895
v 0.003424 0.067579 0.024895
v -0.000672 0.067303 0.024895
v 0.004191 0.066064 0.024895
v -0.001542 0.066862 0.024895
v 0.004319 0.064371 0.024895
v -0.002178 0.066122 0.024895
v 0.003790 0.062758 0.024895
v -0.002482 0.065195 0.024895
v 0.002684 0.061470 0.024895
v -0.002408 0.064223 0.024895
v 0.001169 0.060704 0.024895
v -0.001968 0.063352 0.024895
v -0.000524 0.060575 0.024895
v -0.001228 0.062716 0.024895
v -0.002137 0.061104 0.024895
v -0.000301 0.062412 0.024895
v -0.003424 0.062210 0.024895
v 0.000672 0.062486 0.024895
v -0.004191 0.063725 0.024895
v 0.001542 0.062927 0.024895
v 0.002178 0.063667 0.024895
v 0.002482 0.064594 0.024895
v 0.002408 0.065566 0.024895
v -0.001169 0.069085 0.024895
v 0.001968 0.066437 0.024895
v 0.000524 0.069214 0.024895
v 0.001228 0.067072 0.024895
vn -0.4860 -0.8740 -0.0000
vn -0.5106 -0.8598 -0.0000
vn -0.5233 -0.8522 -0.0001
vn -0.0000 -0.0000 1.0000
vn 0.1678 0.9858 -0.0000
vn 0.1907 0.9816 -0.0000
vn -0.7146 -0.6995 -0.0000
vn -0.7299 -0.6835 -0.0000
vn -0.5446 -0.8387 -0.0000
vn -0.5762 -0.8173 -0.0000
vn -0.5356 -0.8445 -0.0000
vn 0.5465 0.8374 -0.0000
vn 0.6017 0.7987 -0.0000
vn 0.6019 0.7985 -0.0000
vn 0.4452 0.8954 -0.0000
vn 0.4568 0.8896 -0.0000
vn 0.4356 0.9001 -0.0000
vn 0.3638 0.9315 -0.0000
vn 0.3912 0.9203 -0.0000
vn 0.3424 0.9395 -0.0000
vn -0.5927 -0.8054 -0.0000
vn -0.5218 -0.8531 -0.0000
vn -0.8552 -0.5184 -0.0000
vn -0.4421 -0.8969 -0.0000
vn -0.3585 -0.9335 -0.0000
vn -0.5477 -0.8367 -0.0000
vn -0.8711 0.4911 -0.0000
vn -0.5848 -0.8112 -0.0000
vn -0.6086 -0.7935 -0.0000
vn -0.4409 -0.8976 -0.0000
vn -0.4693 -0.8830 -0.0000
vn 0.4323 0.9017 -0.0000
vn 0.5385 0.8426 -0.0000
vn 0.4691 0.8832 -0.0001
vn 0.5042 0.8636 -0.0000
vn 0.4531 0.8915 -0.0001
vn 0.3041 0.9526 -0.0000
vn 0.0008 1.0000 -0.0000
vn -0.3848 -0.9230 -0.0000
vn 0.4009 0.9161 -0.0000
vn -0.6266 -0.7794 -0.0000
vn 0.5343 0.8453 -0.0000
vn -0.5268 -0.8500 -0.0000
vn 0.2321 0.9727 -0.0001
vn -0.6860 -0.7276 -0.0000
vn 0.1857 0.9826 -0.0000
vn 0.4324 0.9017 -0.0000
vn 0.0544 0.9985 -0.0000
vn 0.9632 0.2687 -0.0000
vn 0.9927 -0.1203 -0.0000
vn 0.8711 -0.4911 -0.0000
vn 0.6169 -0.7871 -0.0000
vn 0.3319 -0.9433 -0.0000
vn 0.2044 -0.9789 -0.0000
vn -0.0544 -0.9985 -0.0000
vn -0.1857 -0.9826 -0.0000
vn -0.4324 -0.9017 -0.0000
vn -0.5476 -0.8367 -0.0000
vn -0.7445 -0.6676 -0.0000
vn -0.8261 -0.5635 -0.0000
vn -0.9433 -0.3319 -0.0000
vn -0.9789 -0.2044 -0.0000
vn -0.9971 -0.0757 -0.0000
vn -0.4515 0.8923 -0.0000
vn -0.3319 0.9433 -0.0000
vn -0.2044 0.9789 -0.0000
vn 0.5476 0.8367 -0.0000
vn 0.7445 0.6676 -0.0000
vn 0.8261 0.5635 -0.0000
vt 0.782834 0.849450
vt 0.781271 0.829119
vt 0.782834 0.829119
vt 0.813316 0.536755
vt 0.810962 0.532148
vt 0.815283 0.531293
vt 0.810684 0.652649
vt 0.811892 0.658418
vt 0.810678 0.659196
vt 0.814731 0.597263
vt 0.810726 0.609569
vt 0.810737 0.597259
vt 0.810697 0.639689
vt 0.812041 0.652651
vt 0.809328 0.652648
vt 0.808754 0.639687
vt 0.806743 0.597255
vt 0.804557 0.609563
vt 0.809465 0.658416
vt 0.812593 0.558948
vt 0.810749 0.584949
vt 0.810774 0.558946
vt 0.677978 0.821499
vt 0.676415 0.827305
vt 0.676415 0.821499
vt 0.782834 0.827231
vt 0.781271 0.821504
vt 0.782834 0.821504
vt 0.810714 0.621806
vt 0.808293 0.634041
vt 0.806853 0.621803
vt 0.813111 0.634046
vt 0.810702 0.634043
vt 0.808955 0.558945
vt 0.814574 0.621810
vt 0.807862 0.584946
vt 0.813636 0.584952
vt 0.812639 0.639691
vt 0.781271 0.930775
vt 0.782834 0.925110
vt 0.782834 0.930775
vt 0.676415 0.875556
vt 0.677978 0.887915
vt 0.676415 0.887915
vt 0.810817 0.538628
vt 0.808634 0.538616
vt 0.677978 0.930857
vt 0.676415 0.943830
vt 0.676415 0.930857
vt 0.677978 0.912869
vt 0.676415 0.925191
vt 0.676415 0.912869
vt 0.808357 0.536748
vt 0.810842 0.536750
vt 0.781271 0.949517
vt 0.782834 0.943748
vt 0.782834 0.949517
vt 0.781271 0.900335
vt 0.782834 0.887834
vt 0.782834 0.900335
vt 0.781271 0.950959
vt 0.782834 0.950959
vt 0.781271 0.925110
vt 0.782834 0.912787
vt 0.782834 0.875474
vt 0.781271 0.849450
vt 0.677978 0.900416
vt 0.676415 0.900416
vt 0.677978 0.829201
vt 0.676415 0.849531
vt 0.676415 0.829201
vt 0.677978 0.949599
vt 0.676415 0.949599
vt 0.781271 0.887834
vt 0.677978 0.925191
vt 0.781271 0.912787
vt 0.677978 0.875556
vt 0.676415 0.951041
vt 0.781271 0.943748
vt 0.812977 0.538621
vt 0.677978 0.827307
vt 0.781271 0.827232
vt 0.195885 0.576305
vt 0.194323 0.580710
vt 0.194323 0.576305
vt 0.194323 0.589519
vt 0.195885 0.593924
vt 0.194323 0.593924
vt 0.194323 0.598328
vt 0.195885 0.602732
vt 0.194323 0.602732
vt 0.194323 0.607137
vt 0.195885 0.607137
vt 0.194323 0.611542
vt 0.195885 0.611542
vt 0.194323 0.615946
vt 0.195885 0.615946
vt 0.194323 0.620350
vt 0.195885 0.620350
vt 0.194323 0.624755
vt 0.195885 0.624755
vt 0.194323 0.629159
vt 0.195885 0.567496
vt 0.194323 0.571901
vt 0.194323 0.567496
vt 0.195885 0.571901
vt 0.195885 0.580710
vt 0.194323 0.585114
vt 0.195885 0.585114
vt 0.821398 0.525190
vt 0.815555 0.525451
vt 0.816963 0.523348
vt 0.817459 0.520866
vt 0.822261 0.520870
vt 0.818962 0.512885
vt 0.816968 0.518383
vt 0.815564 0.516277
vt 0.813461 0.514869
vt 0.815303 0.510435
vt 0.810984 0.509571
vt 0.810979 0.514373
vt 0.806663 0.510426
vt 0.808496 0.514865
vt 0.806390 0.516269
vt 0.802998 0.512870
vt 0.804982 0.518371
vt 0.800548 0.516530
vt 0.804486 0.520853
vt 0.799684 0.520849
vt 0.821406 0.516550
vt 0.804977 0.523336
vt 0.800539 0.525170
vt 0.802983 0.528834
vt 0.806382 0.525442
vt 0.808485 0.526850
vt 0.806643 0.531285
vt 0.810966 0.527346
vt 0.813449 0.526855
vt 0.818947 0.528849
vt 0.816894 0.609575
vt 0.677978 0.943830
vt 0.781271 0.875474
vt 0.677978 0.849531
vt 0.677978 0.951041
vt 0.195885 0.589519
vt 0.195885 0.598328
vt 0.195885 0.629159
s 1
usemtl alarm_clock_01
f 4418/6397/3875 4476/6398/3876 4470/6399/3877
f 4471/6400/3878 4429/6401/3878 4421/6402/3878
f 4432/6403/3878 4423/6404/3878 4430/6405/3878
f 4442/6406/3878 4431/6407/3878 4443/6408/3878
f 4446/6409/3878 4426/6410/3878 4432/6403/3878
f 4446/6409/3878 4427/6411/3878 4447/6412/3878
f 4444/6413/3878 4431/6407/3878 4424/6414/3878
f 4432/6403/3878 4422/6415/3878 4427/6411/3878
f 4419/6416/3878 4438/6417/3878 4428/6418/3878
f 4450/6419/3879 4471/6420/3880 4421/6421/3879
f 4469/6422/3881 4451/6423/3882 4420/6424/3882
f 4441/6425/3878 4433/6426/3878 4439/6427/3878
f 4441/6425/3878 4434/6428/3878 4435/6429/3878
f 4438/6417/3878 4418/6430/3878 4428/6418/3878
f 4431/6407/3878 4440/6431/3878 4441/6425/3878
f 4431/6407/3878 4439/6427/3878 4424/6414/3878
f 4436/6432/3878 4443/6408/3878 4444/6413/3878
f 4437/6433/3878 4443/6408/3878 4438/6417/3878
f 4435/6429/3878 4447/6412/3878 4433/6426/3878
f 4435/6429/3878 4445/6434/3878 4446/6409/3878
f 4463/6435/3883 4433/6436/3884 4447/6437/3885
f 4437/6438/3886 4459/6439/3887 4442/6440/3888
f 4474/6441/3878 4418/6430/3878 4470/6442/3878
f 4461/6443/3889 4426/6444/3890 4445/6445/3891
f 4465/6446/3892 4434/6447/3893 4440/6448/3894
f 4469/6449/3878 4429/6401/3878 4473/6450/3878
f 4453/6451/3895 4427/6452/3896 4422/6453/3897
f 4458/6454/3898 4444/6455/3899 4424/6456/3900
f 4452/6457/3901 4422/6453/3897 4430/6458/3901
f 4464/6459/3902 4439/6460/3903 4433/6436/3884
f 4436/6461/3904 4448/6462/3905 4418/6397/3875
f 4460/6463/3906 4440/6448/3894 4425/6464/3907
f 4478/6465/3908 4419/6466/3909 4472/6467/3910
f 4426/6444/3890 4456/6468/3911 4423/6469/3912
f 4467/6470/3913 4436/6461/3904 4444/6455/3899
f 4466/6471/3914 4445/6445/3891 4434/6447/3893
f 4457/6472/3915 4424/6456/3900 4439/6460/3903
f 4419/6466/3909 4468/6473/3916 4437/6438/3886
f 4459/6439/3887 4425/6464/3907 4442/6440/3888
f 4456/6468/3911 4430/6474/3901 4423/6469/3912
f 4462/6475/3917 4447/6437/3885 4427/6452/3896
f 4473/6450/3878 4472/6476/3878 4474/6441/3878
f 4470/6442/3878 4473/6450/3878 4474/6441/3878
f 4472/6467/3910 4477/6477/3918 4478/6465/3908
f 4475/6478/3919 4470/6399/3877 4476/6398/3876
f 4419/6416/3878 4474/6441/3878 4472/6476/3878
f 4519/6479/3920 4479/6480/3921 4491/6481/3922
f 4481/6482/3923 4498/6483/3924 4482/6484/3924
f 4498/6483/3924 4483/6485/3925 4482/6484/3924
f 4483/6485/3925 4502/6486/3926 4484/6487/3926
f 4502/6486/3926 4485/6488/3927 4484/6487/3926
f 4504/6489/3928 4486/6490/3929 4485/6488/3927
f 4506/6491/3930 4487/6492/3931 4486/6490/3929
f 4508/6493/3932 4488/6494/3933 4487/6492/3931
f 4510/6495/3934 4489/6496/3935 4488/6494/3933
f 4512/6497/3936 4451/6498/3937 4489/6496/3935
f 4421/6499/3938 4490/6500/3939 4450/6501/3938
f 4517/6502/3940 4491/6481/3922 4490/6500/3939
f 4492/6503/3941 4480/6504/3942 4479/6480/3921
f 4494/6505/3943 4481/6482/3923 4480/6504/3942
f 4519/6506/3878 4495/6507/3878 4493/6508/3878
f 4519/6506/3878 4520/6509/3878 4492/6510/3878
f 4496/6511/3878 4518/6512/3878 4516/6513/3878
f 4496/6511/3878 4515/6514/3878 4498/6515/3878
f 4500/6516/3878 4515/6514/3878 4514/6517/3878
f 4502/6518/3878 4514/6517/3878 4513/6519/3878
f 4502/6518/3878 4511/6520/3878 4504/6521/3878
f 4504/6521/3878 4509/6522/3878 4506/6523/3878
f 4506/6523/3878 4507/6524/3878 4508/6525/3878
f 4494/6526/3878 4520/6509/3878 4518/6512/3878
f 4508/6525/3878 4505/6527/3878 4510/6528/3878
f 4512/6529/3878 4505/6527/3878 4503/6530/3878
f 4512/6529/3878 4501/6531/3878 4420/6532/3878
f 4429/6401/3878 4501/6531/3878 4499/6533/3878
f 4421/6402/3878 4499/6533/3878 4497/6534/3878
f 4421/6402/3878 4495/6507/3878 4517/6535/3878
f 4418/6397/3875 4448/6462/3905 4476/6398/3876
f 4471/6400/3878 4473/6450/3878 4429/6401/3878
f 4432/6403/3878 4426/6410/3878 4423/6404/3878
f 4442/6406/3878 4425/6536/3878 4431/6407/3878
f 4446/6409/3878 4445/6434/3878 4426/6410/3878
f 4446/6409/3878 4432/6403/3878 4427/6411/3878
f 4444/6413/3878 4443/6408/3878 4431/6407/3878
f 4432/6403/3878 4430/6405/3878 4422/6415/3878
f 4419/6416/3878 4437/6433/3878 4438/6417/3878
f 4450/6419/3879 4477/6477/3918 4471/6420/3880
f 4469/6422/3881 4475/6478/3919 4451/6423/3882
f 4441/6425/3878 4435/6429/3878 4433/6426/3878
f 4441/6425/3878 4440/6431/3878 4434/6428/3878
f 4438/6417/3878 4436/6432/3878 4418/6430/3878
f 4431/6407/3878 4425/6536/3878 4440/6431/3878
f 4431/6407/3878 4441/6425/3878 4439/6427/3878
f 4436/6432/3878 4438/6417/3878 4443/6408/3878
f 4437/6433/3878 4442/6406/3878 4443/6408/3878
f 4435/6429/3878 4446/6409/3878 4447/6412/3878
f 4435/6429/3878 4434/6428/3878 4445/6434/3878
f 4463/6435/3883 4464/6459/3902 4433/6436/3884
f 4437/6438/3886 4468/6473/3916 4459/6439/3887
f 4474/6441/3878 4428/6418/3878 4418/6430/3878
f 4461/6443/3889 4455/6537/3890 4426/6444/3890
f 4465/6446/3892 4466/6471/3914 4434/6447/3893
f 4469/6449/3878 4420/6532/3878 4429/6401/3878
f 4453/6451/3895 4462/6475/3917 4427/6452/3896
f 4458/6454/3898 4467/6470/3913 4444/6455/3899
f 4452/6457/3901 4453/6451/3895 4422/6453/3897
f 4464/6459/3902 4457/6472/3915 4439/6460/3903
f 4436/6461/3904 4454/6538/3904 4448/6462/3905
f 4460/6463/3906 4465/6446/3892 4440/6448/3894
f 4478/6465/3908 4449/6539/3909 4419/6466/3909
f 4426/6444/3890 4455/6537/3890 4456/6468/3911
f 4467/6470/3913 4454/6538/3904 4436/6461/3904
f 4466/6471/3914 4461/6443/3889 4445/6445/3891
f 4457/6472/3915 4458/6454/3898 4424/6456/3900
f 4419/6466/3909 4449/6539/3909 4468/6473/3916
f 4459/6439/3887 4460/6463/3906 4425/6464/3907
f 4456/6468/3911 4452/6540/3901 4430/6474/3901
f 4462/6475/3917 4463/6435/3883 4447/6437/3885
f 4473/6450/3878 4471/6400/3878 4472/6476/3878
f 4470/6442/3878 4469/6449/3878 4473/6450/3878
f 4472/6467/3910 4471/6420/3880 4477/6477/3918
f 4475/6478/3919 4469/6422/3881 4470/6399/3877
f 4419/6416/3878 4428/6418/3878 4474/6441/3878
f 4519/6479/3920 4492/6503/3941 4479/6480/3921
f 4481/6482/3923 4496/6541/3923 4498/6483/3924
f 4498/6483/3924 4500/6542/3925 4483/6485/3925
f 4483/6485/3925 4500/6542/3925 4502/6486/3926
f 4502/6486/3926 4504/6489/3928 4485/6488/3927
f 4504/6489/3928 4506/6491/3930 4486/6490/3929
f 4506/6491/3930 4508/6493/3932 4487/6492/3931
f 4508/6493/3932 4510/6495/3934 4488/6494/3933
f 4510/6495/3934 4512/6497/3936 4489/6496/3935
f 4512/6497/3936 4420/6543/3937 4451/6498/3937
f 4421/6499/3938 4517/6502/3940 4490/6500/3939
f 4517/6502/3940 4519/6479/3920 4491/6481/3922
f 4492/6503/3941 4494/6505/3943 4480/6504/3942
f 4494/6505/3943 4496/6541/3923 4481/6482/3923
f 4519/6506/3878 4517/6535/3878 4495/6507/3878
f 4519/6506/3878 4493/6508/3878 4520/6509/3878
f 4496/6511/3878 4494/6526/3878 4518/6512/3878
f 4496/6511/3878 4516/6513/3878 4515/6514/3878
f 4500/6516/3878 4498/6515/3878 4515/6514/3878
f 4502/6518/3878 4500/6516/3878 4514/6517/3878
f 4502/6518/3878 4513/6519/3878 4511/6520/3878
f 4504/6521/3878 4511/6520/3878 4509/6522/3878
f 4506/6523/3878 4509/6522/3878 4507/6524/3878
f 4494/6526/3878 4492/6510/3878 4520/6509/3878
f 4508/6525/3878 4507/6524/3878 4505/6527/3878
f 4512/6529/3878 4510/6528/3878 4505/6527/3878
f 4512/6529/3878 4503/6530/3878 4501/6531/3878
f 4429/6401/3878 4420/6532/3878 4501/6531/3878
f 4421/6402/3878 4429/6401/3878 4499/6533/3878
f 4421/6402/3878 4497/6534/3878 4495/6507/3878
o alarm_clock_01_second_hand
v 0.019809 0.114077 0.024068
v 0.020533 0.113779 0.024068
v 0.020533 0.113779 0.024226
v 0.019809 0.114077 0.024226
v 0.000891 0.068089 0.024068
v 0.000891 0.068089 0.024226
v 0.001615 0.067791 0.024068
v 0.001615 0.067791 0.024226
v 0.003374 0.064903 0.024226
v 0.001996 0.065727 0.024226
v 0.003374 0.064903 0.024068
v 0.001526 0.066428 0.024226
v 0.000823 0.066895 0.024226
v 0.003114 0.066193 0.024068
v -0.000005 0.067057 0.024226
v -0.000833 0.066891 0.024226
v 0.002380 0.067286 0.024068
v -0.001533 0.066420 0.024226
v -0.002000 0.065717 0.024226
v -0.002163 0.064889 0.024226
v -0.001996 0.064062 0.024226
v -0.000008 0.068268 0.024068
v -0.001526 0.063361 0.024226
v -0.000823 0.062894 0.024226
v -0.001299 0.068008 0.024068
v 0.000005 0.062731 0.024226
v 0.000833 0.062898 0.024226
v -0.002391 0.067274 0.024068
v 0.001533 0.063369 0.024226
v 0.002000 0.064072 0.024226
v -0.003120 0.066178 0.024068
v 0.002163 0.064900 0.024226
v 0.003120 0.063611 0.024226
v -0.003374 0.064886 0.024068
v 0.002391 0.062515 0.024226
v 0.001299 0.061781 0.024226
v -0.003114 0.063596 0.024068
v 0.000008 0.061521 0.024226
v -0.001283 0.061775 0.024226
v -0.002380 0.062503 0.024068
v -0.002380 0.062503 0.024226
v -0.003114 0.063596 0.024226
v -0.001283 0.061775 0.024068
v -0.003374 0.064886 0.024226
v -0.003120 0.066178 0.024226
v 0.000008 0.061521 0.024068
v -0.002391 0.067274 0.024226
v -0.001299 0.068008 0.024226
v 0.001299 0.061781 0.024068
v -0.000008 0.068268 0.024226
v 0.002391 0.062515 0.024068
v 0.002380 0.067286 0.024226
v 0.003114 0.066193 0.024226
v 0.003120 0.063611 0.024068
vn -0.9248 0.3804 -0.0000
vn -0.0000 -0.0000 1.0000
vn 0.9248 -0.3804 -0.0000
vn -0.3804 -0.9248 -0.0000
vn -0.7054 -0.7088 -0.0000
vn 0.1952 0.9808 -0.0000
vn -0.0012 1.0000 -0.0000
vn -0.9229 -0.3849 -0.0000
vn 0.7045 0.7097 -0.0000
vn 0.9229 0.3849 -0.0000
vn -1.0000 -0.0024 -0.0000
vn 1.0000 0.0024 -0.0000
vn 0.7088 -0.7054 -0.0000
vn -0.7088 0.7054 -0.0000
vn 0.3849 -0.9229 -0.0000
vn -0.3849 0.9229 -0.0000
vn 0.0024 -1.0000 -0.0000
vn 0.5514 0.8342 -0.0000
vn 0.3804 0.9248 -0.0000
vt 0.685392 0.954473
vt 0.684982 0.825501
vt 0.685392 0.825501
vt 0.939017 0.741496
vt 0.936970 0.870504
vt 0.936986 0.741495
vt 0.939001 0.870504
vt 0.937985 0.873437
vt 0.772704 0.825501
vt 0.773114 0.954460
vt 0.772703 0.954460
vt 0.931796 0.872859
vt 0.932800 0.876900
vt 0.929899 0.875698
vt 0.941333 0.887135
vt 0.937984 0.884660
vt 0.940131 0.884233
vt 0.946071 0.875700
vt 0.941953 0.875081
vt 0.944174 0.872860
vt 0.937983 0.887801
vt 0.935836 0.884233
vt 0.943596 0.879049
vt 0.943169 0.876902
vt 0.935838 0.873863
vt 0.934017 0.875080
vt 0.934634 0.887134
vt 0.934016 0.883016
vt 0.946737 0.879050
vt 0.943169 0.881196
vt 0.929898 0.882397
vt 0.931795 0.885236
vt 0.944173 0.885238
vt 0.946070 0.882398
vt 0.929232 0.879047
vt 0.932800 0.881195
vt 0.941952 0.883017
vt 0.941335 0.870963
vt 0.940133 0.873864
vt 0.932373 0.879048
vt 0.704320 0.511782
vt 0.703909 0.508367
vt 0.704320 0.508367
vt 0.703910 0.485497
vt 0.704320 0.487876
vt 0.703910 0.487876
vt 0.703910 0.504952
vt 0.704320 0.504952
vt 0.704320 0.535689
vt 0.703910 0.532274
vt 0.704320 0.532274
vt 0.703910 0.501537
vt 0.704320 0.501537
vt 0.703910 0.528858
vt 0.704320 0.528858
vt 0.703910 0.498121
vt 0.704320 0.498121
vt 0.704320 0.525443
vt 0.703910 0.522028
vt 0.704320 0.522028
vt 0.703910 0.525443
vt 0.703910 0.494706
vt 0.704320 0.494706
vt 0.703910 0.518613
vt 0.704320 0.518613
vt 0.703910 0.491291
vt 0.704320 0.491291
vt 0.703909 0.515198
vt 0.704320 0.515198
vt 0.703909 0.511782
vt 0.703910 0.538067
vt 0.704320 0.538067
vt 0.934636 0.870962
vt 0.005535 0.003499
vt 0.003504 0.003909
vt 0.003504 0.003499
vt 0.684982 0.954473
vt 0.773114 0.825501
vt 0.704320 0.485497
vt 0.703910 0.535689
vt 0.005535 0.003909
s 1
usemtl alarm_clock_01
f 4525/6544/3944 4524/6545/3944 4521/6546/3944
f 4524/6547/3945 4528/6548/3945 4523/6549/3945
f 4526/6550/3945 4533/6551/3945 4528/6548/3945
f 4522/6552/3946 4528/6553/3946 4527/6554/3946
f 4573/6555/3945 4552/6556/3945 4529/6557/3945
f 4561/6558/3945 4544/6559/3945 4543/6560/3945
f 4567/6561/3945 4536/6562/3945 4568/6563/3945
f 4559/6564/3945 4546/6565/3945 4544/6559/3945
f 4567/6561/3945 4539/6566/3945 4538/6567/3945
f 4573/6555/3945 4532/6568/3945 4530/6569/3945
f 4558/6570/3945 4547/6571/3945 4546/6565/3945
f 4565/6572/3945 4540/6573/3945 4539/6566/3945
f 4555/6574/3945 4547/6571/3945 4556/6575/3945
f 4562/6576/3945 4540/6573/3945 4564/6577/3945
f 4553/6578/3945 4549/6579/3945 4555/6574/3945
f 4562/6576/3945 4543/6560/3945 4541/6580/3945
f 4570/6581/3945 4536/6562/3945 4535/6582/3945
f 4529/6557/3945 4550/6583/3945 4553/6578/3945
f 4563/6584/3947 4561/6585/3948 4560/6586/3948
f 4526/6587/3949 4542/6588/3950 4570/6589/3950
f 4560/6586/3948 4562/6590/3951 4557/6591/3951
f 4537/6592/3952 4573/6593/3953 4534/6594/3953
f 4557/6591/3951 4564/6595/3954 4554/6596/3954
f 4534/6594/3953 4529/6597/3955 4531/6598/3955
f 4554/6596/3954 4565/6599/3944 4551/6600/3944
f 4574/6601/3946 4555/6602/3956 4571/6603/3956
f 4531/6598/3955 4553/6604/3946 4574/6601/3946
f 4551/6600/3944 4567/6605/3957 4548/6606/3957
f 4571/6603/3956 4556/6607/3958 4569/6608/3958
f 4548/6606/3957 4568/6609/3959 4545/6610/3959
f 4569/6608/3958 4558/6611/3960 4566/6612/3960
f 4545/6610/3959 4570/6589/3950 4542/6588/3950
f 4566/6612/3960 4559/6613/3947 4563/6584/3947
f 4528/6614/3961 4537/6592/3952 4527/6615/3961
f 4535/6582/3945 4526/6550/3945 4570/6581/3945
f 4528/6548/3945 4532/6568/3945 4572/6616/3945
f 4521/6617/3962 4523/6618/3962 4522/6619/3962
f 4525/6544/3944 4526/6620/3944 4524/6545/3944
f 4524/6547/3945 4526/6550/3945 4528/6548/3945
f 4522/6552/3946 4523/6621/3946 4528/6553/3946
f 4573/6555/3945 4530/6569/3945 4552/6556/3945
f 4561/6558/3945 4559/6564/3945 4544/6559/3945
f 4567/6561/3945 4538/6567/3945 4536/6562/3945
f 4559/6564/3945 4558/6570/3945 4546/6565/3945
f 4567/6561/3945 4565/6572/3945 4539/6566/3945
f 4573/6555/3945 4572/6616/3945 4532/6568/3945
f 4558/6570/3945 4556/6575/3945 4547/6571/3945
f 4565/6572/3945 4564/6577/3945 4540/6573/3945
f 4555/6574/3945 4549/6579/3945 4547/6571/3945
f 4562/6576/3945 4541/6580/3945 4540/6573/3945
f 4553/6578/3945 4550/6583/3945 4549/6579/3945
f 4562/6576/3945 4561/6558/3945 4543/6560/3945
f 4570/6581/3945 4568/6563/3945 4536/6562/3945
f 4529/6557/3945 4552/6556/3945 4550/6583/3945
f 4563/6584/3947 4559/6613/3947 4561/6585/3948
f 4526/6587/3949 4525/6622/3949 4542/6588/3950
f 4560/6586/3948 4561/6585/3948 4562/6590/3951
f 4537/6592/3952 4572/6623/3952 4573/6593/3953
f 4557/6591/3951 4562/6590/3951 4564/6595/3954
f 4534/6594/3953 4573/6593/3953 4529/6597/3955
f 4554/6596/3954 4564/6595/3954 4565/6599/3944
f 4574/6601/3946 4553/6604/3946 4555/6602/3956
f 4531/6598/3955 4529/6597/3955 4553/6604/3946
f 4551/6600/3944 4565/6599/3944 4567/6605/3957
f 4571/6603/3956 4555/6602/3956 4556/6607/3958
f 4548/6606/3957 4567/6605/3957 4568/6609/3959
f 4569/6608/3958 4556/6607/3958 4558/6611/3960
f 4545/6610/3959 4568/6609/3959 4570/6589/3950
f 4566/6612/3960 4558/6611/3960 4559/6613/3947
f 4528/6614/3961 4572/6623/3952 4537/6592/3952
f 4535/6582/3945 4533/6551/3945 4526/6550/3945
f 4528/6548/3945 4533/6551/3945 4532/6568/3945
f 4521/6617/3962 4524/6624/3962 4523/6618/3962
